id,title,body,date,team,summary
0,Souness tips two Liverpool stars to leave as he predicts Slot’s ‘demeanour will change’,"Graeme Souness would not be surprised to see both Mohamed Salah and Trent Alexander-Arnold leave Liverpool in the summer.The Reds have made an amazing start to life under new manager Arne Slot after the Dutchman succeeded Jurgen Klopp as manager over the summer.Liverpool have started the season with six wins and one loss from their opening seven matches, putting them top of the Premier League, one point ahead of Manchester City and Arsenal.Despite the fantastic start to the new Premier League campaign, there are still questions hanging over Liverpool about three of their top stars.Salah, Alexander-Arnold and captain Virgil van Dijk are all out of contract at the end of the season and no sign that any of the trio are making concrete progress on committing their future to the Reds.And now Liverpool legend Souness reckons Van Dijk is the most likely to stay out of the Reds trio with the former midfielder edging towards Salah and Alexander-Arnold leaving.Souness told the Daily Mail: “One of the most fascinating football prospects just up ahead is the challenging run of fixtures that my old club Liverpool are about to face. Chelsea, Arsenal, Brighton, Aston Villa and Manchester City in the space of six weeks.“In Arne Slot, they have a manager who for me has been a 10 out of 10, in the way he is building relationships with the players and handles the press.“The concern for Liverpool’s fans is that three players who really have proven themselves over time – Trent Alexander-Arnold, Mo Salah and Virgil van Dijk – are out of contract this summer. It’s barely two months until Christmas and in January they can talk to other clubs.“I can assure you Liverpool will have been talking to their representatives and by now will know what those guys are going to do, going forward.“I imagine the three of them will have made their minds up on what their plans are after this season.“Trent seems to have a relationship with Bellingham at Real Madrid. Would it surprise me if he ends up going there? No.“Would it surprise me if Virgil stayed? No. He is the one of the three I think is most likely to remain because at this moment in time, where is he going to go to get more money and a bigger football club?“He is an absolute Rolls Royce who looks like he is playing without even getting into fourth gear.“Would it surprise me if Salah stayed? Slightly. Because I think there would be huge appeal to him, as an Egyptian and a Muslim, in earning astronomical money for the next three or four years in Saudi Arabia, the cradle of Islam and a country which has a maritime border with his own.“The team are now going to get tested, mentally and physically. So, let’s see how they cope.“Let’s see how Arne deals with a few losses and how his demeanour will change – because I guarantee it will change. All of that lies ahead of them. Yes. What a prospect.”",2024-10-14,Liverpool,null
1,Arnold 'one step away' from Real Madrid as fans 'welcome arrival' of Reds star,"European champions Real Madrid are ‘one step away’ from signing Liverpool right-back Trent Alexander-Arnold, according to reports in Spain.Alexander-Arnold is out of contract at the end of the season and is being linked with a move to the Spanish capital.Having landed Kylian Mbappe on a free transfer in the summer transfer window, Real Madrid are reportedly keen on nabbing the England defender for nothing next summer.Liverpool are playing a dangerous game with Alexander-Arnold, Mohamed Salah and Virgil van Dijk all out of contract in 2025.All three players can negotiate a pre-contract with clubs outside of the Premier League from January 1 and there are no reports of talks over an extension taking place.Arne Slot’s side might be working quietly but fans do not appreciate the approach, with (arguably) their three best players into the final 12 months of their contracts.Salah was strongly linked with a move to Saudi Arabia last summer but rumours about a move there have died down, while Van Dijk is not being linked with a move at all.There is a lot more uncertainty surrounding the future of Alexander-Arnold, with Real Madrid believed to be very interested.Several reports have claimed that Madrid are already in contact with the 26-year-old’s representatives and with experienced right-back Dani Carvajal out with a torn ACL, they could step up their pursuit.Liverpool star ‘one step away’ from joining Real MadridAccording to a report from Spanish outlet Fichajes, Alexander-Arnold is now ‘one step away’ from agreeing a move to Real Madrid.The report claims Los Blancos have been pursuing the England international ‘for several years’ and are now close to getting their man.Interestingly, it is claimed that the injury to Carvajal could ‘bring forward his signing for between 10 and 15 million euros to join in January’, which seems extremely unlikely.Liverpool will surely have no interest in selling Alexander-Arnold mid-season, even if any fee in January is financially better than losing him on a free in the summer.Real Madrid fans are difficult to win over but the report says they ‘welcome the arrival’ of Alexander-Arnold, which is nice of them.The Reds do have a ‘difficult decision’ to make and have to extend his contract or let him walk for nothing, with the report completely disregarding the idea of getting a fee for him in January, two paragraphs after saying Madrid could make a bid.Alexander-Arnold started and scored against Finland in England’s Nations League victory on Sunday evening.The Liverpool star found the back of the net with a belting free-kick from 30 yards out, a strike that cost Jack Grealish £500.“I said, as a joke, if you score this I’ll give you 500 quid – and he just slapped it in the top bin. I owe him,” Grealish said after the win.",2024-10-14,Liverpool,null
2,Liverpool linked with £25.1m summer move for potential Virgil van Dijk successor,"Promising Spanish under-21 international Cristhian Mosquera is on Liverpool’s wishlist as they consider their long-term plans for a post-Virgil van Dijk world, it has been claimed.Spanish outlet Fichajes report that a number of elite clubs around Europe are keeping tabs on the 20 year old centre-back, who has been a regular in the Valencia side since the beginning of last season season and was part of the Spain side that won gold at this summer’s Olympics.That includes domestic rivals Atletico Madrid, reigning Serie A champions Inter, and current Premier League table-toppers Liverpool, whose talismanic captain is set to go out of contract in the summer.Talks between van Dijk and the Reds are said to be ongoing, with Jarell Quansah recently signing a new deal and Ibrahima Konate reported to be close to agreeing terms for an extended stay at Anfield.Fichajes add that Mosquera is valued around €30m (£25.1m) and that the club’s current financial situation could be used to try and twist their arm into agreeing to a sale, despite his importance to the side – but suggest that their position may depend somewhat on what kind of shape they are in when the January transfer window opens.Valencia have had a poor start to the new campaign and currently find themselves in the relegation zone with just one win and three draws from their first six games. Their defensive record is not too dreadful – they’ve conceded 13 times – but have had real trouble finding the net at the other end, registering just five strikes so far.Third-placed and undefeated Atletico are said to be the most keen on Mosquera’s services, despite having – predictably – the best defensive record in the division. Their goals for and against is the exact mirror image of Valencia’s: 13 scored and five conceded.Liverpool and Inter are however said to be keeping tabs on Mosquera’s situation with a view to a potential move next summer. Mosquera is under contract at Valencia until summer 2026.Valencia appear keen to talk up the youngster, boasting on their club site last month that Mosquera was featured pretty high in the rankings for the Golden Boy Football Benchmark Index – a ranking of players aged 21 or under playing in UEFA competition.Mosquera currently ranks 15th, with Barcelona’s Lamine Yamal and PSG’s Joao Neves battling it out for top spot. Current Premier League starlets Alejandro Garnacho (3rd), Kobbie Mainoo (6th), Leny Yoro (7th), Rico Lewis (9th) and Adam Wharton (13th) all sit ahead of Mosquera.",2024-10-13,Liverpool,null
3,England lineup: Alexander-Arnold starts in new position as Carsley bins off failed ‘experiment’,"According to reports, Trent Alexander-Arnold is set to start in a new position when England face Finland in the Nations League on Sunday evening.Interim England boss Lee Carsley boldly decided to use Jude Bellingham as a false nine earlier this week against Greece as Harry Kane missed the game due to an ankle injury.This enabled Carsley to shoehorn Anthony Gordon, Bukayo Saka, Phil Foden and Cole Palmer into his starting XI as he went all-out attack for England’s Nations League group match.This did not pay off as The Three Lions produced a woeful performance as they were beaten 2-1 by Greece at Wembley.His side’s showing against Greece has significantly hampered Carsley’s chances of getting the England job permanently Speaking post-match, he admitted he decided to go for this “experiment” after “trying it for 20 minutes” in training.READ: Emery ‘the perfect fit’ for England as Trent backed and Chelsea defender not nearly ‘international’ standardHe said: “We were second best for a lot of tonight, it is disappointing. You are going to get setbacks and it’s important we respond.“We tried something different and tried to overload the midfield. We tried it for 20 minutes yesterday, we experimented, and disappointed it didn’t come off.“It’s unrealistic to expect too much and we will have to try again. All the goals were from mistakes, which is disappointing.“It is definitely an option going forward. When you have someone of [Harry] Kane’s quality though it rules it out when he is available. But in the future you have to have the courage and ability to try things.“We tried something different. It doesn’t change anything. My remit is to do the three camps.”England will attempt to bounce back from this defeat when they face Finland on Sunday. Unsurprisingly, Carsley has opted to bin off his false nine “experiment” as BBC Sport are reporting that Kane is ‘expected to return and lead the attack’.Manchester City winger Jack Grealish is ‘in contention to start’, while Alexander-Arnold ‘looks set to start at left-back’. This presumably means Kyle Walker will play at right-back.Speaking on Saturday, Carsley revealed he’s likely to start a “more conventional” striker against Finland.“It’s important that we do try something different at times and I think I’ll be a better coach for that,” he said.“But I think we’ll probably be a little bit more conventional tomorrow night.”He added: “We haven’t won a major trophy since 1966, so to think that we can just keep doing it and keep being so close and at some point we are going to get over the line would be naive.“We have been so close, we have got to acknowledge that but we still haven’t won.“We have got to have the licence to try something different, because I have tried something and it hasn’t worked.“It doesn’t put me off trying something again. If anything it makes me think, right what can I do differently? And how can we do something and get it right?”",2024-10-13,Liverpool,null
4,Ian Wright keen to see 'mad professor who could turn into Jurgen Klopp' at big Premier League club,"Ian Wright would like to see Brentford boss Thomas Frank get given a chance at a bigger Premier League club down the line, feeling he could have a touch of Jurgen Klopp about him that would take him a long way.The Dane stepped up from his assistant manager role at Brentford following Dean Smith’s exit for Aston Villa in 2018 and took the side to promotion via the play-offs in 2021.Brentford have defied expectations by going on to establish themselves as a top-flight side and sit 11th in table in the fledgling campaign with ten points. They went into the international break with a 5-3 victory over Wolves and have scored in every game this season except for a 2-0 defeat away to league leaders Liverpool.Speaking on Stick to Football, Neville asked Wright, Roy Keane, Wayne Rooney and Jill Scott which of the managers outside the top six to eight Premier League clubs they feel could go on to do a job at a higher level.Wright was quick to jump in and respond with his pick: “Thomas Frank. I’d like to see him under that kind of pressure at a big club. He does seem a bit of a mad professor, so he’s one of those where you think to yourself he could either go and turn into a Klopp in the way he does, or it might not happen.“I get the vibe that he’s somebody that could [do it]. I just think he can do more. He’s not worried about anybody, he’s not disrespectful…I just think that he’s that guy. He could be the one.”Neville then attempted to suggest Marco Silva as an alternative option, but the conversation quickly petered out.The Fulham boss has been in charge at Craven Cottage since summer 2021, taking them to promotion back to the top flight in his first season in charge and successfully keeping them there since. Silva’s side sit seventh in the Premier League with three wins, two draws and two defeats.Silva has previously had Premier League spells with Hull City, Watford and Everton.",2024-10-13,Liverpool,null
5,Liverpool ‘stalking’ ex-Man Utd star with FSG ‘all out’ for ‘explosive’ £50m Salah replacement ‘ASAP’,"According to reports, Liverpool have joined several elite European clubs in the race to sign former Manchester United star Alvaro Carreras from Benfica.The 21-year-old progressed through the ranks at Man Utd but did not make a senior appearance for the Premier League giants.After a positive loan spell at Benfica last season, the Portuguese outfit signed the left-back permanently in the summer in a deal that could be worth around £7.5m including add-ons.Carreras has shone for Benfica at the start of this campaign as Bruno Lage’s side have won their first two Champions League group games, while they sit third in Liga Portugal.His impressive performances have not gone unnoticed. A report earlier this week claimed Man Utd are considering activating their buy-back clause to re-sign their former academy product, who is also said to be attracting interest from FC Barcelona and Real Madrid.However, a report in Spain claims Liverpool are ‘stalking’ Carreras as they have ‘taken a step forward’ to ‘show the greatest interest’ in signing him.READ: One per club: Premier League pleasant surprises in 24/25 includes £72m winger, Liverpool midfielderLiverpool may see Carreras as a potential long-term replacement for 30-year-old Andy Robertson, who is nearing the end of his career.Arne Slot’s side could also enter the market for a new forward in the coming months as Mohamed Salah has entered the final year of his contract.Virgil van Dijk and Trent Alexander-Arnold are also in the same boat and it remains to be seen whether they will commit their futures to Liverpool.Earlier this week, a report named two potential replacements for Salah have already been named and Eintracht Frankfurt star Omar Marmoush was one of them.Marmoush plays with Salah for Egypt and does not appear to be a natural replacement as he is often used as a striker or left winger.The 25-year-old has sparkled at the start of this campaign as he’s grabbed nine goals and six assists in his nine appearances across all competitions.Another report in Spain claims Liverpool are ‘going all out’ for the ‘explosive’ Marmoush and are ‘preparing their first offer’.‘Liverpool, who have been closely following Marmoush’s progress, seem determined to make an initial offer of around 60 million euros (around £50m).‘The English club’s intention is to add the striker to their ranks as soon as possible, especially after seeing his great ability to be decisive in important matches.‘Arne Slot would be delighted to have a player of the Egyptian’s characteristics to give a new air to his attack, with an eye on the fight for titles.‘With the transfer market just around the corner, Omar Marmoush could be one of the big transfers of the summer. Meanwhile, Eintracht Frankfurt are enjoying his talent, although it will not be easy to retain him in the face of interest from a club like Liverpool.’",2024-10-13,Liverpool,null
6,Liverpool star Salah returns from Egypt duty amid ‘violent’ threat; Van Dijk also back after red card,"Egypt international Mohamed Salah has returned to Liverpool after being released early from international duty.Egypt are going well in their Africa Cup of Nations qualification group, beating Cape Verde, Botswana and Mauritania, scoring nine goals and conceding none.105-cap star Salah scored against Mauritania on Friday but will not play on Tuesday when Egypt face the same opposition away from home.Liverpool have confirmed in a statement that both Salah and club captain Virgil van Dijk have returned to the club.The latter was sent off for the Netherlands against Hungary, suspending him for his side’s next Nations League match against Germany.“Mohamed Salah and Virgil van Dijk have both been released early from international duty in the current October break,” a Reds statement read.“Salah netted for Egypt in a 2-0 victory over Mauritania in Africa Cup of Nations qualifying on Friday night and had been due to take part in a second fixture with the same opponents on Tuesday.“Van Dijk, meanwhile, was dismissed for the Netherlands on the same evening after picking up two yellow cards in quick succession during the second half of a 1-1 UEFA Nations League draw with Hungary, ruling him out of Monday’s trip to Germany.“The pair will now take no further part in either international camp this month after the decision was made to relieve them early from their respective commitments.”“If any player asks me not to play on artificial turf, I will agree,” he said.“The Mauritanian team plays hard and with violent interventions, and their field is not the best.“If Salah specifically asks me to do so, I will agree.”Hassan added: “I was very worried about the Mauritania match, and the pitch there is very difficult.“Even if I don’t win there, it doesn’t matter. What matters to me is that I don’t lose.”",2024-10-12,Liverpool,null
7,Liverpool star responds as Jurgen Klopp's 'shocked' ex,"A Liverpool star has offered his thoughts on Jurgen Klopp’s new job, while another of his former players is “shocked” at the manager’s “sh*t” decision.The 57-year-old left Liverpool at the end of the 2023/24 campaign after spending nine years as manager of the Premier League giants.Klopp announced at the end of January that he would depart the club at the end of the campaign as he had run out of steam and required a sabbatical.Since leaving Liverpool, Klopp has been linked with several clubs and international teams, but he also hinted that he may not return to management and retire.However, Klopp’s return to football was announced earlier this week as he will become the ‘global head of soccer’ for Red Bull and will start in January 2025.It is reported that Klopp’s deal includes an ‘exit option’ that he can use if he opts to pursue one managerial job.READ: No Alisson? No problem: Ranking of every Premier League No. 2 has Liverpool saviour thirdKlopp has taken a job at Red Bull despite previously having a prolonged stint at Borussia Dortmund, who compete in the Bundesliga against RB Leipzig.Explaining his decision to take this job, Klopp said he “wants to see what is useful for football”.“A few months ago I said I don’t see myself on the sidelines any more and that’s still the case, but I still love football and still love working and Red Bull gives me the perfect platform for that,” Klopp said in a video on Instagram.“I want to share my experience which I collected over the years and we all know there are much more successful managers out there.“In my career I’ve fought for promotion, I’ve fought against relegation, I’ve fought for titles and I’ve fought for trophies.“Sometimes we failed, sometimes we succeeded and dealing with that is not easy, but it is possible.“Then I want to learn again because when you are in the job and have to play every three days you barely have time for that.“Now I have time and I have the opportunity and I want to see, feel and figure out what is useful for football. So developing football a little bit as well.”Kevin Grosskreutz – who played under Klopp at Dortmund – has admitted that Klopp’s decision “hasn’t sunk in yet” as it “sucks”.“I woke up, I had 30 messages on my phone and I thought: What happened? I thought I was dreaming, then I hoped it was fake news. Two hours later it was official. It was pretty shocking and sad. Somehow it hasn’t really sunk in yet,” Grosskreutz said.“I don’t think anyone was expecting it. It’s very, very strange and I can’t really comprehend it yet. It’s like shock!“Nevertheless, he’s a friend of mine and I owe him a lot. And I will always be grateful to him. As a football fan, I think it sucks, to put it bluntly!“But as a friend, you have to accept decisions being made. When we meet, I’ll still tell him personally that I think it’s sh*t that he does something like that!”Liverpool forward Diogo Jota has also given his reaction. He said: “Klopp? He’s a person I have a lot of affection for, we have to respect his decision. I wish him the best of luck in this new stage.”",2024-10-11,Liverpool,null
8,Liverpool eye 'mega deal' for England U21 with two Premier League rivals keen,"Borussia Dortmund forward Jamie Gittens is reportedly attracting interest from Premier League giants Chelsea, Liverpool and Tottenham.Gittens, 20, followed in the footsteps of Jadon Sancho by joining Dortmund from Manchester City’s youth academy in 2020.The England Under-21 winger made his Bundesliga debut in March 2022 when he was only 17 years old and scored his first senior goal for the German club five months later.He has played regularly this season after scoring both goals in the 2-0 win over Eintracht Frankfurt on matchday one.The young winger has also thrived in the Champions League this term, scoring another brace against Club Brugge and providing an assist in the emphatic 7-1 victory over Celtic.Twenty goal contributions in 67 appearances for Dortmund is a very respectable return for a player who has never been a regular starter.An England call-up feels inevitable for Gittens and he is reportedly catching the eyes of several clubs in his home country.Borussia Dortmund want ‘mega’ money to sell Liverpool targetAccording to a report from German newspaper Bild (via Sport Witness), who cover the interest in Gittens from three Premier League clubs.Indeed, his form in 2024/25 has attracted interest from Tottenham, Liverpool and Chelsea.No figure is mentioned but it is claimed that Dortmund want a ‘mega deal’ to sell their young star.Under contract until 2028, the Bundesliga giants are in a very strong position and will likely continue their track record of selling young players for large fees if Gittens does return to England.Dortmund don’t just have an outstanding record when it comes to selling players for profit but are bloody brilliant at beating big clubs to the signings of young English players.They notably won the race for Jude Bellingham’s signature in 2020, paying around £20million to land him from Birmingham City.The German side made a tasty profit in July 2023, selling him to Real Madrid for a fee in the region of £100m.Gittens is in the England Under-21 squad for the international break, with Ben Futcher’s side taking on Ukraine and Azerbaijan in their final EURO 2025 qualifiers.He has one goal in nine caps at that level and could be a player to watch out for when Lee Carsley names his squad for next month’s Nations League matches against the Republic of Ireland and Greece.Carsley handed Gittens his U21 debut and has called up several of his youth players to the senior squad during his interim spell.The former Ireland international named a very attacking team for Thursday’s Nations League clash at home to Greece, which backfired on him as England lost 2-1.Speaking after the defeat, Carsley vowed to keep an attacking approach going into Sunday’s clash against Finland.“My position and my understanding of coaching, I want to attack,” he said.“I think it’s a case of trying something different.“The expectancy is that we just pick a team that beat Greece comfortably at Wembley. You’ve got to take into consideration the opposition are highly motivated and try and stop you.“I don’t think (this approach is) something that you should rule out. At times we have to be creative, especially with the players that we’ve got, but, yeah, there was obviously a lot of challenges tonight.”",2024-10-11,Liverpool,null
9,"Liverpool ‘sound out’ Salah replacement as Slot sweats amid MLS, Saudi interest","After breaking countless records at Anfield, Mohamed Salah may have ran his race for Liverpool as his current deal nears an end.Salah’s future has been unresolved so far, though teammates Virgil van Dijk and Trent Alexander-Arnold find themselves both in the same situation with the trio out of contract next summer.All three will need to be replaced, playing such an important part in Liverpool’s success under previous manager Jurgen Klopp, though it is widely regarded that Salah is the most crucial.Salah has scored 217 goals in 359 games for the club and it is a cert that a replacement will not have emulated that thus far, ensuring the Reds will have to look to nurture somebody with such potential.According to reports in Spain, Liverpool have sounded out West Ham United’s Mohammed Kudus as a long-term replacement for the Egyptian King.Since joining the Hammers from Ajax last summer, Kudus has impressed in the Premier League, with his intelligence on the ball and strength to hold off defenders making him an attractive asset.Liverpool boss Arne Slot will be aware of the player, having spent the most part of his career in the Eredivisie, a league which Kudus played in for three years.Kudus’ qualities make him a player who would be exciting to see whether he could make the transition to one of England’s top clubs.His versatility to play across the front three when needed also make him a similar replacement in the sense that Salah also operates on the wing, and centrally at times.At 32, it is regarded that Salah’s best years are beyond him, while Kudus is just 24 and getting to grips with the league.Reports have surfaced this season claiming Kudus and his manager Julen Lopetegui had a frank exchange of words at half-time of their game against Brentford.Kudus was substituted at the interval and post-match, Lopetegui said: “It was for tactical reasons. The second half we worked as a team, and for me this is a very important step. I highlighted the behaviour in the second half because I think we put on the pitch what we needed.”Lopetegui will be hoping to keep a good relationship with the Ghana international as he could provide his team with a spark throughout the season. West Ham have not enjoyed the best start to the campaign, winning just two of their opening seven league games.",2024-10-11,Liverpool,null
10,Ex-Liverpool man states defender ‘owes’ Liverpool though Real Madrid move would ‘open his world up’,"Question marks around Trent Alexander-Arnold’s Liverpool future linger with the right-back into the final 12 months of his current deal.Real Madrid are known to be admirers of Alexander-Arnold, while the 26-year-old also shares a good relationship with England teammate Jude Bellingham who joined the club last summer. The duo can be seen enjoying their time together during international breaks, having also gone on holiday together in the summer.Former Liverpool player Jason McAteer believes the attraction of Real could very easily prise the right-back away from Anfield.McAteer said: “Real Madrid changes the whole landscape for Trent as a person and as a sportsman. It opens his world up to different opportunities. It’s Real Madrid, it’s Spain, another language, another culture.“He’s won everything at Liverpool. It’s not like he’ll look back at his career and wish he stayed back to win the league. Steven Gerrard did that. Steven’s objective in his sports career was to win the league at Liverpool. He almost did it, but it fell away at the end. Maybe if Liverpool had not won the league under Klopp, it might entice Trent to want to stay. I just think the chips are stacked against Trent staying at Liverpool right now.”McAteer feels Alexander-Arnold would slot in perfectly at the Santiago Bernabeu, with the average age of the current squad just 26 as they gear up to continue to dominate European football.He said: “I just think the allure of Spain and Madrid and Carvajal being injured and coming to the end of his career, the space is there, isn’t it? I think Ancelotti will go at the end of the season. I think Xabi Alonso will slot in there. Why wouldn’t he want Trent? Tchouameni, Mbappe, Bellingham, Rodrigo, Vinicus Jr. You know, they’re all young players who can dominate world football over the next five years.”Alexander-Arnold has been at Liverpool since the age of six though, coming through the ranks having made 319 appearances for his boyhood club, and saying goodbye could come as a very difficult task.McAteer continued: “There’s other positives for him to stay. He’s a home-grown talent. He owes a bit to Liverpool. His mum’s a scouser and probably will tell him what to do. I’ve met her, she’s brilliant, I love her to bits and she’s a very strong character. There’s a lot of positive influence around Trent: Alex Inglethorpe, his mum, different players.”",2024-10-11,Liverpool,null
11,"Liverpool: Alexander-Arnold to join ‘best mate’ at Real Madrid as Reds keep Salah, Van Dijk","Jason McAteer is baffled that Liverpool have allowed Mohamed Salah, Virgil van Dijk and Trent Alexander-Arnold to run down their contracts.All three Liverpool stars are out of contract in 2025, with none of the crucial trio close to agreeing a new deal.It would be catastrophic if the Reds lose them all at the end of the season and the lack of negotiations over an extension is alarming.Salah has been linked with a move to Saudi Arabia on a free transfer but those rumours have significantly died down.Al Ittihad reportedly made a huge offer worth over £100million for the Egyptian last summer but Liverpool rejected their advances due to the timing of the bid, which came late on in the window.This sparked fear among the Reds fan base that the Saudi Pro League side would come back in for Salah in the 2024 summer transfer window, but that did not happen.Van Dijk, meanwhile, is not being linked with a move away despite his contract situation, and Alexander-Arnold is reportedly a top target for Real Madrid.The European champions are seeking a long-term replacement for Dani Carvajal and are very keen on signing Trent on a free transfer.Carvajal recently suffered a serious knee injury, which could see Madrid accelerate their pursuit of the England international.Former Liverpool player McAteer has predicted that Alexander-Arnold will join his ‘best mate’ Jude Bellingham in the Spanish capital, with Salah and Van Dijk expected to stay at Anfield.“They will be working behind the scenes with a strategy and a plan,” he said. “In an ideal world they will want to keep all three. Whether they keep all three is another question.“Will FSG facilitate keeping them all, I’m not sure, because of the expenditure. The landscape of football has changed again.“Carvajal has just picked up an ACL. He’s 32. Trent Alexander-Arnold, one of his best mates is Jude Bellingham. He’s won everything at Liverpool. He’s at that age where he can go and test the water elsewhere.“We know there’s only one club you leave Liverpool for, as a Liverpool fan and as a Liverpool player, it’s Real Madrid. You’d be stupid to think they wouldn’t want him.“I think personally Trent will go, Salah will stay, and Virgil van Dijk will sign a short-term contract. That’s what I think will happen.”👉 READ MORE: False nines and false back fours – rating England’s players in that honking 2-1 defeat to GreeceMcAteer adds that he can’t understand how Liverpool are in a situation where all three players can negotiate a pre-contract with foreign clubs 11 weeks from now.“It’s the question everyone’s talking about, isn’t it? It’s a really difficult one,” he said.“It’s a world of sporting directors right now. We know Liverpool only employed Michael Edwards towards the back end of last season, so he wouldn’t have been involved in that. Obviously, Richard Hughes has just come in at the beginning of this season.“I’ve no idea how three players of the stature and quality of Mo Salah, Virgil van Dijk and Trent Alexander-Arnold have been able to run their contracts down.“The flipside of the argument is that the club can’t do anything about it if the players want to do that. I’m not really buying into that.“I’m not really buying into that because of the stature of the players and the stature of the football club.“If Liverpool were to lose all three, it would rock the boat. It would put a massive hole in that ship. I don’t know how it’s been left where that is a possibility.”",2024-10-11,Liverpool,null
12,Liverpool reach ‘agreement’ with Inter as they eye out of contract Alexander-Arnold replacement,"Liverpool and Arne Slot may well need to be preparing for life after Trent Alexander-Arnold with the England right-back’s future still up in the air.The 26-year-old’s current Liverpool deal expires come the end of the season, and with the full-back playing such a vital role for both Jurgen Klopp and Slot in his start to life on Merseyside, it may prove a tough task to replace Alexander-Arnold’s qualities.According to Caught Offside though, the Reds have an agreement in place to bring Inter Milan wing-back Denzel Dumfries to Anfield, viewing him as an able successor to the man who has been at Liverpool since the age of six.Like Alexander-Arnold, Dumfries is also out of contract at the end of the season, with the report claiming the San Siro club believe the Dutchman is not receptive to a contract extension as he has his sights set on a move to the Premier League.Dumfries has previously been linked with moves to a number of English clubs, with Erik ten Hag having wanted the 28-year-old as part of his Dutch-heavy rebuild at Old Trafford. We really hope Slot isn’t now heading towards the same direction. Just see the current league table for how that recruitment process has gone for Ten Hag and United.Dumfries possesses qualities going forward, though he has featured predominantly at right wing-back for club and country which makes it difficult to understand how well he would transition into English football. He has 139 appearances for Inter since joining the club in 2021 from PSV Eindhoven.His age may also show how highly Liverpool rate Alexander-Arnold’s current deputy Conor Bradley, who has shown he is more than capable to stand in for his teammate in his absence. Bradley is just 21-years-old and would offer Liverpool a number of years ahead, especially in comparison to Dumfries.The priority for Liverpool at this stage must surely be to tie down Alexander-Arnold to a new deal, which would see a move for Dumfries fall through.Alexander-Arnold is a homegrown academy product, and a departure on a free would certainly cause a stir within the fanbase. The club’s owners, Fenway Sports Group, have done a fantastic job in rebuilding the team and reaching European success, though allowing their No.66 to reach this situation is quite bizarre.Ahead of England’s Nations League loss to Greece, on his club future, Alexander-Arnold said: “I don’t want to be the player who only won trophies when he was young.”So far since making his Liverpool debut, he has won everything there is to win in club football, including the Premier League and the Champions League, though a move to Real Madrid may prove as the best possible option to lift the latter again.",2024-10-11,Liverpool,null
13,Arnold contract 'message' amid 'betrayal' fear; expert drops 'zero chance' verdict,"According to reports, Liverpool have provided an update on contract talks with Trent Alexander-Arnold, who is attracting interest from Real Madrid.Alexander-Arnold has entered the final year of his contract, so his long-term Liverpool future is in doubt.Mohamed Salah and Virgil van Dijk are in the same boat and it remains to be seen whether the three players will stick with Liverpool beyond the end of this season.England international Alexander-Arnold has shone at the start of this campaign and he’ll be free to open talks with foreign clubs over a pre-contract agreement in January.La Liga giants Real Madrid have consistently been mooted as his most likely next destination if he leaves, but a recent report claimed he could ‘betray’ his boyhood club as Man City have ‘entered the race’ to sign the full-back.However, a report from Football Insider has ‘revealed Liverpool’s Alexander-Arnold message’, with it claimed that they are ‘making some progress in contract negotiations’.READ: The Premier League uncapped XI features Morgan Rogers and a Liverpool midfieldThe report says.‘The 26-year-old right-back is out of contract at Anfield next summer, but the message from the club is that talks are ongoing between both parties.‘Alexander-Arnold will be able to speak with foreign clubs about pre-contract agreements from January, which opens up the possibility of him leaving the club.‘Football Insider revealed that Real Madrid are stepping up their interest in the England international after Dani Carvajal sustained a serious knee injury.‘However, Alexander-Arnold’s team have revealed that no other talks have happened with other clubs at his stage. Sources have told Football Insider that Liverpool are hopeful they can convince the defender to remain at his boyhood club.’Alexander-Arnold is being considered as a potential long-term replacement for Spain international Dani Carvajal.It has been suggested that Real Madrid could move for Alexander-Arnold in January as Carvajal – who has ruptured his ACL – is set for a prolonged spell on the sidelines.However, The Athletic’s Liverpool correspondent James Pearce claims “there’s zero chance that Alexander-Arnold goes anywhere in January”, saying “it is absolute nonsense”.“There’s absolutely zero chance that Trent [Alexander-Arnold] will go anywhere in January. I mean, I saw some nonsense yesterday about Real Madrid planning a bid for him in January or something,” Pearce said.“I just don’t believe that’s true. And I certainly don’t believe it for a minute. [It’s] absolute nonsense.“I mean, we’ve said previously many times, every top club in Europe will be keeping a very close eye on developments over Trent’s future, because my information at the moment is that there is no decision that’s been taken. Those talks are ongoing.”",2024-10-10,Liverpool,null
14,Jurgen Klopp outlines Red Bull role after claims ex,,2024-10-09,Liverpool,null
15,Jurgen Klopp ‘destroys image’ as Liverpool legend ‘stands for everything that’s wrong with football’,"Jurgen Klopp has ‘destroyed his image in one step’ by taking the reins as Red Bull’s new head of soccer and ‘stands for everything that’s wrong with football’.The German made his decision to leave Anfield in the summer after winning one Premier League, one FA Cup, two League Cups, one Champions League, one FIFA Club World Cup and a European Super Cup.And having been linked with a number of posts since his departure the 57-year-old says he “could not be more excited” to take up his new post, which involves overseeing seven different clubs on four separate continents.It’s a decision that’s been met with anger by many, particularly in Germany, just two years on from Klopp condemning the Red Bull method.“I know how much the Red Bull idea is criticised by traditionalists, and I’m one of them too,” he said.RB Leipzig are the brand’s showcase club and remain the most controversial football team in Germany 15 years on from their foundation – when they took over local side SSV Martkranstadt – having skirted German Football Association rules.Explaining the reasons behind the anger at Klopp’s decision, German football expert Constantin Eckner told talkSPORT: “Members of the media and fans are thinking that Jurgen Klopp has destroyed his legacy.“It might not be a hot topic in Britain but Red Bull when they came in they took over a sixth division club and financed Leipzig to go through the ranks and get to the Bundesliga.“Red Bull are accused of circumventing the 50+1 rule which is held in high regard in German football which is highly controversial.“He was the head coach of Mainz and Borussia Dortmund who have positioned themselves as the antithesis of clubs like Leipzig and Hoffenheim.“Especially Dortmund fans but a lot of football fans in general are not only annoyed, but somewhat angry.”Lower league opponents have refused to use Leipzig’s branded logo in their content, the fans of Heidenheim held up ‘football murderers!’ posters in the away end last season and SV Babelsberg fans successfully got pre-season fixtures against Leipzig cancelled, insisting that ‘the principles and structures underlying RB Leipzig’s actions threaten football as we know and love it.’Kicker chief reporter Oliver Hartman called Klopp’s deal a ‘dagger in the heart for football romantics’ while pundits from TV channel Sport1 said Klopp ‘destroyed his image with one step’ and that he ‘sold out on everything he stood for all these years’.Waz, a local Ruhr outlet, ran an opinion piece titled ‘Klopp stands for everything that’s going wrong in football’.And Klopp’s legacy will also have taken a battering outside Germany according to German football pundit Kevin Hatchard.“I think this will be quite a devisive step,” he told talkSPORT. “While there are no doubt positives about Red Bull’s involvement in football in terms of youth development and investment, they are still seen as a negative force in German football and with other clubs as well.“You look at some fans of Salzburg, the old Salzburg, they had to go and form their own club because they were so furious with what happened, so we shouldn’t forget that, Red Bull buy clubs, they rebrand them, and you end up forgetting about what the club was before.”",2024-10-09,Liverpool,null
16,Liverpool: Crucial star 'to miss at least seven matches' with very capable replacement ready,"Liverpool goalkeeper Alisson will not return until after the November international break due to a hamstring injury, as per Paul Joyce.Alisson limped off during Saturday’s 1-0 win at Crystal Palace and was replaced by Vitezslav Jaros, who made his Liverpool debut at Selhurst Park.Jaros joined the Reds from Austrian champions Sturm Graz in the summer following the exit of third-choice goalkeeper Adrian.The Czech shot-stopper will not come in for the injured Alisson. That job is reserved for Caoimhin Kelleher.Kelleher is a fantastic back-up but losing Alisson is still a big blow for Arne Slot, especially with some huge fixtures coming up after the international break, starting with Chelsea at home.Liverpool goalkeeper Alisson injured for ‘at least seven matches’Times Sport journalist Paul Joyce has reported that Alisson will ‘miss at least seven Liverpool matches with hamstring injury’ suffered against Crystal Palace.The Brazilian is not expected back until ‘late November’, with seven games falling into a brutal 20 day period.The report confirms that Kelleher will come in for Alisson after being too unwell to make the bench at Palace.Alisson’s hamstring problem appears to be reoccurring. This is the third time already this season it has kept him out.He missed 10 league encounters in 2023/24 and could be replaced in the starting XI next year when Giorgi Mamardashvili officially joins from Valencia.Liverpool fans will not be nervous with Kelleher in between the sticks. He has been a fine deputy for Alisson and helped them win domestic cup competitions under Jurgen Klopp – who is set to take his first job since leaving Anfield.Kelleher ‘wanted to leave’ the club in the summer and had interest from Nottingham Forest, as per Joyce, and the Anfield faithful will be more delighted than ever that he decided to stay.Liverpool’s record without AlissonLosing Alisson was very consequential before Kelleher’s emergence as one of the best back-up goalkeepers in the Premier League.The Republic of Ireland international made his league debut against Wolves in December 2020 and made one more appearance that season, being unable to prevent a 1-0 home defeat to Brighton.Kelleher has made 16 top-flight appearances for Liverpool, conceding 18 goals and keeping five clean sheets.The aforementioned Brighton defeat is the only time the Reds have lost in the Premier League with the 25-year-old in goal.They have drawn 2-2 against Chelsea, 4-4 against Southampton, 1-1 against Manchester City and 2-2 against Manchester United, winning the other 11.The Reds were (obviously) unbeaten in the 10 Premier League matches Kelleher started last season, though he only kept two clean sheets and conceded three to Fulham.Liverpool fans will be confident enough with Kelleher but their upcoming fixture list is extremely difficult, so the timing of Alisson’s injury is far from ideal.Slot’s side face Chelsea, RB Leipzig, Arsenal, Brighton twice, Bayer Leverkusen and Aston Villa before the November international break and Southampton, Man City and Real Madrid directly after it.",2024-10-09,Liverpool,null
17,"Liverpool 'scout' Bournemouth star as Reds 'take a look' at forward amid Spurs, Newcastle interest",Part of the network,2024-10-09,Liverpool,null
18,Liverpool 'exploring market' for Salah replacements; Romano provides update on two transfer targets,"Fabrizio Romano says Liverpool are not in negotiations with Mohammed Kudus or Karim Adeyemi amidst uncertainty over the future of Mohamed Salah.Salah is out of contract at the end of the season and could leave Liverpool on a free transfer after eight years at the club.The Egyptian has been ridiculously successful at Anfield, scoring 217 goals and making 94 assists in 359 appearances.His record in front of goal has been backed up by trophies as well, winning eight pieces of silverware under Jurgen Klopp.Losing Salah for nothing would be a huge blow and it is unclear whether or not the Reds are working on extending his contract.As well as the 32-year-old, Arne Slot’s side are sweating over the futures of club captain Virgil van Dijk and right-back Trent Alexander-Arnold, whose contracts also expire in 2025.Well, we say they are sweating but they actually seem weirdly relaxed about the whole thing. In case the club’s hierarchy are not aware, these guys can negotiate pre-contracts with foreign clubs from January 1.Salah will leave a huge void should he leave Liverpool at the end of the season and transfer expert Romano says it is normal to see the Premier League giants linked with several right-sided forwards amidst the ex-Chelsea man’s uncertain future.Romano has addressed rumours linking Borussia Dortmund’s Adeyemi and West Ham’s Kudus with a summer transfer to Anfield, noting that the Reds are not in negotiations to sign either player at this moment in time.“With the Salah situation being what it is, we’re unsurprisingly seeing a lot of Liverpool transfer rumours about new wingers,” the Italian journalist told CaughtOffside.“It’s true that they are watching several players, but I don’t have any concrete updates yet on specific targets, despite the links with Borussia Dortmund’s Karim Adeyemi and West Ham’s Mohammed Kudus.“Juventus wanted Adeyemi last summer, but since that moment when Karim decided to stay at Dortmund, nothing concrete happened.“We’ll see what happens in the future, but for now I think it’s too early to be talking about him and Liverpool.“Similarly, with Kudus and Liverpool there is currently nothing concrete to report.“There will be 100 links per day on Liverpool with Salah out of contract but Liverpool are not in discussions or planning any move yet, it’s just a moment where they explore the market and still talk to Salah about the contract.“So nothing really concrete on Kudus now, it’s not an October/November topic for sure.”Liverpool are top of the Premier League after seven games, starting the season very well under new head coach Slot, who replaced club legend Klopp in the summer.They have also won two out of two in the Champions League, overcoming Serie A sides AC Milan and Bologna.The Reds’ fixture list post-international break is extremely difficult, with in-form Chelsea coming to Anfield on Sunday, October 20.The Blues come to town before three away games at RB Leipzig, Arsenal and Brighton. Eek.",2024-10-09,Liverpool,null
19,Jurgen Klopp finally lands first job since leaving Liverpool but secures ‘exit option’,"Former Liverpool boss Jurgen Klopp will become the ‘global head of soccer’ for Red Bull in January 2025 after landing his first post-Anfield job, according to reliable journalist Florian Plettenberg.The German made his decision to leave Anfield in the summer after winning one Premier League, one FA Cup, two League Cups, one Champions League, one FIFA Club World Cup and a European Super Cup.Liverpool replaced him with Arne Slot, and the Dutchman has made a remarkable start to his first season as Reds boss, sitting pretty at the top of the Premier League table.Klopp’s former side have won six of their first seven matches of the new Premier League season with Slot’s only defeat coming against Nottingham Forest.Despite links to a number of other jobs, Sky Germany reporter Plettenberg has now revealed that Klopp is now set to become Red Bull’s global head of soccer in January.Plettenberg wrote on X: “Jürgen #Klopp will become the new „Global Head of Soccer“ at Red Bull .. starting on January 1, 2025. Klopp has already signed a long-term contract. Additionally, Klopp has secured an exit option allowing him to become the head coach of the Germany national team in the future.“As a potential successor to Julian Nagelsmann. From January, Klopp will advise all Red Bull teams (Leipzig, Salzburg, New York, etc.) on coaching matters, playing philosophy, development and transfers of talents/head coaches and more. Oliver Mintzlaff was determined to get Klopp.”Skipper Virgil van Dijk wants Liverpool to “compete until the final day” in their bid to win the Premier League title.Van Dijk told Liverpool’s official website: “We want to improve, we want to challenge, we want to compete until the final day and win and be successful.“That’s what we’re focusing on – not what other expectations are. We’ve got a lot of points until now but we want to have a lot more.“We know how tough the fixture list will be after the international break but why not enjoy it? I’m really looking forward to that and hopefully everyone involved with Liverpool is as well.”Speaking about the Reds’ rearguard, who have conceded just two Premier League goals, Van Dijk added: “Obviously we keep going, we keep working and we’re never satisfied. We always can improve.“I think today we needed Ali twice, three times maybe, and that’s what we’re trying to avoid. But if we have to defend, we have to defend with everything that we’ve got.“Everyone is contributing to clean sheets but I’m very happy with a clean sheet as well.”",2024-10-09,Liverpool,null
20,man replacement 'list' despite huge 'concern' amid 'offer' reveal,"Liverpool are reportedly ‘observing’ the transfer market to find a possible replacement for Mohamed Salah and two potential targets have been identified.Salah has entered the final year of his contract at Liverpool and it remains to be seen whether he will extend his stay at Anfield beyond the end of this season.Trent Alexander-Arnold and Virgil van Dijk are in the same position and are linked with a potential move away from Liverpool.While a European giant are reportedly ready to ‘offer’ Salah a three-year contract, the Egypt international is also heavily linked with a move to the Saudi Pro League.Middle East side Al-Ittihad previously failed with a £150m bid for Salah, while Al-Ahli are said to be ‘planning’ a double swoop on Liverpool for the 32-year-old and one his teammates.It has been widely reported that Salah’s preference would be to stay with Liverpool. However,the possibility of him leaving is real as several clubs can offer him a stronger financial package.READ: Man Utd plumbing new depths among top 10 surprises of the Premier League so farLiverpool signed Italy international Federico Chiesa from Juventus in a cut-price deal in the summer, but they would inevitably enter the market for another new forward if Salah leaves next year.A report from German journalist Patrick Berger claims Eintracht Frankfurt’s Omar Marmoush and Borussia Dortmund’s Karim Adeyemi ‘are among those being discussed and observed’ at Liverpool.Berger said: ‘Liverpool FC is internally going through several options for Mo Salah’s successor – Omar Marmoush and Karim Adeyemi are among those being discussed and observed.‘Eintracht would like to extend Marmoush’s contract for another year and increase his salary accordingly. Nottingham and Aston Villa were interested in the striker in the summer.’25-year-old Marmoush enjoyed a brilliant debut season at Frankfurt as he grabbed 12 goals and six assists in the Bundesliga.Marmoush, like Salah, is an Egypt international and he’s sparkled at the start of this campaign. He has 12 goal involvements in just six Bundesliga outings this term.The Frankfurt star’s best position is as a striker, but he’s also capable of playing as a left winger. Adeyemi meanwhile is best-operated as a winger and can play on either flank.Adeyemi has also been superb at the start of this season as he’s got five goals and five assists in eight appearances across all competitions. He got a hat-trick as Dortmund dismantled Celtic in the Champions League last week.Berger’s report is backed up by journalist Florian Plettenberg, who has revealed a potential “concern” Liverpool will have with Adeyemi.He tweeted: Omar #Marmoush is on the list of FC Liverpool. The Reds are closely monitoring his situation. #LFC“Meanwhile, Eintracht Frankfurt want to extend his contract early by one year until 2028. Without a release clause. The top priority for #SGE is to keep the 25-year-old top striker in the winter.He added: “Not only Omar #Marmoush, Liverpool are also monitoring Dortmund’s Karim #Adeyemi. #LFC are considering him as a potential successor to Mohamed #Salah.“Several top clubs are following the situation of the 22y/o. However, his injury proneness is a concern for potential suitors. Adeyemi’s contract with #BVB runs until 2027.”",2024-10-08,Liverpool,null
21,Real Madrid 'step up' effort to lure Liverpool man to Spain though Reds 'hopeful' of convincing him to stay,"Trent Alexander-Arnold is out of contract next summer and the England international would not be short of suitors should he decide to leave Liverpool.Alexander-Arnold has redefined the full-back role since making his debut under Jurgen Klopp in 2016, having won everything up for grabs at club level and the decision to leave Anfield would not go down kindly among the Liverpool faithful should he depart on a free.Real Madrid are a club who have long been monitoring Alexander-Arnold’s situation, and with Dani Carvajal set to miss the rest of the season with an ACL injury he picked up in the clash against Villarreal, the need for a long-term right-back just went up on president Florentino Perez’s summer wish list.The Champions League holders would be able to negotiate with the Liverpool man as early as January should he still not have found an agreement with his boyhood club.Liverpool’s No.66 turned 26 on Monday, celebrating his birthday in the England camp as Lee Carsley’s side gear up to face Greece and Finland in the Nations League.Images and videos posted by the official England social media accounts saw the full-back full of smiles alongside good friend Jude Bellingham, who seemed to be doing the most to wish Alexander-Arnold a happy birthday.The duo share an excellent relationship, having gone on holiday together after the Euros, seemingly inseparable every time they meet for national team duty and Spanish outlet Marca have claimed Alexander-Arnold is ‘letting himself be loved’ by Bellingham’s club.Marca also believe the signing on bonus and agent fee ‘would not be too high’ for the Spanish giants as they will be aiming to replicate a deal which allowed them to land Kylian Mbappe earlier this summer without having to pay Paris Saint-Germain a transfer fee.Aside from Carvajal, Real struggle for cover in the full-back department, with former winger Lucas Vazquez doing his best Ashley Young impression having predominantly played in that position for a number of years now.An exclusive from Football Insider also claims that the La Liga club have stepped up their interest for the Englishman, though the Reds are hopeful of convincing him to stay at the club he has been at since the age of six.Alexander-Arnold has made 319 appearances for the Merseyside club, holding the all-time Premier League assist record for a defender after surpassing teammate Andy Robertson on 57.Earlier in the season though, Alexander-Arnold could be seen visibly displeased with manager Arne Slot having subbed him off in the game against Brentford, which have led to question marks surrounding their relationship.",2024-10-08,Liverpool,null
22,"Liverpool, Arsenal, Man City to battle for £50m Brazil star with key contracts set to expire","Arne Slot and Liverpool have found some early season success as the Dutch manager seems to have established a balance to his midfield which Jurgen Klopp could not.Slot has won nine of his 10 games in charge as Liverpool boss so far, with a trio of Alexis Mac Allister, Ryan Gravenberch and Dominik Szoboszlai featuring predominantly, offering the perfect blend of control in possession, as well as a will to win the ball back.However, question marks do feature around Slot with many believing the Reds are yet to face a tough test. No, beating Manchester United at Old Trafford is not a test.According to Spanish outlet Fichajes, Slot sees Brazil international Ederson as the missing piece to his jigsaw. We can already hear the ‘Why did they sign Mamardashvili in the summer then?’ shouts. Not that Ederson, though we’ve always yearned for Pep Guardiola to give his goalkeeper a shot in midfield.We introduce to you Atalanta’s all action midfielder, Ederson. The Reds are reportedly set to make a move for the 25-year-old, who played an important role in the Italian side lifting the Europa League last season, with the Anfield hierarchy understanding what he’s all about as he featured in both leg’s last season when Liverpool were beat by Atalanta at the quarter final stage on route to their European success.Liverpool are not alone in the race though, with Premier League rivals Arsenal and Manchester City also keen to secure his signature. Now Mikel Arteta signing anyone but a defender certainly comes as a surprise, but there’s no shock that City and Guardiola seem to be interested in making yet another addition to their squad.Whoever wins the race for Ederson, who Atalanta signed from Salernitana in 2022, will have to cough up around £50m, with the midfielder currently on a contract that runs until 2027.Atalanta are no strangers to selling their prize assets to English clubs, demanding big fees, as we saw with their sales of Cristian Romero to Tottenham in 2021 for £42m and Rasmus Hojlund to Manchester United last summer for £64m.Since moving to Bergamo, Ederson has cemented himself as one of manager Gian Pierro Gasperini’s trusted men, impressing in Champions League game’s against Arsenal and Shakhtar Donetsk this season.For the Gunners, midfielder’s Thomas Partey and Jorginho have entered the final year of their current deals, so bolstering in that department is certainly a good idea for Arteta, considering the north London club’s title winning ambitions.",2024-10-08,Liverpool,null
23,"Man City club captain had ‘casual relations with women’ at my parties, Benjamin Mendy tells tribunal","Former Manchester City footballer Benjamin Mendy told an employment tribunal that ‘several’ of his teammates had ‘casual relations with women’ at the parties he hosted and revealed that he was lent money by members of the squad when the club stopped paying him.Current and former players Raheem Sterling, Bernardo Silva and Riyad Mahrez supported the French international, who now claims to be owed £11.5million in unpaid wages by the Premier League champions, who held back his salary after he was charged with rape and sexual assault.The 30-year-old’s £500,000 per month wage was withheld by the club after he was charged in 2021, the tribunal was told.The World Cup winner was subsequently cleared.Mendy, who now plays for French Ligue 2 club Lorient, brought employment tribunal proceedings against Manchester City, claiming for “unauthorised deductions” from wages.His contract showed he would also receive a £900,000 bonus for appearing in 60% of matches, a £1million bonus if City qualified for the Champions League, and an annual £1.2m payment to his image rights company.Court documents shared with the Manchester employment tribunal said Mendy “very quickly ran out of money” and had to sell his Cheshire mansion to cover legal fees, bills and child support payments after his wages were withheld.“I struggled to pay my child support, I felt awful,” the footballer said in a witness statement.Mendy said his agent, Meissa N’diaye, paid towards his legal fees, while team-mates including England international Sterling offered “financial support”.“Raheem Sterling, Bernardo Silva and Riyad Mahrez all lent me money to help me try and pay my legal fees and support my family,” he said in his witness statement.The left-back described his 2021 charging as the day “my life was turned upside down forever.”The tribunal heard he enjoyed partying, and was held in custody between August 2021 and January 2022, and again between December 2022 and January 2023 after he breached his bail conditions by hosting and attending multiple parties.A January 2021 party at his multi-million pound home lasted until 4am, despite him having a match the following day, the tribunal was told.“Several Manchester City first-team players, including the club captain, were all present at the parties that I attended and hosted,” claims Mendy in a written statement.“We all drank alcohol. We all had casual relations with women. We all breached Covid-19 restrictions. This does not excuse my behaviour, but I feel that it is unfair for Manchester City to single me out in the way that they have. The difference between me and the other Manchester City players is that I was the one that was falsely accused of rape and publicly humiliated.”At the time of Mendy being initially investigated by police, Brazil midfielder Fernandinho was club captain. Earlier in Mendy’s career at the Etihad, Vincent Kompany and David Silva had been club captains. City’s current club captain is Kyle Walker.Mendy, appearing via videolink, told the tribunal he and his agent N’diaye had been assured by City’s then chief football operating officer Omar Berrada that he would receive his unpaid wages once he had been cleared of the charges.The footballer sent Berrada a WhatsApp message in November 2022, asking if he could confirm in writing that the wages would be paid, the tribunal heard.But Berrada did not reply to the message and denied ever having made such an assurance.After his acquittal, Mendy sent an email to Khaldoon Al Mubarak, the chief executive of City, but again received no response.The club continued paying Mendy following his first arrest in November 2020, but argued they did not have to carry on doing so later because his bail conditions and Football Association suspension meant he was not able to perform his duties as a player.Mendy’s witness statement continued: “I would have thought that Manchester City, of all clubs, would appreciate the lack of control and anger that a person or entity has with being charged with false allegations given the Premier League allegations that they are facing.“At no point have Manchester City apologised to me or even acknowledged how their actions almost cost me everything.“I believe that it is fair and just for me to be paid the wages that I would have earned but for being falsely arrested for crimes that I did not commit.”Mendy was found not guilty of six counts of rape and one count of sexual assault in January 2023, but the same jury could not reach a verdict on another count of rape and one count of attempted rape.It saw a retrial and Mendy was found not guilty of one charge of rape and one charge of attempted rape.In April, a High Court tax debt case against Mendy was dismissed after he paid a £700,000 bill.The employment tribunal is expected to last for two days.",2024-10-14,Manchester City,null
24,Pep Guardiola ‘decision’ timeframe revealed after FA ‘sound out’ Man City boss,"Pep Guardiola has been ‘sounded out’ by the FA over taking the England job at the end of the season, with the Manchester City boss set to ‘make a decision in the coming weeks’.Guardiola is out of contract at the end of the season and while the FA are considering other candidates to become the permanent successor to Gareth Southgate, the Catalan manager is viewed as the ideal option.The Times report that the FA made ‘informal contact’ with Guardiola at the start of the season, and although the 53-year-old is yet to respond to the approach, he is considering his options and is decide on his next move – if indeed he decides to move – relatively quickly to ‘avoid leaving Manchester City in the lurch’.Guardiola is into his ninth season as City boss and has won six Premier League titles, four on the bounce, and the treble in 2023.He clearly fits the criteria outlined by the FA when they advertised the post in July.It said the governing body wants a manager with “significant experience of English football, with a strong track record delivering results in the Premier League and/or leading international competitions” as well as someone “experienced in successfully identifying, managing and developing English-qualified players”.When asked about his future on Sunday, Guardiola said on Italian TV show Che Tempo Che Fa: “Leaving City? It’s not true, I haven’t decided yet. And it is not even true that I will be the next England coach. If I had decided I would say it… I don’t know either, anything can happen.”The report claims the FA want to keep the details of their search for a new manager and any discussions with candidates confidential, though it’s thought they are also interested in Thomas Tuchel, who is out of work having left Bayern Munich at the end of last season.But ‘there is a belief among coaching staff at St George’s Park that Guardiola is top of the FA list’.City want Guardiola to stay at the club into his tenth season, and him spending time with City chairman and friend Khaldoon Al-Mubarak during the international break offers hope of that, given the City chief persuaded Guardiola to extend his contract at the end of the 2020/2021 season when all signs pointed to his departure.The report claims that ‘out of respect to City, he [Guardiola] wants to give them clarity on his future as early as possible so they have enough time to sound out a potential replacement if he leaves’.The departure of director of football Txiki Begiristain – a close confidant of Guardiola’s – at the end of the season may also be a factor.“One of the reasons I extended my contract two times is because Txiki is here,” Guardiola said in 2021. “We work together incredibly well.”",2024-10-14,Manchester City,null
25,Man City superstar Erling Haaland blasted for behaviour ‘not worthy of being captain’,"Man City superstar Erling Haaland has been slammed over behaviour “not worthy of being captain” after Norway lost 5-1 to Austria at the weekend.Haaland became Norway’s all-time leading goalscorer last week to continue his great start to the season after bagging ten goals in his first seven Premier League matches of the season.The Man City striker went into Thursday night’s Nations League clash against Slovenia only one behind Jorgen Juve, who scored his 33 goals nearly a century ago.It took Haaland only seven minutes to equal the mark, the 24-year-old converting a rebound in emphatic fashion.And in the 62nd minute he tucked a side-footed effort into the bottom corner for his 34th international goal to hold the record outright.Haaland, who recently reached the 100-goal mark for City in only 105 appearances, has been just as prolific for his country as his club, with his historic feat coming in just 36 matches.He made his Norway debut in September 2019 against Malta, scoring his first goal the following year against Austria.Haaland has scored three hat-tricks for his country – against Romania, Gibraltar and Kosovo.But his latest performance as they were thrashed 5-1 against Austria has come in for criticism, along with his decision to not speak to the assembled media after the match.There was criticism of his leadership as other players spoke to the media on their way back to the bus, but Haaland refused to.And VG journalist Kristoffer Lokberg insists Haaland’s behaviour was “not worthy of being captain”.Lokberg said: “It’s a shame. If there’s anyone we want to hear from after a violent slump, it’s the captain. How was it communicated out here?“How do you think after the 3-1 goal? Do you gather them? What do you do? When you are captain, you have been assigned a role that requires a little extra. Then you should stand up.”Former Man Utd defender Wes Brown thinks Haaland was “rattled” by Gabriel Magalhaes during Man City’s 2-2 draw against Arsenal in late September.Brown said recently: “I think Gabriel rattled Erling Haaland a little bit the other day. You could see there were a few little squabbles between the pair, and I think that means that Haaland knew that he was having a tough game against Gabriel, even though he scored.“He’d probably lap it up if he was having a good game so you can tell that he must have got to him throughout the match.“It can be easy to lose your head a bit at times. It was a big game between the two best sides in the league and I reckon it’ll be those two at the top again. Manchester City scored that late goal but they’ll still be disappointed with drawing the game – it was a chance for them to pull away a little bit.“You could see it was a very physical game so it’s no surprise things spilled over a little bit between the players.”",2024-10-14,Manchester City,null
26,Man City boss Pep Guardiola names team he wants to avoid in the Champions League: 'They destroy me',"Man City boss Pep Guardiola has explained why he wants to avoid former club Barcelona in the Champions League this season.The Catalan spent the majority of his playing career at Barcelona with Guardiola rising through the La Masia youth ranks to play for the first team.Current Man City boss Guardiola, who made 382 appearances for Barca, won six La Liga titles, two Copa del Reys, four Spanish Super Cups, a European Cup, a UEFA Cup Winners’ Cup and a European Super Cup as a player at the Camp Nou.His managerial career also started at the Camp Nou with Barcelona B, before impressing enough to succeed Frank Rijkaard at the end of the 2007/08 season.Guardiola achieved immediate success with three La Liga titles, two Copa del Reys and two Champions Leagues in his three full seasons before taking a sabbatical.Man City have four points from their opening two Champions League group matches against Inter Milan and Slovan Bratislava and when asked who he wants to avoid as they progress in the competition, Guardiola replied on Italian chat show Che Tempo Che Fa: “Good question. Barcelona maybe.“The affection I have for them destroys me. I was born in a small town nearby, it’s never easy to play against them.”When asked for his thoughts on the new Champions League format, Guardiola added: “I don’t understand, I just coach.“I think we’ll be able to answer this question only at the end of the season.”Lionel Messi was outstanding for Guardiola during his three years coaching at Barcelona with the Argentina international scoring 672 goals in 778 matches during his entire time at the Catalan giants.When speaking about his time with Messi, Man City boss Guardiola has compared the World Cup winner to other sporting legends Tiger Woods or Michael Jordan.On Messi, Guardiola continued: “You have to know him.“For me it’s easy to say that he is the best player of all time, but the stars came together at that moment.“Maybe it’s a lack of respect for Pele and Maradona, but for me he is [the best of all time]. I’ve never seen someone like him in training, you couldn’t imagine that he could maintain this continuity for 15-20 years.“When you see him up close, you think of Tiger Woods or Michael Jordan – we were lucky to be contemporaries of these characters. I think of Sorrentino’s ‘The Great Beauty’… it’s a great title for that team.”",2024-10-14,Manchester City,null
27,Pep Guardiola responds to England job link and Man City exit claims: 'Anything is possible',"Man City boss Pep Guardiola admits “anything is possible” when questioned about links to the England job amid doubts about his continuation at the Etihad Stadium.The Citizens have started the season well with Guardiola guiding his defending champions to an unbeaten start with five wins and two draws from their first seven Premier League matches.That sees Man City second in the Premier League table, one point behind leaders Liverpool and well positioned to win their fifth consecutive title this term.However, they are facing a growing number of questions this summer with Guardiola’s future up in the air and a number of key reportedly thinking of leaving if the Catalan departs at the end of his contract next summer.There have been rumours that Man City have requested that Guardiola makes a decision by Christmas in case they have to search for a new manager.Guardiola has been linked with the England job following Gareth Southgate’s departure in the summer with the Three Lions losing to Spain in the Euro 2024 final.When asked on Italian chat show Che Tempo Che Fa if it would be his last season at Man City, Guardiola replied: “That’s not true, in the sense that I have to think about it.”When asked if he will become the next England manager, Guardiola added: “No, that’s not true.“If I had decided something I would say so. Anything is possible.”Txiki Begiristain’s departure next summer has seen speculation ramp up that Guardiola will leave Man City but transfer expert Fabrizio Romano insists the Citizens are “confident” of keeping the former Barcelona midfielder for “at least for one more season”.On Begiristain leaving his role as a Man City director, Romano wrote in his Caught Offside column: “Pep Guardiola is obviously the main man at City, but behind the scenes Begiristain is the man signing all the superstars – he’s made some fantastic signings during his time there, and he’s also very highly regarded for his work at Barcelona before that.“I’m told that he will now take a sabbatical, but his intention is not to retire. We’ll see how long his break will be, but his plan is to take his time and see what other opportunities there will be in the football world.“Meanwhile, it will be time for Manchester City to find a new director of football and my information is that the big favourite for the job is Hugo Viana of Sporting Lisbon. He’s a strong candidate and has very good chances to replace Begiristain at City. He’s done an excellent job in Portugal, signing players like Viktor Gyokeres and Ousmane Diomande, so he’s a very talented director.“I can confirm that contacts are already ongoing, so keep an eye on this one as it looks like Viana has a good chance of becoming a new key figure behind the scenes at Manchester City. I rate him really highly and so I’m not surprised to be told about him being favourite for the job. Txiki Begiristain is a world class director, one of the best in history, he made incredible things in Spain and then he built this City masterpiece with Pep and Ferran Soriano, so it’s a big blow for City, for sure, but I’m also sure they know how to replace him in the best way possible.“Some fans have also asked me what this all means for Guardiola’s future, but my information is that Begiristain leaving doesn’t mean that Guardiola is also leaving. The feeling inside City is that they are confident of keeping Guardiola at least for one more season – the final approval, the final decision will be from Pep himself, but my information remains that the change in director doesn’t mean that the manager will also be leaving.“Guardiola is taking his time to decide at this important point in City’s project, but the club are confident and optimistic about keeping their manager, with Begiristain’s future not changing that.”",2024-10-14,Manchester City,null
28,FA implored to ‘go after Pep’ after Lee Carsley plays down England credentials,"Roy Keane has sent a simple message to the FA when it comes to finding a permanent replacement for Gareth Southgate: just get Pep.Manchester City boss Pep Guardiola is out of contract at the end of the season and is yet to shed any light on what his future plans are beyond that – and after speaking previously of his desire to take a team to a World Cup, many fans are dreaming that the Catalan might be tempted to take the job.Interim England boss Lee Carsley also refused once more to be drawn definitively on his future after a 3-1 victory away to Finland, but did suggest he expects it to go elsewhere, telling ITV: “My bosses have made it totally clear what they need from me. This job deserves a world-class coach that’s won trophies and been there and done it. I’m still on the path to doing that.”MORE ON FINLAND 1-3 ENGLAND: England make hard work of making superior quality count against FinlandIan Wright gave his reaction from the studio, saying: “I think he’s being very honest and when you look at him I believe him: he doesn’t think he’s ready. Like he says, he knows his remit, he’s got the six games, and I admire what he’s doing.“What’s good about it is he’s getting the opportunity to have a go at this, which is very very privileged to do. It’s a privilege to get that chance.”Asked about who might get the job if not Carsley – and presented with Eddie Howe, Graham Potter or Thomas Tuchel as potential options – Keane said: “The most important thing is getting the right man.“The names you’ve mentioned there, I’m sure they’ve all got a chance, but the FA have to go for the best guy, whatever. Whether finances will play a part in it…“If Lee obviously rules himself out and he’s not interested – that seems to be the noises coming out – the FA had better get busy and get the right man.”When asked if he thought it would be one of the three candidates put forth, Wright said: “It’s a job that comes with a lot of pressure, so you need to make sure you get the right person, and if they’re saying that he’s ruling himself out, I don’t know what’s going on…”Keane interjected with an impassive shrug: “Pep. Go after Pep. Go for the best. Pep’s contract is up in the summer.”Just as easy as that, we’re sure.",2024-10-13,Manchester City,null
29,Guardiola leaving? Man City make new 'surprise favourite' successor decision; Pep tipped to 'accept challenge',"According to reports, there is a new ‘favourite’ in the frame to replace Manchester City head coach Pep Guardiola before next season.Guardiola’s long-term future is in doubt as his contract is due to expire at the end of this season.The Spaniard has revolutionised English football since being appointed Man City boss in 2016 and is regarded as one of the best managers in the world.The Man City boss has remained coy when asked about his future, but he recently insisted that he is “pleased” to be with the Premier League side.“I love Italy but I really enjoy being here. I love English football. It is fantastic. I really enjoy it,” he said.“They leave you alone to get on with your job. That doesn’t happen anywhere else. This is a great club. I really feel good here. I am pleased to be here.”Doubts about Guardiola have fuelled speculation linking Man City with several potential replacements and it’s also been suggested that Txiki Begiristain’s exit at the end of this season could usher the head coach closer to an exit.READ: Gyokeres to Man City? Viana’s five best signings ranked on likelihood of joining Guardiola’s sideHowever, Fabrizio Romano has insisted that “Begiristain leaving doesn’t mean that Guardiola is also leaving”.“Some fans have also asked me what this all means for Guardiola’s future, but my information is that Begiristain leaving doesn’t mean that Guardiola is also leaving,” Romano said.“The feeling inside City is that they are confident of keeping Guardiola at least for one more season – the final approval, the final decision will be from Pep himself, but my information remains that the change in director doesn’t mean that the manager will also be leaving.“Guardiola is taking his time to decide at this important point in City’s project, but the club are confident and optimistic about keeping their manager, with Begiristain’s future not changing that.”A report in Spain claims Guardiola is ‘in England’s orbit’ and he is ‘thinking about accepting this new challenge’. It is stated that ‘this possible scenario has activated the alarms’ at Man City, who have Michel, Luis Enrique and Ruben Amorim on their ‘list’ of possible successors.While Michel was ‘at first’ the ‘favourite’ to succeed Guardiola, this is no longer the case. The report explains.‘At first, the favourite to succeed him was Michel, coach of Girona, a club that, as part of the City Football Group, has stood out with an attractive and competitive style of play that has caught the attention of Etihad managers. However, with the departure of Txiki Begiristain, the situation has changed and the profile of other coaches has gained weight.‘Another name that has sounded strongly is that of Luis Enrique. His style, based on the possession and attack, would fit perfectly with Manchester City’s DNA, as well as having enough experience to cope with the high standards of the Premier League and Champions League.‘But the real surprise has come with the entry of Ruben Amorim as the main candidate for the City bench. The Portuguese coach, who has led Sporting de Portugal with great success, is the favourite of Hugo Viana, their current sporting director, who will be in charge of City’s sporting direction next season.‘Amorim, one of Europe’s most promising young managers, has shown his ability to manage a high-level dressing room, and his relationship with Viana could be key to his arrival in Manchester.’",2024-10-13,Manchester City,null
30,Man City FFP: 'Big win' to make PL chiefs 'instantly delete' rules after APT verdict amid 'resignation' demand,"A football finance expert claims Manchester City’s “big” APT hearing “win” will force the Premier League to ‘instantly delete’ some of its current rules.At the start of 2023, it emerged that Man City are facing over 100 charges for alleged breaches of the Premier League’s Financial Fair Play rules. This followed a four-year probe into their conduct between 2009 and 2018.Pep Guardiola‘s side have insisted their innocence but if they are found guilty, they could be given a huge fine, points deduction, transfer ban or expulsion from the Premier League.Earlier this year, Man City fought back against the Premier League as they launched an unprecedented campaign for the removal of Associated Party Transaction (APT) rules.While the FFP hearing is ongoing, the APT case has already concluded. It’s claimed Man City and the Premier League achieved success, but the club narrowly “won on penalties”.READ: Gyokeres to Man City? Viana’s five best signings ranked on likelihood of joining Guardiola’s sideEarlier this week, Premier League chair Alison Brittain was urged to “resign as soon as possible” after the APT hearing, while Stefan Borson explained why ‘some of the APT rules will need to be instantly deleted’.“One of City’s big wins was in relation to a matter they always warned the Premier League teams about, which were the new rules that came in in February of this year,” Borson told Football Insider.“Those rules had only a few tweaks in terms of the drafting, but it was found in the hearing that the drafting changes were material in terms of moving the likelihood of false appraisals by the Premier League and false rejections of commercial deals, moving those in the wrong direction.“They were effectively unwound as being unlawful.“City in October when these were first proposed by the Premier League did say to people around the table ‘We are not sure these are lawful and, if you proceed, not only will we vote against them, but we reserve our rights to challenge them legally’.“The Premier League and the clubs carried on, and City did launch the legal challenge that we see now.“What’s also interesting is that, even with that legal challenge that’s been made by City, it only just got through on the vote.“It only got through on the vote because of two teams abstaining, not because they voted for it, so only 11 teams actually voted for those changes that are now found to be unlawful.“That particular element was a big win for City because those rules went too far, and the tribunal agreed with them. They will have to be deleted because they are unlawful.”",2024-10-13,Manchester City,null
31,Erling Haaland 'rejects offer' as Man City star has 'already decided' next move in 'bomb of the summer',"Erling Haaland has ‘already decided’ his future ahead of next summer with the Man City superstar to leave the Etihad Stadium, according to reports.The Norway international has made a brilliant start to the new Premier League season with ten goals in seven matches for the Citizens.His goals have helped Man City make an unbeaten start to the campaign with Pep Guardiola’s side currently one point behind leaders Liverpool.But there is lots of uncertainty at Man City with the Premier League champions currently at the centre of a hearing into 115 charges leveled against them over alleged breaches of the Premier League’s financial fair play rules.There has been speculation that, if found guilty, the Citizens could face a points deduction, relegation or even expulsion and that has led to rumours about the future of Guardiola and some of their players.Haaland is one of those players who’s been linked to other clubs with the 24-year-old already winning two Premier League titles, an FA Cup and a Champions League in his first two seasons in England.There have been rumours that Barcelona will use their new deal with sportswear giants Nike to pursue Haaland, while there has been interest from Real Madrid and Paris Saint-Germain.However, reports in Spain now claim that Haaland has ‘rejected an offer’ from French giants PSG and that he ‘already knows where he will play’.It is claimed that Haaland is about to drop the ‘bomb of the summer’ on Man City with the Norwegian ‘ready to take the next big step in his career’.Haaland insists that ‘his future does not lie with PSG, but with a more ambitious destination’ despite the Ligue 1 side ‘launching a multi-million euro offer to convince the Norwegian to join their project.’The Man City striker has ‘rejected this option’ and he’s ‘clear that his priority is to end up in Spain , where he believes he can continue to develop his career at the highest level.’Although Haaland’s ‘final decision has not yet been made public, all signs point to his future being in La Liga’ – but, according to the report in Spain, ‘what is clear is that Haaland is ready to leave England and take the next step in his career, and Spain seems to be his chosen destination’.If Haaland chooses to remain in Manchester, then former Man City defender Richard Dunne reckons the Norway international will break Alan Shearer’s all-time Premier League goalscoring record.Dunne told BetVictor: “If he plays enough games, Erling Haaland will without a doubt break Alan Shearer’s Premier League scoring record.“The way he’s playing at the moment, he’ll break every record going in England. He’s already scored 10 goals in the league this season and you’d expect him to probably reach 20 by Christmas. The numbers we’re talking about with him are incredible.“You never want to assume anything, but he’ll likely be thinking that he should be getting 40 league goals this season. He looks sharp and he looks as though he’s enjoyed the summer off while a lot of other players were at the Euros. He’s the difference between City and everyone else; he’s the best striker in the world.”",2024-10-12,Manchester City,null
32,Man City ‘choose’ shock ‘replacement’ for Pep Guardiola after ‘new destination’ is revealed,"Man City have reportedly chosen their replacement for Pep Guardiola with the Catalan on the verge of leaving in the summer, according to reports.The Citizens have made a good start to the new season with the defending Premier League champions still unbeaten after winning five and drawing two of their opening seven league fixtures.Man City are currently second, one point behind Arne Slot’s Liverpool side, but they will have to deal without Rodri for the rest of the season.As well as Rodri’s injury, the Citizens are having to deal with 115 charges hanging over their head for alleged breaches of the Premier League’s financial fair play rules, as well as the outcome of their APT case against the governing body.There has also been speculation about Guardiola’s future and how that could impact players with several linked to departures if the Man City boss leaves in the summer.Reports in Spain last week claimed that Guardiola has chosen a ‘new destination’ away from City and ‘could be closer than ever’ to taking the England job.The Football Association ‘would be interested in the Catalan coach taking charge of the team from next summer, taking advantage of the fact that his contract with Manchester City ends in June 2025.’It added that Erling Haaland, Rodri and Kevin de Bruyne are the three players who would be ‘reconsidering their futures’ if Guardiola was to leave at the end of the seasonAnd the latest reports from Spain have claimed that ‘everything points to’ Guardiola not being at Man City next season amid the pending departure of his friend Txiki Begiristain.The report insists Man City ‘choose replacement’ for Guardiola and ‘it’s a bomb’ in the form of Paris Saint-Germain boss Luiz Enrique.Enrique is ‘the big favourite’ to follow Guardiola at the Etihad Stadium ‘but attracting the coach from Paris will not be an easy task’.The fact that the Spaniard shares a ‘similar football vision’ to Guardiola appeals to Man City and his record, which includes winning the Champions League at Barcelona, ‘​​fits perfectly with the ambitions of the English club’.Former Man City centre-back Richard Dunne is predicting that this will be Guardiola’s “toughest season” as the Citizens manager.Dunne “I think this might be Pep Guardiola’s toughest season as City manager. He came out after their last Carabao Cup game and said he wasn’t going to waste any more energy on the competition, which makes you think he’s showing signs that it will be a tough season.“They’ve come into this season off the back of the Euros and then head straight to the Club World Cup next summer, so it’s not going to be easy for the players or the manager.“It’s hard when you’re involved in every competition, not least when you’re also expected to win all of them. Compared to the last few seasons, this year will be a real challenge. I think that might be what they need, though, having won the league four times in a row.“I questioned whether they had the desire to go and do it again, but maybe this is just the type of challenge they need. The setbacks of losing Rodri and the charges held against them might be the motivation they need to get through the season.”Dunne added: “There is a chance that City could end the season trophyless if they try to push on every front. It’s really difficult to win any competition and it’s actually abnormal the manner in which City constantly win trophies.“I don’t think it would be abnormal if they went through the season without winning one. I think it’s just incredible that they’ve managed to win a trophy every year for so long, rather than it being a disaster if they go a season without one.“With the experienced nature of the squad and the way the competition is set up, they may not have to push at full strength in the Champions League for the entire season. They also know how the Premier League works, in terms of when they really have to go for it and be at their best. They’ll still compete on every front but it’ll be a very tough season.”",2024-10-12,Manchester City,null
33,Man City FFP: Premier League chief told to 'resign as soon as possible' after ATP case verdict,,2024-10-12,Manchester City,null
34,"Man City APT 'mayhem' as ruling sparks 'new points deduction fear' amid Arsenal, Liverpool 'problem'","It has been suggested that Manchester City’s Associated Party Transaction (APT) ruling could ’cause mayhem’ as Arsenal and Liverpool have a “big problem”.Man City were charged with breaching over 100 of the Premier League’s Financial Fair Play rules at the start of 2023. If found guilty, they could be given a points deduction, a huge fine, a transfer ban or expulsion.Pep Guardiola‘s side were changed following a four-year probe into their conduct between 2009 and 2018 but have insisted they are innocent.Earlier this year, Man City fought back against the Premier League as they campaigned for the removal of APT rules. If they were successful, it would dramatically alter their FFP case as a large portion of their charges would become redundant.While City’s FFP case is ongoing, the APT hearing recently ended and the verdict was made public earlier this week.It’s claimed Man City and the Premier League had success, but the club are said to have narrowly ‘won on penalties’.READ: Rice, Ederson have been Arsenal, Man City’s worst players in the 2024/25 Premier LeagueA couple of aspects of the Premier League’s APT were deemed ‘unlawful’, with it found that shareholder loans shouldn’t be excluded from the figures for Profit and Sustainability.In an interview with Football Insider, former Everton chairman Keith Wyness claimed Man City’s APT verdict could ’cause mayhem’ as it sparks a ‘new points deduction fear’.While Wyness cannot see Premier League clubs being “retrospectively” punished, he explains why the shareholder loans change could “give a lot of clubs some big problems”. It is noted that Arsenal and Liverpool are at risk, as they owe their owners £259m and £137m respectively.Wyness said: “There is a Premier League meeting being called for next week.“The big issue about the interest rate being charged and just so that people understand, owners can put money into their clubs and they don’t charge any interest. Man City were saying that’s just as equivalent as an inflated sponsorship.“What they’re saying is that now the interest must be added at market rate to any of those loans and, if that was to be retrospectively charged, then that would give a lot of clubs some big problems and would probably make them fail PSR.“The big question is ‘Would it be retrospective?’. I don’t believe it will be, but if it was to be the case, that would create mayhem within the Premier League and, with the backlog of legal cases and tribunals, that would be incredible.“I think common sense must prevail and I think legally there must be a way to make sure that because that was not the rule at the time, they can’t do this retrospectively.“That’s still not finalised yet, but that’s one big area that could open up Pandora’s box.”",2024-10-11,Manchester City,null
35,Man City defender admits lack of minutes under Pep ‘frustrating’ despite international importance,"John Stones has been a mainstay in the England national team for a number of years, though that hasn’t always been the case at club level.This season, Stones has been at the wrong end of what Fantasy Premier League managers call ‘Pep Roulette’, in other words, a victim of Pep Guardiola’s constant rotation of his team.Stones is regularly in and out of the Spaniard’s lineups, with defenders Ruben Dias, Manuel Akanji, Nathan Ake and Josko Gvardiol all options for the Manchester City boss.Stones, 30, captained England for the first time in their defeat to Greece on Thursday, showing his maturity and the trust interim boss Lee Carsley has put on him, admitting it is frustrating being so heavily rotated at club level.He said: “I’ve been in this position before, where you are in and out and don’t really get a run of games, but you still know how important you are and you know not to get frustrated and to be there for the team. That’s what I’ve done and I’ve had a positive effect from the bench and when I have started as well.”Stones’ has taken his game to new heights in recent seasons, showcasing his versatility, putting in performances while playing in midfield.Stones continued: “I’m in a positive mindset and I think that is really important because at times like these, more inexperienced players can maybe get frustrated and that has a bad effect when called upon. It means you’re not ready, you’re not in that positive frame of mind.”“It’s always frustrating when you want to play and I am always going to say I wish I could start every game but it is a long season and there are a lot of important games coming up. I’ve learnt over the years to put my personal problems or feelings to one side and be there for the team.”Stones signed for City in 2016 for £47.5m, making him the second most expensive defender at the time, and has huge faith in boss Guardiola, despite not playing as much as he wants.“I have been with Pep for nine seasons now and he knows all my qualities, all my weaknesses, and it is not about trying to impress him or prove anything to him. At the end of the day, it is out of my hands and I put a lot of trust in the club.”",2024-10-11,Manchester City,null
36,Man City ‘complete’ director of football agreement with new man set for second Premier League stint,"Exclusive’s from both the highly reliable David Ornstein and Fabrizio Romano are set to change the course of the future for Manchester City.Earlier this week, Ornstein put out the news that City sporting director Txiki Begiristain is set to leave the club at the end of the season, with Romano then reporting his replacement will be current Sporting Lisbon man Hugo Viana.The agreement is complete, with Viana playing a pivotal role in bringing the likes of Victor Gyokeres, Morten Hjulmand and Ousmane Diomande to the Portugese capital.Begiristain has been at City since 2012, and played an important role in convincing Pep Guardiola to come to the Etihad in 2016 after he had been on a sabbatical.Bergiristain has been at the forefront of building the club up over the last 10 years, but leaves with the club on a crossroads with Guardiola’s own City future up in the air, as well as the 115 charges for alleged breaches of the Premier League’s financial fair play rules that loom around the club.Guardiola and Bergiristain also worked together at Barcelona, having both played for the Catalan giants, sharing a great relationship.The Spanish sporting director played a part in bringing together the entire current City team, showing how large a void he will leave behind with hardly any of City’s signings in the last decade to be deemed as failures.His replacement, Viana, is no stranger to English football having played for Newcastle between 2002 and 2006, with the Magpies paying £8.5m for him at the age of 19. We’re not so sure he’ll be able to get such a bargain for a top teenager for that price now, but it is City and we’ve already heard about them FFP charges.Viana also went onto play for Valencia, Osasuna and Braga, before finishing his playing career in the Middle East with Al Ahli and Al-Wasl in 2016.He was appointed the sporting director of Belenenses in 2017, though he spent just six months there before returning in the role for Sporting in 2018.Over the past five years, Sporting have made a €200m profit thanks to big money sales of star players Bruno Fernandes, Pedro Porro, Matheus Nunes and Manuel Ugarte.With the quartet all playing in England’s top flight now, it’s understandable why City have their sights set on Viana. The 41-year-old played a part in Sporting winning their first league title in 19 years back in 2021, a crown they reclaimed last campaign.",2024-10-11,Manchester City,null
37,Man City: Viana's 'first star signing' to replace Haaland with exit 'inevitable' amid £75m Barcelona 'sacrifice',"According to reports, incoming Manchester City sporting director Hugo Viana’s ‘first big signing’ could be an ‘ideal replacement’ for Erling Haaland.It is being widely reported that Sporting Lisbon chief Viana is the leading contender to replace Man City director of football Txiki Begiristain, who is set to leave the club at the end of the 2024/25 campaign.On Thursday morning, transfer expert Fabrizio Romano revealed why he’s “not surprised” Viana is the “big favourite” to replace Begiristain.Romano said: “He’s a strong candidate and has a very good chance to replace Begiristain at City. He’s done an excellent job in Portugal, signing players like Viktor Gyokeres and Ousmane Diomande, so he’s a very talented director.“I can confirm that contacts are already ongoing, so keep an eye on this one as it looks like Viana has a good chance of becoming a new key figure behind the scenes at Manchester City. I rate him really highly and so I’m not surprised to be told about him being favourite for the job.“Txiki Begiristain is a world class director, one of the best in history, he made incredible things in Spain and then he built this City masterpiece with Pep and Ferran Soriano, so it’s a big blow for City, for sure, but I’m also sure they know how to replace him in the best way possible.”READ: Ranking Man City favourite Hugo Viana’s top ten transfers at Sporting LisbonViano is expected to be busy in the coming months as it’s been suggested that Pep Guardiola’s exit could lead to more key assets leaving next year.Haaland has established himself as one of the best strikers in the world since joining Man City in 2022 for around £51m from Borussia Dortmund. He has 101 goals in his 108 appearances for the Premier League champions across all competitions.The forward’s future appears to be in doubt at the moment as he is being heavily linked with Barcelona, who are in the market for a striker to replace Robert Lewandowski.A report in Spain claims Haaland’s exit would be ‘almost inevitable’ if Guardiola decides to leave upon the expiry of his contract next year.Haaland’s potential exit reportedly makes Viana ‘very interested’ in making Sporting Lisbon striker Viktor Gyokeres his ‘first star signing’.The Sweden international left Coventry City to join Sporting Lisbon during the 2023 summer transfer window for around £15m.Gyokeres has been sensational for Sporting Lisbon since the start of last season. He’s currently clear of Haaland as the top scorer in Europe this year.Man City’s reported interest in Gyokeres is understandable, but they are said to be facing competition from Barcelona in the race to sign him.The report in Spain also claims Barcelona are ‘considering sacrificing’ Raphinha to raise funds for signings and could ‘request’ 90 million euros (£75m) as his immense start to the season has raised his valuation.Gyokeres, Haaland and Isak are ‘on their agenda’ as replacements for Lewandowski, while head coach Hansi Flick is ‘in favour of betting on’ Florian Wirtz or Jamal Musiala instead of Nico Williams.",2024-10-10,Manchester City,null
38,Guardiola leaving Man City? Romano drops 'sabbatical' reveal amid 'final decision' claim after 'big blow',"Fabrizio Romano has revealed his “information” on Pep Guardiola’s future at Manchester City and ‘what’s next’ after Txiki Begiristain’s departure.Guardiola has entered the final year of his contract at Man City and it remains to be seen whether he will sign a new deal.The former FC Barcelona and Bayern Munich boss has been Man City’s head coach since 2016 and has helped the English side win the Premier League six times. He also guided them to their first Champions League triumph at the end of the 2022/23 campaign.The Spaniard has remained coy when asked about his future in recent months. There was a development earlier this week as it was confirmed that his close confidant – Begiristain – will leave the club at the end of this campaign.60-year-old Begiristain has been Man City’s director of football since 2012 and Romano believes Sporting Lisbon chief Hugo Viana is a “strong candidate” to replace him.It has been suggested that he could retire at the end of this season, but Romano claims “he will now take a sabbatical”.“I’m told that he will now take a sabbatical, but his intention is not to retire. We’ll see how long his break will be, but his plan is to take his time and see what other opportunities there will be in the football world,” Romano said in his Daily Briefing column.READ: Man City: ‘Three’ APT ‘wins’ to allow ‘immediate’ £60m deals ‘agreement’ amid PL ‘black mark’“Meanwhile, it will be time for Manchester City to find a new director of football and my information is that the big favourite for the job is Hugo Viana of Sporting Lisbon.“He’s a strong candidate and has very good chances to replace Begiristain at City. He’s done an excellent job in Portugal, signing players like Viktor Gyokeres and Ousmane Diomande, so he’s a very talented director.“I can confirm that contacts are already ongoing, so keep an eye on this one as it looks like Viana has a good chance of becoming a new key figure behind the scenes at Manchester City. I rate him really highly and so I’m not surprised to be told about him being favourite for the job.“Txiki Begiristain is a world class director, one of the best in history, he made incredible things in Spain and then he built this City masterpiece with Pep and Ferran Soriano, so it’s a big blow for City, for sure, but I’m also sure they know how to replace him in the best way possible.”Regarding Guardiola’s future, Romano claims Begiristain’s exit “doesn’t mean” the head coach “is also leaving”.Some fans have also asked me what this all means for Guardiola’s future, but my information is that Begiristain leaving doesn’t mean that Guardiola is also leaving,” Romano added.“The feeling inside City is that they are confident of keeping Guardiola at least for one more season – the final approval, the final decision will be from Pep himself, but my information remains that the change in director doesn’t mean that the manager will also be leaving.“Guardiola is taking his time to decide at this important point in City’s project, but the club are confident and optimistic about keeping their manager, with Begiristain’s future not changing that.”",2024-10-10,Manchester City,null
39,England: Carsley to ‘deploy false nine’ in ‘bold’ starting XI vs Greece; five-man attack to be named,"According to reports, England interim boss Lee Carsley is ‘considering deploying a false nine’ against Greece in the UEFA Nations League on Thursday night.Carsley was named interim boss after Gareth Southgate quit following England‘s 2-1 loss to Spain in the Euro 2024 final.While Manchester City boss Pep Guardiola is said to be ‘closer than ever’ to becoming England’s manager, Carsley is still vying for the role permanently.The 50-year-old has already had a successful stint as England U21 manager and his side got off to a winning start in the Nations League last month. They earned comfortably wins over the Republic of Ireland and Finland this month.The second international break of the 2024/25 campaign is here. England face Greece at Wembley on Thursday night before they travel to face Finland on Sunday.READ: England: Palmer fourth in ranking of potential Kane replacements to solve 2026 World Cup conundrumA report from Paul Joyce for The Times claims Harry Kane picked up a knock before the international break and ‘will not be risked’ against Greece. In his place, Man City defender John Stones ‘will lead the side for the first time’.Without Kane, the report claims ‘England have looked at deploying Jude Bellingham as a false nine against Greece as Carsley considers packing an array of attacking talent into his line-up’.Carsley is reportedly ‘set to name a bold attacking line-up which also includes Cole Palmer, Phil Foden, Bukayo Saka and Anthony Gordon’. The report claims.‘In a bold blueprint that would whet the appetite of a sold-out Wembley crowd, Cole Palmer, Phil Foden, Bukayo Saka and Anthony Gordon may also all feature along with Bellingham from the start in the Nations League tie.‘Harry Kane, the captain, will not start and is unlikely to be risked so John Stones will lead the side for the first time. Jack Grealish also sat out team training on Wednesday and ­Carsley has been mulling over selecting an adventurous starting XI.’‘While Ollie Watkins and Dominic Solanke would be more natural alternatives to Kane, the use of Bellingham as a spearhead who can drop deeper has been trialled in training. Bellingham was utilised in that role at club side Real Madrid at the start of last season and he enjoyed a prolific scoring run. He has reverted to midfield this term and has yet to score for Carlo Ancelotti’s side.‘If the system is pressed into action, it would serve as another example of Carsley putting his own stamp on the national team as he continues what is effectively a six-match audition to prove to the FA that he should succeed Gareth Southgate on a permanent basis.’Joyce has named England’s full ‘possible’ XI to face Greece: Jordan Pickford; Trent Alexander-Arnold, John Stones, Levi Colwill, Rico Lewis; Cole Palmer, Declan Rice, Phil Foden; Bukayo Saka, Jude Bellingham, Anthony Gordon.",2024-10-10,Manchester City,null
40,Man City: 'Three big' APT 'wins' to allow 'immediate' £60m 'agreement' amid 'black mark' against PL,"Manchester City have been tipped ‘to agree’ three ‘immediate’ sponsorship deals worth around £60m following the conclusion of their APT hearing.At the start of 2023, Man City were charged by the Premier League after being accused of breaching over 100 Financial Fair Play rules.If found guilty, they could be given a huge fine, points deduction, transfer ban or expulsion from the Premier League.Pep Guardiola‘s side have insisted on their innocence since their charges emerged and their FFP hearing got underway last month.Earlier this year, the English champions battled back against the Premier League as they launched an unprecedented legal battle as they campaigned for the removal of the Associated Party Transaction (APT) rules.This hearing has already concluded. It’s been suggested that Man City and the Premier League had victories, but Guardiola’s team had a ‘main success’ and can be considered to have ‘won on penalties’.READ: Man City legal battle forces ’emergency meeting’ as ‘civil war explodes’ in Premier LeagueFormer Everton chairman Keith Wyness has offered his thoughts on Man City’s APT situation to Football Insider, claiming ‘they could agree three huge deals immediately’.Wyness suspects Man City “won on three big areas” as three potentially imminent sponsorship deals could be worth around “£60m a year”.“City won on three big areas,” Wyness said in an interview with Football Insider.“They were right about the way the sponsorships had been challenged wrongly and this again points to the Premier League not drafting their rules properly or executing their rules properly as in the Leicester case.“There were also criticisms about drafting and interpretation in the Everton and Forest cases as well, so that’s a really big black mark for the Premier League there.“City also won on the fact that owner funding should now be carrying a charge of interest with it. That’s a big win in terms of this for City and that’s got big ramifications for quite a few other clubs.“And thirdly, they’ve got a chance to get damages for the sponsorships that were withheld.“Now, we know that there were three big sponsorships. One for Etihad Airlines, one for the Emirates Palace Hotel, and then another one for the First Abu Dhabi bank.“That’s three big sponsorships. That could be something in the order of about maybe £60million a year.”Earlier this week, Culture Secretary Lisa Nandy claimed the Premier League will be left alone to to resolve its conflict with Man City.“I think there have been lots of issues in football, but the biggest issue that the Government is involved with is the issue about sustainability,” Nancy said.“The question of the Premier League is a matter for the Premier League and for the clubs to resolve amongst themselves.“What I’m really focused on is making sure that we have a sustainable, fair game, from the Premier League – which is a great British export, and it brings great joy to people – all the way through the Championship clubs to the grassroots.“That’s why we’re introducing the independent football regulator through legislation which we announced in the King’s Speech. I’m really excited to say that we’ll be introducing that very shortly.”",2024-10-10,Manchester City,null
41,Man City star Erling Haaland willing to ‘take pay cut’ to join Barcelona; ‘confident’ in Yamal link up,"Man City striker Erling Haaland is ready to reduce his wages in order to push through a move to Barcelona next summer, according to reports.The Norway international has made a brilliant start to the new Premier League season with ten goals in seven matches for the Citizens.His goals have helped Man City make an unbeaten start to the campaign with Pep Guardiola’s side currently one point behind leaders Liverpool.But there is lots of uncertainty at Man City with the Premier League champions currently at the centre of a hearing into 115 charges leveled against them over alleged breaches of the Premier League’s financial fair play rules.There has been speculation that, if found guilty, the Citizens could face a points deduction, relegation or even expulsion and that has led to rumours about the future of Guardiola and some of their players.Haaland is one of those players who’s been linked to other clubs with the 24-year-old already winning two Premier League titles, an FA Cup and a Champions League in his first two seasons in England.There are rumours he will seek a new challenge next summer with reports in Spain claiming that Barcelona ‘have shown a genuine interest in securing the Norwegian’s services.’The report adds:‘According to sources close to the club, Haaland is more than open to wearing the Barça shirt and has even expressed his willingness to reduce his salary in order to join the Camp Nou . This gesture reflects his desire to join one of the most prestigious clubs in the world and to be part of an ambitious project that will allow him to continue developing at the highest level.’Lamine Yamal was brilliant for Spain at Euro 2024 with the Barcelona winger one of the reasons why Haaland reckons the Catalans are ‘a club on the rise’.‘The chance to play alongside Lamine Yamal is an added incentive. Haaland is confident that his combination with Yamal could result in an unstoppable attacking duo, capable of scoring goals in abundance thanks to the young winger’s precise assists.’Haaland keeps himself in brilliant shape and Man City team-mate Jeremy Doku has revealed ways in which the Norwegian attempts to get an extra per cent out of himself.“There are things you see outside of the pitch with this squad that can help them get the best of themselves,” winger Doku told City’s website.“Erling, for example, works on every little advantage, like wearing glasses at night and sleeping with tape on his mouth. Everyone is a role model because you can learn something from everyone you meet.”",2024-10-09,Manchester City,null
42,Man City: Pep Guardiola makes ‘expensive desire’ his ‘last wish’ after ‘earthquake’ exit announcement,"Manchester City manager Pep Guardiola reportedly has an ‘expensive desire to strengthen his squad’: RB Leipzig attacker Xavi Simons.Simons is one of the most promising attackers in Europe and is spending his second season in a row on loan at Bundesliga club Leipzig.The Netherlands international recorded an impressive 10 goals and 15 assists in 43 appearances across all competitions last term and has four goal contributions in 2024/25.Only 21 years young, Simons is worth 80 million euros (£67million) on Transfermarkt and is under contract at his parent club Paris Saint-Germain until 2027.It is unclear what the Ligue 1 club’s long-term plans are for the young forward, though you get the impression they would be happy to cash in if a big offer is made.Simons has been linked with several Premier League clubs over the last year, including Arsenal, Liverpool, Newcastle United, Manchester United, and now Manchester City.Pep Guardiola is always looking to improve his squad and recruited winger Savinho for £21million in the summer transfer window.The Brazilian has started the season very well, with Man City looking very dangerous on the flanks with Savinho, Jeremy Doku and Jack Grealish all playing well.Simons can play anywhere across the front three and in behind the striker, making him a very effective player.Man City boss Guardiola ‘sets his sights on Xavi Simons’His versatility and ability has apparently caught the eye of City boss Guardiola, who has an ‘expensive desire’ to sign the Dutchman, according to Spanish website Fichajes.Indeed, it is claimed that Simons is ‘attracting the attention of the big European clubs’, including one-time Champions League winners City.In a bit of a bleak statement, the report says Simons is Guardiola’s ‘last wish’, hinting that the Spaniard will leave the club at the end of the season or after one season managing the youngster.On PSG, the report says the French champions ‘are watching carefully how the young talent continues to grow in Germany’ and are not ruling out integrating him into their squad next season.Fichajes adds:Teams like Manchester City would be willing to make a tempting offer for a player who seems destined to become a star.Although his loan to Leipzig has been fundamental to his development, his future at PSG is uncertain, as his performance and projection have not gone unnoticed. Guardiola’s interest could accelerate his jump into the Premier League, a league where his talent could flourish even more. Xavi Simons is expected to be one of the big names in the upcoming summer transfer window.Guardiola has been dealt a blow following director of football Txiki Begiristain’s decision to leave the Premier League champions at the end of the season.Begiristain has been incredibly successful and his exit announcement has caused an ‘earthquake’ at the Etihad, reports in Spain suggest.Man City remain unbeaten in the Premier League after seven matches and face Wolves at Molineux after the international break.",2024-10-09,Manchester City,null
43,Man City FFP: 'Main' PL 'success' revealed despite APT 'embarrassment'; Guardiola's side 'win on penalties',"A leading sports lawyer claims the APT case between Manchester City and the Premier League was only “won on penalties” by Pep Guardiola’s side.Earlier this year, Man City launched an unprecedented legal battle against the Premier League as they campaigned for the removal of Associated Party Transaction (APT) rules.On Monday, the verdict of the APT hearing surfaced and a statement from Man City revealed eight findings that proved the Premier League ‘breached its own rules’.The Premier League have challenged this sentiment, claiming Man City were “unsuccessful in the majority of their challenge”.The conflict is continuing as it’s since emerged that Man City have written to their league rivals and suggested that have been ‘misled’ by the Premier League.The butting of heads between Man City and the Premier League is likely to continue in the coming months as the Financial Fair Play hearing is underway.City were charged with breaching over 100 of the Premier League’s FFP rules at the start of 2023 and could potentially be expelled from the top flight if found guilty.A verdict on this case is expected to be reached at the start of 2023 and lawyer Simon Leaf claims Man City only “won” the APT hearing “on penalties after extra time”.“It’s hard to argue that Manchester City haven’t won. Maybe you’d say they’ve won on penalties after extra time, because quite conceivably the Premier League can point to a lot of the points in this decision that support the development of its rules, and the rules themselves,” Leaf said.READ: Man Utd spared bottom spot in ranking of Premier League clubs by summer 2024 transfers“It is a relatively minor issue that has been picked up by this panel, which is undoubtedly embarrassing but by no means the end of the world for the Premier League.”Leaf has also revealed the “main area where the Premier League was successful”.“My understanding is that Man City were seeking to challenge the rules as a whole, and ultimately, one suspects that what a more decisive victory would have looked like from their perspective would have been the rules being completely scrapped,” Leaf added.“Where we’ve ended up is that actually we’re likely to see a broader set of rules (to include shareholder loans).“The panel has said the rules didn’t go far enough and now need to be expanded to cover this particular part of the financing. This is one of the main areas where the Premier League was successful – the panel did quite conclusively say that having these types of (APT) rules in place is lawful.“It shouldn’t change the value of these deals, but it maybe makes it slightly easier for the clubs to try to challenge a Premier League finding that a deal was not undertaken at fair market value, because clubs will now effectively see the Premier League’s ‘working-out’ at an earlier stage in the process.”",2024-10-08,Manchester City,null
44,Man City: Guardiola 'close' confidant 'leaving' in 2025 as Cityzens 'reach agreement' with 'replacement',"According to reports, Manchester City director of football Txiki Begiristain is ‘set to leave’ the Premier League champions ‘at the end of the season’.The former Barcelona and Spain forward has been a sporting director for around 20 years.60-year-old Begiristain became Barcelona’s director of football in 2003 and spent seven years with the La Liga giants before leaving in 2010.He had a couple of years out of football before he joined Man City towards the end of 2012.Begiristain and Guardiola previously played together and they reunited in 2016 as the former Barcelona and Bayern Munich boss joined Man City.Guardiola’s contract is due to expire in 2025 and it has been widely speculated that Begiristain could follow his compatriot in leaving the Premier League club next year.READ: Man Utd spared bottom spot in ranking of Premier League clubs by summer 2024 transfersA report from The Athletic‘s David Ornstein revealed Begiristain is ‘set to leave his role at the end of the season’ and Man City are ‘believed to have an agreement for his successor’.‘The Spaniard originally planned to step back from day-to-day operations when he turned 55 but was so invested in the City project and working alongside manager Pep Guardiola that he extended that to his 60th birthday. He reached that age in August and the decision was made with full knowledge and endorsement of the club hierarchy.‘City are believed to have reached an agreement to appoint a replacement, who is due to start in early 2025.‘Begiristain played a leading role in the recruitment of his successor and will continue with his duties during a handover period for the first six months.‘Guardiola and Begiristain have a close personal relationship having first met as team-mates during their playing days at Barcelona.’Journalist Ben Jacobs has since backed up this report. He tweeted: “Txiki Begiristain will leave Manchester City and retire at the end of the season, as @David_Ornstein called.“#MCFC expected to confirm a successor before he departs with a handover period. News known for some time by City’s leadership team and Pep and his staff.”Guardiola’s future remains uncertain and earlier this month, he recently insisted that his love for Man City is “deep inside his bones”.“I am part of this club, it’s deep inside of my bones,” Guardiola said.“I love this club and it will always be that way. It cannot be different for the way they treat me. Since day one, they gave me a lot.”Guardiola also remained coy when asked about his future. He added: “I’ve said in the beginning of the press conferences, I am not going to talk about this subject. When it is going to happen, it is going to happen.”",2024-10-08,Manchester City,null
45,"Haaland leaving? Guardiola 'chooses' City replacement in Liverpool, Arsenal blow with 'future uncertain'","According to reports, Manchester City boss Pep Guardiola has ‘chosen’ his preferred replacement for Erling Haaland as the forward’s ‘future is uncertain’.Haaland is enduring a major goal drought as he’s without a goal in two Premier League games.Despite this, the Norway international still has eleven goals in his ten appearances this season across all competitions.Since joining Man City from Borussia Dortmund for around £51m in 2022, the 24-year-old has remarkably scored 101 goals in his 108 appearances for Pep Guardiola’s side across all competitions.Haaland is regarded as one of the best strikers in the world and is under contract until 2027. However, it’s been heavily reported that he could leave Man City next year amid interest from several elite European clubs.La Liga giants FC Barcelona are said to be stepping up their interest in Haaland, who has been identified as a potential replacement for Robert Lewandowski.Barcelona’s financial problems make a potential deal difficult, but one of their main sponsors are reportedly willing to ‘put up’ around £126m to make a transfer possible.READ: Man Utd plumbing new depths among top 10 surprises of the Premier League so farAccording to a report in Spain, Haaland’s ‘uncertain future’ has made Man City scour the market for a potential replacement and Sporting Lisbon star Viktor Gyokeres is their ‘chosen one’.The Sweden international left Championship outfit Coventry City during the 2022 summer transfer window to join the Portuguese outfit for around £15m.Gyokeres immediately hit the ground running for Sporting Lisbon and was one of the leading scorers in Europe last year.After grabbing 43 goals and 15 assists across all competitions in his debut season, Gyokeres is on track for another superb campaign in 2024/25 as he’s got 15 goal involvements in eleven appearances this term.A recent report claimed Gyokeres has an ‘agreement’ with Sporting Lisbon which would enable him to join Arsenal next year, but Liverpool are also in the running to land him.Regarding Man City’s stance on Haaland and Gyokeres, the report claims.‘Erling Haaland remains Manchester City’s main offensive reference, but his continuity at the English club is not guaranteed in the long term.‘The club led by Pep Guardiola is already looking for alternatives in case of an eventual departure of Haaland. The name that resonates most as his possible replacement is that of Viktor Gyökeres, a Swedish striker from Sporting de Portugal who has burst onto the European scene.‘The possibility of Haaland leaving Manchester City in the near future has created some uncertainty at the club, and Guardiola does not want to be caught off guard by a possible exit of the Norwegian star without a backup plan.‘Gyökeres, with his physical style and ability to play with his back, seems to be the right profile to fit into the Catalan coach’s playing scheme.’",2024-10-08,Manchester City,null
46,Man City FFP outcome ‘crucial’ as Nike ‘puts up’ £126m for Barcelona to sign Haaland,"Nike’s collaboration with Barcelona will allow the La Liga giants to attempt to raid Man City for Erling Haaland in the summer, according to reports.The Citizens have made a good start to the new Premier League campaign with the defending champions winning five and drawing two of their first seven matches.One of the biggest reasons for that form has been Haaland with the Norway international scoring a stunning ten goals in those seven games.His goalscoring record of 101 goals in 108 matches for Man City and 256 goals in 308 career appearances means he is one of the best strikers in world football, if not the best.It has not been all good for the Citizens, though, with an independent commission are currently looking into the 115 charges against Man City over alleged breaches of the Premier League’s financial fair play rules.The hearing, which started in mid-September, is expected to take 10 weeks with the independent commission’s verdict not expected until the new year.The club deny any wrongdoing and have previously said they have a “comprehensive body of irrefutable evidence” to support their stance.Man City’s financial affairs have come under regular scrutiny since their takeover by Sheikh Mansour’s Abu Dhabi United Group in 2008.In 2020 they were banned from European competition after being found guilty of breaking UEFA’s Financial Fair Play rules, but successfully challenged that ruling at the Court of Arbitration for Sport.And now reports in Spain insist that the outcome of the hearing will be ‘crucial’ if Barcelona want to land Haaland next summer with potential sanctions meaning he ‘could arrive’ at the Camp Nou ‘at a much more reasonable price’.Barcelona have been struggling to keep their finances in order in recent years but Nike have ‘put up the money’ to sign Haaland after ‘collaborating’ with the Catalans.A new deal between Barcelona and Nike of around €140m a year ‘will allow the Catalans to consider the arrival of a galactico’ next summer.Man City striker Haaland ‘has been one of the great desires of the president [Joan Laporta] in recent years, although it was an unattainable objective due to his high cost’.Haaland ‘has left the door open to his possible departure from Manchester City in June’ with no news on whether Pep Guardiola will stay on at the Etihad Stadium or not.The report adds that ‘this could lead the 24-year-old striker to decide to leave the Premier League and land in La Liga, a competition that he has always said appeals to him enormously, and in which he would love to try his luck.’It would cost Barcelona €15om (£126m) to land Haaland and the Catalan giants ‘would be the only option that the winner of the Golden Boy in 2020 would have in mind right now’.",2024-10-08,Manchester City,null
47,Man City accuse Premier League of ‘misleading’ clubs and say APT rules now void,"Manchester City have accused the Premier League of “misleading” clubs over the legal case the Blues fought over top-flight rules governing commercial deals.Man City wrote to the other 19 clubs and the league on Monday night to challenge the league’s interpretation of the outcome, and the four-in-a-row champions insisted their position was that all the associated party transaction (APT) rules were now void.“Regrettably, the summary is misleading and contains several inaccuracies,” the club’s general counsel Simon Cliff wrote in an email seen by the PA news agency.“Of even greater concern, however, is the Premier League’s suggestion that new APT rules should be passed within the next 10 days.“When the Premier League consulted on and proposed the original APT Rules in late 2021, we pointed out that the process (which took several weeks) was rushed, ill-thought-out and would result in rules that were anti-competitive. The recent award has validated those concerns entirely.“The tribunal has declared the APT rules to be unlawful. MCFC’s position is that this means that all of the APT rules are void, and have been since 2021.”Earlier this year, City launched a legal challenge to the league’s associated party transaction (APT) rules on the grounds they breached UK competition law, and an arbitration panel was set up to consider the matter.The APT rules are designed to ensure commercial deals involving entities linked to a club’s owners are done for fair market value.On Monday, City and the Premier League each published the arbitration panel’s 175-page judgment, and drew very different conclusions from it.Man City see this as a huge win, and in a statement said the panel had found the APT rules “unlawful”, “structurally unfair” and “discriminatory”.They also pointed out that decisions made by the Premier League to block two transactions had been set aside after the panel found them to be procedurally unfair, because City were denied access to data used by the league in making its decision and because of unnecessary delays in the process.The league said in a statement that City had failed in the “majority” of their challenge to the APT rules.It said the two findings against it concerned the exclusion of shareholder loans from the rules, and the wording of some amendments made to the rules earlier this year.“Otherwise, the Premier League rulebook has been found to comply with competition and public law standards and is an effective and necessary system for assessing the fair market value of associated party transactions to ensure the integrity of the league’s profitability and sustainability rules,” the league said.The league said the panel had not disagreed with the league’s assessment of the value of the two City transactions that have been set aside, only that the league should have provided City with the comparable transaction data used to make the decisions prior to making it.",2024-10-08,Manchester City,null
48,Man City FFP: People declaring City APT 'victory' are 'juvenile with extremely limited intellectual capacity',"One journalist has claimed that anyone declaring the APT judgement a ‘victory’ for Man City are likely “juvenile with extremely limited intellectual capacity”.The Premier League insisted on Monday that the “majority” of the Citizens’ legal challenge to its rules on commercial deals has failed as the champions declared victory in the case.Man City launched a legal action against the league’s associated party transaction (APT) rules earlier this year on the grounds they were anti-competitive.City issued a statement on Monday afternoon announcing the rules had been found to be unlawful by an arbitration panel and that the league had abused a dominant position. The club say they can now seek damages arising from the case.However, the Premier League said there were just two findings in City’s favour on the rules and that Man City were “unsuccessful in the majority of (their) challenge”.Crucially, the league said the tribunal had determined the APT rules were necessary and pursued a legitimate objective.The APT rules are designed to ensure commercial deals with entities linked to a club’s owners are done for fair market value.A judgment determining all APT rules as unlawful would have had huge ramifications for competition within the Premier League and made it easier for clubs with the wealthiest owners to strike deals linked to their ownership, and in the process benefit from higher revenues, strengthening their position in regard to the league’s profitability and sustainability rules (PSR).However, the Premier League’s position is that while the panel ruling will require some amendments to the rules, it does not call for them to be ripped up, which would in effect give clubs free rein over commercial deals.Both parties released the 175-page judgment on Monday afternoon, but came to very different conclusions about what it meant.👉 Guardiola in danger of suspension but Arteta setting surprisingly good example along with Slot👉 Premier League winners and losers: Ten Hag joins superb Saka in winners but Newcastle, Postecoglou blasted👉 Man City extend Premier League dominance to table normally reserved for dafter teamsThe panel did find it was anti-competitive to exclude shareholder loans from APT rules and also called for changes to the rules which were adopted earlier this year to be amended.However, the Premier League said the tribunal had supported the legitimacy of the rules, and said it had found them essential to make the profitability and sustainability regulations (PSR) effective.And, after studying the judgement properly, journalist Rob Draper insists it seems wide of the mark to suggest it is a ‘victory’ for Man City or the Premier League.Draper wrote on X: “The more you read of the Man City/APT judgement, the more it seems to me you would have to be a juvenile with extremely limited intellectual + analytical capacity to declare this a ‘victory’ for Man City“But fair play to Man City media team. They are the real winners today!“TBF it is a victory in that when a decision went against me playing football as a kid, I stomped off home saying ‘It’s my ball and now no one can play!!’ If that’s their ultimate goal, I would agree it is a decisive victory“To clarify, it’s not ‘victory for PL’ either It’s most a complex legal judgement with nuance + some wins for both sides It just isn’t a game of football with a decisive winner But you know, headlines don’t work like that!”",2024-10-08,Manchester City,null
49,Arsenal worry as forward joins Bukayo Saka on injury list after 'undergoing MRI' over 'calf pain',"Gabriel Martinelli has joined Bukayo Saka as an injury worry for Arsenal ahead of Saturday’s Premier League clash against Bournemouth.Saka limped off shortly after England conceded against Greece last Thursday and missed Sunday’s win over Finland.He returned to Arsenal for further testing but the north London club have provided no update.With his right winger potentially unfit to face Bournemouth this weekend, Mikel Arteta could also be without his left winger Martinelli.Martinelli was recalled to Dorival Junior’s squad for the 2026 World Cup qualifiers against Chile and Peru after missing out in September.The 23-year-old has started the season well, featuring in all 10 of the Gunners’ fixtures in 2024/25, scoring and assisting twice.He came off the bench in Friday’s victory over Chile but picked up an injury over the weekend, providing an injury scare for Arsenal.Martinelli has stayed in Brazil and was sent for an MRI scan to analyse a right calf issue.Rather than returning to Arsenal early, Martinelli will receive further treatment from the Brazil medical staff and will surely not feature against Peru in Brasilia on Tuesday night.A statement from the Brazilian football association said: “Player Gabriel Martinelli complained of pain in his right calf and underwent an MRI on Sunday night which showed a small area of muscle edema in the area.“The athlete continues to undergo physiotherapy treatment under the care of the Brazilian national team’s medical department.”Speaking earlier this month, Martinelli said Saka is one of the best players in the world right now.“He’s unbelievable, and one of the best players in the world right now,” said Martinelli of his fellow winger.“He’s a really nice guy as well so we’re really happy to have him here as one of the captains.“It was an unbelievable ball from Bukayo and I was there to score. It was a really good moment for me and a nice goal.”With Saka integral to the Gunners’ strong start to the season, Kai Havertz has also contributed, and on Saturday he became the first player since Robin van Persie in 2012 to score in seven consecutive matches at the Emirates – a hot streak which stretches back to Arsenal’s final game of last season.“You can tell he is playing with confidence,” said Mikel Arteta of the former Chelsea striker. “He takes the ball and he runs with the ball, he goes full gas in the high press, he holds the ball.“He’s practising every day because he wants more. He’s not satisfied. There is still another level from him. He’s surrounded by incredible players but something has changed in him and you can really sense that confidence in him.“Now he’s putting it in games and he’s winning football matches, which is great.”",2024-10-14,Arsenal,null
50,Arsenal 'sound' interest in Ligue 1 striker as Euro giants threaten to 'put all their meat on the grill',"Arsenal, Tottenham and Newcastle United are reportedly three of seven clubs interested in signing Lille striker Jonathan David on a free transfer next summer.Jonathan f***ing David, eh? Is this guy ever going to get a move?He has got a Houssem Aouar feel to him. A Ligue 1 player perpetually linked with a transfer to the Premier League, has probably been watched once or twice by your average Premier League fan, and has a consistently declining asking price. It all adds up.Arsenal have always been in the picture as well, making it even better.David has a solid scoring record in France, finding the back of the net 92 times in 196 appearances for Lille, helping them win a league title in 2020/21.He has an impressive eight goals in 13 matches this term and is out of contract next year, which has unsurprisingly caught the attention of several clubs across Europe.There were links to Arsenal and Manchester United during his Gent days but David joined Lille for around £23million.Since then, rumours of a move to the Emirates have persisted, with Lille seeking around £50m for the Canadian in the 2021 summer transfer window.In December 2021, the player’s agent said David would be on the move the following summer, but that obviously did not come to fruition.A £50m valuation in 2021 became £40m in 2022, £30m in 2023, and was between £15-20m in 2024, with one year remaining on his contract.No club snapped up David in the summer transfer window despite his low asking price, leaving him able to negotiate a pre-contract from January 1.That means we have plenty more Jonathan David transfer stories to look forward to. Lucky you. Lucky us!Jonathan David to Arsenal, Newcastle or Tottenham?The latest from Spanish outlet Mundo Deportivo says FC Barcelona and AC Milan are both very keen on signing the 24-year-old.Barcelona are unsurprisingly keen as Hansi Flick works with a shoestring budget. Club president Joan Laporta has signed several players following the expiry of their contract and David could be next.The two European giants are not alone in expressing an interest in David, with Newcastle, Arsenal, Inter, Juventus and Tottenham also keen.Indeed, it is claimed that those clubs have ‘sounded’ their interest in the Canadian striker.Barcelona’s reported interest comes with Robert Lewandowski approaching the end of his career. At the ripe age of 36, the Pole has scored an impressive 12 goals in 11 matches in 2024/25.The Blaugrana will need a long-term replacement for Lewandowski and David is an ideal candidate should he become available on a free transfer.Barcelona are ‘very aware of his situation’ but Milan are also very interested and ‘want to put all their meat on the grill for a young striker’. These Spanish websites have a way with words.Lille have not given up hope on extending David’s contract, however, and ‘will try by all means to convince him’ to stay.Please, please, please can you leave Lille next summer, Jonny? We’re running out of things to say about you, mate.",2024-10-14,Arsenal,null
51,Arsenal star Bukayo Saka ruled out of England’s match against Finland,"Arsenal winger Bukayo Saka has been ruled out of England’s Nations League game against Finland on Sunday after sustaining an injury against Greece.The winger limped off during the second half of Thursday’s humiliating defeat to Greece at Wembley and is not fit for the match in Helsinki.He will now return to Arsenal for further assessment ahead of their Premier League clash with Bournemouth next weekend.Liverpool midfielder Curtis Jones is also out of the trip as he has a personal matter to deal with.Jones was a late addition to the England squad ahead of the Greece game but was an unused substitute.Harry Kane was one of 22 players who trained on Saturday, increasing hopes that the captain will be fit after missing Thursday’s game.Kane could not overcome a knock picked up playing for Bayern Munich in time to feature and his absence prompted interim boss Lee Carsley to deploy an eyebrow-raising formation which had Jude Bellingham playing a ‘false 9’ in front of Phil Foden, Saka, Cole Palmer and Anthony Gordon.When asked how the defeat might affect Carsley’s future, England goalkeeper Jordan Pickford said: “I’m not the hierarchy.“It’s never nice for a player or staff to get beat at Wembley.“We want to win every game we play when we put this shirt on and we didn’t.“So we’ve got to keep going, dust ourselves down. What can we do better, what can we learn from and move on and get the result on Sunday?“You’ve always got to learn. You’re never going to be perfect, even when you’re winning games. You can learn a lot from this.“It’s about recovering well and getting ready for Sunday.”Defeat leaves England under pressure in Group B2 as Greece opened up a three-point lead at the top.They must now win their remaining three games, starting with Finland on Sunday before the return trip to Athens and a Wembley fixture against the Republic in the November fixtures.Pickford hopes skipper Kane will be available after he missed the Greece game with a knock.“He’s not the record goalscorer for England and has 100 caps for nothing, he leads by example,” he said.“I think Harry will be fit to go on Sunday.“Now we’ve just got to go and win away on Sunday against Finland and then the next camp in Greece away and Ireland at home.”",2024-10-12,Arsenal,null
52,Arsenal to sell Jesus and buy Chelsea flop? Seven Premier League players who look finished in 24,"The 2024/25 Premier League season might only be seven games deep but there are seven players we can already tell are finished at their current clubs and will probably leave in January or next summer.Inspired by an out-of-form Arsenal forward, here they are…Premier League players who look finished at their clubGabriel Jesus (Arsenal)Arsenal fans have been unsure about Jesus for a while, which is a shame because his first few months at the club were fantastic. His and Oleksandr Zinchenko’s arrivals were the catalyst for a new era at the Emirates and it was their winning mentality which would bring the club trophies. Unfortunately for the ex-Manchester City duo, they have quickly been outgrown.Zinchenko can’t get a kick because he is injured and when fully fit, it is hard to imagine him starting over Riccardo Calafiori or Jurrien Timber, with Jakub Kiwior, Kieran Tierney and Takehiro Tomiyasu also vying for the left-back spot.As for Jesus, he has picked up a niggling injury or two in 2024/25 and when on the pitch for Arsenal, he has been well below par. The Brazilian is clearly an outstanding footballer and it could be a confidence issue but being limited to short cameos off the bench is not what he had in mind when he joined the Gunners two years ago.The 27-year-old’s role at Arsenal is now to provide cover for Kai Havertz and help reduce the burden on Bukayo Saka. It will take a lot for him to leapfrog the German in Mikel Arteta’s pecking order and a summer exit in 2025 would not shock anyone.READ NEXT: Arsenal ‘accept’ January sale for ‘very high amount’ as club plot ‘dream’ signing of £45m starVladimir Coufal (West Ham)West Ham brought in lots of new faces in the summer transfer window, including Aaron Wan-Bissaka, but new manager Julen Lopetegui showed his reluctance to chuck them all into the starting XI at the start of the campaign. This gave Coufal the opportunity to prove his worth to his new boss but after starts against Aston Villa and Crystal Palace, the Czech right-back has only made two appearances off the bench and been an unused substitute in his side’s last three Premier League matches.At the age of 32 and clearly past his best, there is no shame in being phased out by a Premier League team and that is what has happened to Coufal, who will only get in the team if Wan-Bissaka gets injured or suspended. Another unfortunate point is that for the first time since 2020/21, West Ham are not in Europe, so he won’t get those opportunities either.Mykhaylo Mudryk (Chelsea)Chelsea head coach Enzo Maresca has spoken bluntly about Mudryk’s form since his summer arrival, stating that he must improve. There has been no sugar-coating and rightly so; the Ukrainian winger has been very disappointing since his £62million transfer from Shakhtar Donetsk in January 2023.The summer signing of Pedro Neto was never a good sign and while this would see struggling players in his position step up, that has not been the case with Mudryk. He was an unused substitute on matchday one, was hooked at half time on matchday two and has not started in the Premier League since.The Europa Conference League is a good opportunity for Mudryk to impress and if he doesn’t, it would not be naive to picture him moving on from Chelsea next summer. It stinks of Arsenal. They love a Chelsea reject and Arteta wanted him before the Blues hijacked the deal.In September, Brereton Diaz broke the record for the most games played in the Premier League without a win. He lost 10 and drew four while at Sheffield United last season and Southampton’s poor start finished the job. It is now 20 matches without a win after the gut-wrenching 1-1 draw against Ipswich and defeat at Bournemouth.Now it is obviously not entirely his fault that he is the new holder of this unwanted record and he has played for two pants teams, but, come on.An old tweet from an Everton fan to Eliaquim Mangala comes to mind: ‘Seriously mate no joking please just don’t play again prem not suited to u pal your crap no hard feelings just not worked out’.Matty Cash (Aston Villa)Cash has never been convincing defensively and that has been evident this season, making rash decisions and being exposed when fit to play. He has always offered something going forward but even that aspect of his game is on the decline.Granted, Cash has missed plenty of football this season through injury, however, he is being outgrown by Aston Villa and Diego Carlos and Ezri Konsa appear to be better options at right-back.Casemiro (Manchester United)We have known this for a while but it feels worth driving it home. Casemiro has to leave the football before the football leaves him but you can hardly blame him for taking a hefty pay check from Man United every week.A solid pre-season and opening day performance against Fulham gave the Old Trafford faithful hope that Casemiro would be something near back to his best in 2024/25 but two errors led to goal in a humiliating first half against Liverpool on matchday three had fans waiting for Manuel Ugarte to be thrust into the starting XI.Ugarte has been rubbish since coming in but can’t be written off so early. Casemiro, meanwhile, has been rubbish for too long and is definitely not cut out for this level anymore. It’s a big shame for a once world-class defensive midfielder.Miguel Almiron (Newcastle United)Almiron is another player who has not featured a lot this season but that is enough to tell us that he is finished at Newcastle.The Magpies wanted rid of him in the summer but the Paraguayan was not interested in leaving, which held back their pursuits of a new centre-back and right-sided forward. If you’re a Newcastle fan, you either love or hate Almiron but however you feel about him, you must know that he is quickly becoming a player not good enough for the club’s lofty ambitions.Almiron has only played 30 minutes in the Premier League this season and will probably be off in January.",2024-10-12,Arsenal,null
53,Arsenal injury fears grow as Carsley confirms winger 'felt something in his leg' while forward omitted from squad,"Arsenal’s injury list may have just got longer during the international break while Mikel Arteta is already missing his captain Martin Odegaard.Odegaard has missed seven games so far this season as he continues to nurse a sore ankle, and Arteta will be hoping potential injuries during the international break to fellow attackers Bukayo Saka and Kai Havertz are nothing serious.Saka was substituted for Chelsea’s Noni Madueke early into the second half of England’s Nations League defeat to Greece on Thursday night as he appeared to leave the field with an issue to his hamstring.Saka was later seen to be limping through the mixed zone at Wembley which could rule him out of England’s clash against Finland on Sunday.Saka has been an important player for both club and country this season, and was named England Player of the Year last year, an award won by Cole Palmer earlier in the week for 2024. Saka finished third in the run in for the prize this time around.Post-match, England interim boss Lee Carsley confirmed he had taken Saka off due to an injury. He said: “He’s been assessed. In the build up to the goal, he felt something in his leg.”Arteta would much rather prefer to have his trusted man with him for the trip to Bournemouth a week on Saturday, though the wide positions are one that the Gunners possess strength in depth in through Gabriel Martinelli, Leandro Trossard and loanee Raheem Sterling.As for Havertz, the German FA announced his omission from the squad for their games against Bosnia and Herzegovina and the Netherlands due to a knee problem.Havertz has become an important member of the Arsenal squad, having scored six goals in all competitions so far this season.His goal against Southampton before the international break was his seventh consecutive goal at the Emirates, becoming only the second player to achieve that feat since Robin van Persie in the 2011/12 season.Saka’s qualities have been known since making his debut for his boyhood club, though Havertz has enjoyed quite the renaissance in north London after widely being dubbed as a ‘waste of money’ when Chelsea decided to splash north of £70m on him in 2020.Arteta has identified Havertz as a central striker where he has played his best football so far, after operating in a number of different positions in his time at Stamford Bridge.",2024-10-11,Arsenal,null
54,Arsenal transfers: Romano reveals 'possible' January signing to replace 'fantastic' Arteta buy,"Arsenal could spend big on a new striker in the winter transfer window despite Kai Havertz’s “fantastic” form, says Fabrizio Romano.Havertz joined Arsenal from Chelsea for £60million in the 2023 summer transfer window.The signing of the German was criticised at the time and he started slowly as a midfielder before coming to life further up the pitch.His form up front has been relentless and has now scored in seven consecutive matches at the Emirates Stadium.It took Havertz a while to win over the Gunners fan base but he has most certainly done so now, scoring 14 and assisting seven since Mikel Arteta converted him into a striker in February.The 25-year-old has been bloody brilliant but there is still talk of Arteta bringing in a new striker.That was a massive talking point in the first half of 2023/24 but Havertz’s form from February saw that debate die down and Arteta decided against signing a No. 9 in the summer.RB Leipzig’s Benjamin Sesko was strongly linked before he committed his future to the German club by signing a new contract, though a transfer next summer can not be ruled out.Sesko reportedly views Leipzig as a stepping stone with several European giants monitoring his development.He is one player Arsenal are looking at and transfer expert Romano says the Londoners could ‘possibly’ sign a new striker in 2025.“The North London club monitored their options during the summer transfer window but in the end, decided not to bring in a new frontman,” Romano told CaughtOffside.“There’s a possibility that Arsenal try to sign a new striker in 2025 but it has not been decided as their full focus is on this season and the club are very confident about the current campaign.“As for Kai Havertz, I think he has been a fantastic signing for Arsenal; goals, assists, and quality.“He’s working hard on a daily basis with Mikel Arteta’s staff and is always looking to improve and get better.“Everyone at the North London club is very happy with Kai and how he is performing this season.”Havertz is resting during the international break after pulling out of Germany duty due to a knee complaint.Arsenal boss Arteta will be delighted that his star striker has not been risked by German national team head coach Julian Nagelsmann.Havertz’s goal against Southampton last Saturday saw him become the first player since Robin van Persie in 2012 to score in seven consecutive matches at the Emirates.Speaking about the former Chelsea forward, Arteta said: “You can tell he is playing with confidence. He takes the ball and he runs with the ball, he goes full gas in the high press, he holds the ball.“He’s practising every day because he wants more. He’s not satisfied. There is still another level from him. He’s surrounded by incredible players but something has changed in him and you can really sense that confidence in him.“Now he’s putting it in games and he’s winning football matches, which is great.”",2024-10-11,Arsenal,null
55,Arsenal: Souness believes Wenger got 'lucky' and was 'only manager' to commit atrocious act,"Graeme Souness believes three-time Premier League and seven-time FA Cup winner Arsene Wenger got “very, very lucky” at Arsenal.Souness was speaking on his Three Up Front podcast with ex-Crystal Palace owner Simon Jordan and former Watford captain Troy Deeney.Arsenal legend Wenger not a football man, but a ‘lucky’ man – SounessDeeney and Jordan are not opposed to a wild take and were stunned by the Scot’s opinion of the legendary Arsenal manager, which says all you need to know.The Liverpool legend believes Wenger “inherited the best back five” in the world, as well as a young Dennis Bergkamp and an Ian Wright who ‘still had life in him’.Asked if he thinks Wenger is “a football man”, Souness responded to Jordan: “No, not particularly.“I’ve been on the bench listening to what he’s telling his players to do. I’ve been working for Sky in games where he’s made very strange decisions.“My take on him was he got very, very lucky at a time when French football produced its greatest ever group of players.“Inherited the best back five in world football and a 22-year-old [Dennis] Bergkamp. I think Wrighty [Ian Wright], there was still life in him.“And then he had 10 years where he won a couple of FA Cups, because that cycle had been and gone.“I’ve never spoke to him about football. He would never come into my office after a game, the only manager that never did.“I’d go to his office after a game, he would never be there to talk football. I don’t know if he’s a football man or not. I never spoke football with him.”Souness is clearly not Wenger’s biggest fan. Is it all because he never went to his office after a match? Probably. After all, it is an atrocity.In February, he claimed that Liverpool icon Jurgen Klopp is a bigger managerial legend.“I think that one competition, whether it’s me overvaluing it or not, but I think there’s so much hype and interest and glamour surrounding the Champions League nowadays – Klopp has won it as well,” he said.“It was the first time that Liverpool had won it [the Premier League] in 30 years. I just think it’s a unique group to be in. To be able to say you’re a manager who has won the Champions League, I think that puts you in a legendary category.”He also said in 2022: “I think he had a fantastic 10 years, but he did inherit the best back-five arguably in world football.“He had a knowledge of French football when France produced the best group of players in the history of French football and he had an insight before anyone else did.“For 10 years they were the real deal, then for another decade I don’t think he came anywhere near that. I think [the greatest legacy] goes to Fergie [Sir Alex Ferguson], he built three or four teams, his legacy is the largest.“Pep [Guardiola] has definitely brought something different into our game, the playing out from the back was creeping into the game but it was a surge when he arrived, with pitches improving you could do that more.“Central defenders and full-backs were never entirely comfortable taking the ball in their own box, but the game has evolved and everyone now does it in the higher leagues.“I would say he has had a major, major influence on where the game has gone.”",2024-10-11,Arsenal,null
56,The Famous F365 Friday Quiz: Identify the random 2000s Premier League footballer...,Part of the network,2024-10-11,Arsenal,null
57,Arsenal: Romano reveals ‘exit truth’ about Real Madrid ‘priority’ target with ‘major operation’ underway,"According to reports, Spanish giants Real Madrid have made Arsenal centre-back William Saliba their ‘new priority’ target and ‘contact’ has been made.The Gunners paid around £27m to sign Saliba from Ligue Un outfit Saint-Ettiene in 2019 and he’s established himself as one of the best defenders in the world.The France international has struck up a brilliant partnership with Gabriel Magalhaes and they are arguably the best centre-back pairing in the Premier League.Saliba is reportedly being targeted by a couple of European giants as his stunning performances have not gone unnoticed.The 23-year-old is under contract until 2027, but Arsenal may soon have a fight on their hands as a report from French outlet Le10 Sport claims he is Real Madrid’s ‘new priority’ target for next summer.READ: Ten Hag defenders citing Klopp and Arteta are clutching at slippery strawsReal Madrid are said to be ‘attacking’ for Saliba and his ‘entourage have already been contacted’ to discuss a proposed transfer.‘The Madrid leaders would have already put themselves in working order since Saliba’s entourage has been contacted. A first contact is to take the temperature and position themselves clearly.Real Madrid is targeting Saliba for the 2025 summer transfer window. A major operation could thus be built in the coming months and attempt to break the Gunners’ lock.‘In the eyes of Arsenal coach Mikel Arteta, Saliba has become a pillar of his team. It’s not easy to touch the backbone of the English club… But Real Madrid could give itself the means, particularly financially, to convince the player and the Premier League team.’Despite this, Romano has revealed the ‘exit truth’ regarding Saliba, saying he is “not aware of anything concrete at this stage”.“A story that keeps coming up at the moment is William Saliba and a possible move away from Arsenal – in recent weeks we’ve heard a few times about Real Madrid and Paris Saint-Germain, but I can honestly say I have no confirmation of any of this, including on the claim that Real Madrid contacted Saliba’s entourage,” Romano said in his Daily Briefing column.“I’m not aware of anything concrete at this stage – all I know is that Saliba is fully focused on Arsenal, while Arsenal obviously also consider Saliba as a key part of their project, nothing else.“Real Madrid are exploring the centre-backs market since the Leny Yoro case last summer, as they missed out on his signature to Manchester United, but at the moment that’s it; nothing else into those Saliba stories and I can guarantee he’s 100% focused on Arsenal now.”Romano has also commented on Jorginho’s future after he was heavily linked with an exit in the summer.“Some other Arsenal rumours have been circulating involving Jorginho. However, I can say that the situation is that Jorginho is only thinking about this season,” Romano added.“It’s an important season for Arsenal, I don’t think all these links for Jorgi, Saliba etc are genuine and are good for the club… it’s only the beginning of October, the season started just 50 days ago.“Jorginho’s full focus is on present, on Arsenal, not on moving into coaching and not on making the move to Saudi.”",2024-10-10,Arsenal,null
58,Arsenal reject Barcelona swap offers for Martinelli despite 'strong interest' in ex,"Arsenal reportedly rejected two different Barcelona players in a swap offer for Gabriel Martinelli as Mikel Arteta considers the forward ‘untouchable’.Barcelona were hot on the trail of Athletic Bilbao star Nico Williams during the summer but were knocked back by the winger, who instead committed his future to the Basque club.Hansi Flick is still keen on signing a new left winger though and a report in Spain claims Martinelli – who has been in the Barcelona ‘spotlight’ for some time – was ‘the main Plan B’.The Catalans are strapped for cash and so offered two different players in exchange.Ferran Torres, who joined Barcelona from Manchester City for £45m in January 2022, was at one stage thought to be on Mikel Arteta’s radar and the forward was ‘seduced’ by the chance to work under the Spanish boss.But at the point he was offered to the Gunners, during the summer transfer window, the move was ‘completely ruled out’ as the club ‘do not consider him to be at the necessary level to be able to help the team’.A more attractive proposition to Arsenal is said to have been former Chelsea defender Andreas Christensen as Arteta ‘wants more alternatives in defence’ and views the Denmark international as ‘a very interesting reinforcement’ owing to his ‘versatility and experience’.Arsenal ‘maintain an important interest’ in Christensen – whose contract expires in 2026 – but they ‘didn’t consider the idea of an exchange’ for Martinelli, as Arteta and the Gunners chief consider the Brazilian ‘untouchable’ despite his patchy form of late.Talking of patchy form, Ian Wright has urged the Arsenal fans not to turn on Gabriel Jesus, whom he feels they’ve grown frustrated with in recent weeks.“Can I just say something about Gabriel Jesus because I feel the need to support him right now,” Wright said on his own podcast.“I really, really do. I know there’s a feeling that we may have outgrown him but remember when Gabby came, he was a leveller, he levelled us up.“Arsenal are at a certain level now but we will definitely need him at some stage so I think it’s important in this moment for the Arsenal fans to support him.“They have to get behind him. Don’t be frustrated with the way he’s playing, he’s trying so hard at the moment and we’re going to need him.“We need to make sure we give him confidence because he’s won this [the Premier League] four times. He’s been clutch in many situations before.“Listening to the murmurings and the way the fans are… please man, back this guy, stay with him.“He wants to do so well and it’s just not happening right now but he needs support, he really, really does.”",2024-10-09,Arsenal,null
59,Ian Wright pleads with Arsenal fans to not turn on star they ‘may have outgrown’,"Ian Wright has urged Arsenal supporters to “support” Gabriel Jesus and not turn on him after murmurs that the Gunners have “outgrown him”.Arsenal have made a good start to the new Premier League season with five wins and two draws – one of which was against title rivals Manchester City – in their opening seven matches of the new campaign.That sees the Gunners in third place in the Premier League table, level on points with Pep Guardiola’s defending champions and one point adrift of leaders Liverpool.Jesus is yet to contribute a goal or assist to the cause this season in eight appearances in all competitions, although just three of those have been from the start.The Brazilian was handed his first Premier League start of the season in the Gunners’ 3-1 win over Southampton but was taken off on the hour mark after failing to impress.And now Wright senses that Arsenal fans are starting to grow frustrated by Jesus with the Gunners legend urging supporters to stick behind him despite his recent performances.“Can I just say something about Gabriel Jesus because I feel the need to support him right now,” Wright said on his own podcast.“I really, really do. I know there’s a feeling that we may have outgrown him but remember when Gabby came, he was a leveller, he levelled us up.“Arsenal are at a certain level now but we will definitely need him at some stage so I think it’s important in this moment for the Arsenal fans to support him.“They have to get behind him. Don’t be frustrated with the way he’s playing, he’s trying so hard at the moment and we’re going to need him.“We need to make sure we give him confidence because he’s won this [the Premier League] four times. He’s been clutch in many situations before.“Listening to the murmurings and the way the fans are… please man, back this guy, stay with him.“He wants to do so well and it’s just not happening right now but he needs support, he really, really does.”Arsenal fell behind against Southampton at the weekend to a Cameron Archer goal and Gunners boss Mikel Arteta insists it was just the wake-up call his side needed.Arteta said after the match: “We started the second half a bit sloppy. It was unbelievable that we did not score in the first half. But we threw away everything we did, and started a completely brand new game in a difficult context.“We had a wake-up call with their goal, and it’s true we had to react to that. But we did it and we did it in a convincing way.”",2024-10-09,Arsenal,null
60,Arsenal boss Mikel Arteta told he made a big mistake selling 'monster' Gunners star,"Arsenal boss Mikel Arteta made a mistake when he decided to sell Emiliano Martinez to Aston Villa, according to former Premier League goalkeeper David James.The west Midlands club paid the Gunners around £20m for Martinez’s services in 2020 with the Argentina international going on to shine at Villa Park.Martinez has been brilliant over the last few seasons, making 167 appearances in all competitions and proving crucial as Argentina won the World Cup on 2022.The 32-year-old was in great form in the week before the international break, keeping two clean sheets for Aston Villa against Bayern Munich in the Champions League and then Manchester United in the Premier League.And ex-Premier League star James reckons Arsenal boss Arteta made a mistake when he decided to sell Martinez to Aston Villa as he’s a “monster”.Speaking on the Seaman Says podcast, former Liverpool and Manchester City goalkeeper James said: “It’s interesting when you look at Premier League goalkeepers over a number of years now, there’s not many characters. Prior to that there were more characters for whatever reason.“He [Emiliano Martinez] has character, everything about him is character, he’s a big-game player. He wants to be in the biggest games.“When you look at the Raya and Ramsdale situation at Arsenal and obviously Martinez was allowed to go because of Bernd Leno, who’s a decent goalkeeper.“But I think Martinez would have been the perfect goalkeeper for Arsenal right now. I think he’s a monster.“Weirdly there’s not a lot of goalkeepers in the Premier League these days who are capable of getting to the top corner.”James’ comments come less than a week after Man Utd legend Peter Schmeichel made a similar point that Martinez has “proven Arsenal wrong”.Schmeichel told the Stick to Football podcast: “Martinez, I think he has proven Arsenal wrong, for sure.“I think he’s a big personality and I think he’s helping that team [Villa] a lot. Will he be able to do the job at Man City? I don’t know. To be honest, I don’t know.“But he’s a winner, obviously a World Cup winner, he’s just won the Copa [America]. So he’s getting there as well.”Schmeichel added: “The thing is, that mentality, not a lot of goalkeepers are doing that.“But he does that, which I think he’s brilliant, he’s coming out in a period of the game, it’s fantastic if he does, but there are so many people in front of him, when you come out you’re looking at the ball, I [the goalkeeper] might run into the defender and then the goal’s empty, you think about that.“The time wasting, I don’t like that bit of it, but he really, really kept his team in it [against Manchester City]. He took the sting out of it.”",2024-10-09,Arsenal,null
61,Arsenal do important ‘groundwork’ on striker target as Gunners star ‘accepts’ he’s out of Arteta’s plans,"Arsenal have put in “a lot of the groundwork” already to sign Benjamin Sesko and it wouldn’t be a “surprise” to see the Gunners try again, according to journalist Charles Watts.Sesko has scored five goals in eight matches in all competitions so far this season with the 21-year-old choosing to stay at RB Leipzig in the summer over pursuing a move to Arsenal or any other big European club.There were rumours that he could move to Arsenal for around £55m in the summer before he signed a contract extension at Leipzig.Sesko said at the time: “I feel a lot of trust and appreciation throughout the club and that is crucial for being able to perform to my full potential. In the second half of the season in particular, I was able to give something back with my goals.“We have a team with great potential and a balanced mix of young and experienced players. I’m really looking forward to taking the next steps with this team.”And now Watts – who has covered Arsenal for years – reckons Sesko made the right decision in the summer but would not be suprised to see the Gunners try again in the future.Watts wrote on his Caught Offside column: “It was interesting watching the highlights of the Leipzig vs Juventus game in the Champions League last week. It was a tale of two strikers, Benjamin Sesko and Dusan Vlahovic, who have been heavily linked to Arsenal in the past.“Both were impressive, scoring twice, although it was Vlahovic who eventually came out on top when Francisco Conceicao scored that fine late winner to give Juventus an exciting 3-2 win in Germany.“Whilst the Vlahovic ship has sailed when it comes to Arsenal, I’m keeping a keen eye on Sesko this season as I still think there is a chance that Arsenal will revisit their interest in the Slovenia international at some point, maybe even next summer.“Obviously they were very keen to bring him in during the last transfer window, but the 21-year-old decided to stay and sign a new contract with Leipzig.“That decision was a disappointment to Arsenal, but I don’t believe it was a decision that burned any bridges between the club and the striker in terms of a move in the future.“A lot of the groundwork was done before the summer window and I don’t believe there has been any sort of breakdown in relationship behind the scenes just because Sesko opted to stay put.“I’m sure Arsenal understood his decision at the time because to be honest it made a lot of sense. From a footballing and development point of view, staying with Leipzig was the right call.“Look at how things have gone. Sesko is playing regularly, he’s scoring goals and he’s developing nicely. Had he moved to Arsenal, he would have been playing understudy to Kai Havertz and probably having to make do with getting the odd minute here and there.“But at some point he is going to decide the time is right to move to a higher level and it wouldn’t surprise me at all if Arsenal go back in for him.“Arsenal still want to sign a striker. But they don’t want to sign one just for the sake of it. That’s why they kept their power dry last summer after Sesko said no earlier in the window.“They were confident they had enough firepower to get them through the season and the form Havertz is showing right now shows you why.“But I think they will look to add another frontman at the end of the season and I wouldn’t rule out Sesko again being a name which is towards the top of their list.”On Kieran Tierney being out of Mikel Arteta’s plans, Watts added: “Kieran Tierney is continuing to work his way back to full fitness after the awful hamstring injury he suffered at the Euros in the summer while playing for Scotland.“Had that injury not happened, I’m sure Tierney would have been playing for another club right now. That was certainly the plan anyway following his loan spell with Real Sociedad last season.“But the injury put an end to any chances of a move and the focus now is on the left-back getting himself back fully fit ahead of the January window.“He’s not in Mikel Arteta’s plans anymore. That’s been clear for a long time and Tierney accepts that.“There is no animosity there. He knows the club has moved on and that his qualities as a left-back are not what Arsenal need in the system that they play.“He has been included in Arsenal’s Premier League squad for the season so he could play once fit, but I struggle to really see that happening.“He will hope to get a move in January, probably on loan, so he can get some minutes somewhere ahead of the summer when he can try and secure a permanent move away from North London.”",2024-10-08,Arsenal,null
62,Gilberto Silva claims Arsenal cannot repeat ‘crucial mistake’ if they want to win Premier League,"Arsenal must do their “homework” on “smaller and mid-table teams” this season to ensure they don’t repeat “mistakes” from previous seasons, according to Gilberto Silva.The Gunners have got off to a good start this season with five wins and two draws from their opening seven Premier League matches.Mikel Arteta’s men currently sit in third position in the Premier League table but are only one point off table-toppers Liverpool after a tricky start.Arsenal have already faced Manchester City, Tottenham and Aston Villa in their opening seven fixtures with Liverpool, for example, having a much easier start on paper.The Gunners have often found it tricky to play some of the so-called smaller sides at home in the past and Silva insists Arsenal must cut that out to be a success this season.Silva told MyBettingSites.co.uk: “I think that the team today is very mature, structured. When we look at the Arsenal team, the players, the team, the formation, the balance between the sectors is very well defined. It is important to go far.“The signings that have been coming in have been important, with results, this also makes the whole job easier. It’s not just about hiring, you need to hire athletes who come in and wear the shirt and deliver results for a team like Arsenal.“It won’t be easy, again. It is important to learn from past mistakes. In the last two seasons, they made crucial mistakes against smaller and mid-table teams, especially at home. They have to do this homework very well this season.”After coming close to winning the title two seasons in a row, Silva now thinks former club Arsenal now need to win something this term.Silva added: “They (Arsenal) have all the conditions. They have been fighting with them (Man City) for two years, right? In a way, they have gotten ahead of Liverpool in this dispute.“Last year it was very close and perhaps even within the planning they had been doing since Arteta arrived. They managed to get ahead of the project, with the work and dedication of everyone.“And I believe that now this year, in my view, they need to (achieve something). I think that perhaps even as a statement of work on the part of the club itself, I see it as a year of achievement. The time has come, right?”And Silva reckons a trophy for Arteta is inevitable, the Brazilian continued: “He arrived with some suspicion, but it has worked out very well so far. He is young, but the gamble paid off. He has the confidence that the management has given him to play his role. He has grown year after year and the media and fans already respect him.“He is competing and beating giants, managing to raise the level of the game. He has a lot of merit in what Arsenal has been doing. Inevitably, an achievement will happen to value everything that has been done.”“We were together recently during Arsenal’s pre-season in the United States. He is very serious, works hard and is focused. He is also humble enough to learn and listen to people. He has managed to put together a team of people who help each other on a daily basis and build this entire process of growth for Arsenal.”",2024-10-08,Arsenal,null
63,‘Concerned’ Chelsea star ‘considers exit’ amid ‘physio advice’ with two European clubs ‘approached’,"Chelsea captain Reece James is open to joining FC Barcelona or Benfica, who have the secret recipe for ending his injury problems, according to reports.The 24-year-old has proven he can be one of the best right-backs in the world, but he has been dogged by injuries in recent years.Since the start of the 2022/23 campaign, James has only made 26 Premier League appearances for Chelsea and he only made eleven appearances across all competitions last season.James had surgery to fix a recurring hamstring injury last season and made a couple of appearances in Chelsea’s final games of the campaign.However, James has not played for his boyhood club this term as he picked up another hamstring injury during pre-season.Earlier this week, journalist Matt Law claimed James is “due back in full training next week” and could make his return soon.“Reece is due back in full training, all being well, next week hopefully. I’m always a little bit wary on these because it might be that there’s a little thing that happens and they decide to delay it again but I know the hope is to get Reece back into full training at some point,” Law said.READ: Chelsea midfielder one of six Premier League players with misleading stats in 2024/25“What we can be sure of is that they’re going to be damn careful with him, so just because he gets back into full training don’t necessarily expect him to come back as quick as another player.”James has been heavily linked with Real Madrid in recent years, but reports suggest they have turned their attention to signing Liverpool star Trent Alexander-Arnold.Despite this, James is still reportedly ‘considering an exit’. A report from Football Transfers claims FC Barcelona and Benfica have been ‘approached by his representatives’.The report claims Barcelona and Benfica have been ‘sounded out’ after James was given ‘advice’ by ‘physios’.‘According to sources, both Barcelona and Benfica have been approached by the 24-year-old’s representative, with the idea of a move to a warmer climate being considered as a potential solution to the England international’s recurring muscle injuries.‘James has endured a frustrating series of setbacks, having suffered seven hamstring injuries since joining Chelsea’s senior squad. These ailments have plagued both legs, and in addition to his hamstrings, he has dealt with various other muscle-related issues, including knee problems.‘In total, he has missed a staggering 129 Chelsea matches due to injury, a worrying statistic that has raised concerns among his private physiotherapists and representatives.‘We have been told that physios have advised that the warmer climes of southern Europe, particularly Spain or Portugal, could significantly aid James’ recovery and long-term fitness.‘The belief is that the higher average temperatures, combined with the slower pace of leagues like LaLiga or the Portuguese Primeira Liga, may reduce the risk of further injury and allow James to extend his playing career at the top level.’",2024-10-13,Chelsea,null
64,Big-money Chelsea star branded ‘the most overrated player’ in the Premier League,"Chelsea winger Mykhaylo Mudryk has been labelled “the most overrated” player in the Premier League by former Everton defender Alan Stubbs.The Ukraine international signed for the Blues from Shakhtar Donetsk in January 2023 in a huge £89m deal with the 23-year-old enduring a dismal start to his Chelsea career.Mudryk has started just 26 times in the Premier League since joining the Blues with the Ukrainian contributed five goals and four assists in 50 league appearances.He produced a great cross for Renato Veiga to open the scoring for Chelsea in their 4-2 Europa Conference League win over Gent before the international break as he was handed a rare start by Enzo Maresca.But Mudryk is still not starting anywhere near as much as expected following his huge move, and former Everton defender Stubbs reckons he’s “the most overrated” player in the Premier League.Stubbs told BestBettingSites.com: “I think the most overrated or the biggest disappointment in terms of not living up to the hype, has to be Mykhailo Mudryk.“They snatched the player from under the noses of Arsenal, and his capture was presented as a real coup, a statement.“He just hasn’t looked anywhere near the player that we all hoped he could be in his time at the club.“When I watched him playing in the Champions League for Shakhtar Donetsk, I thought that he looked like a world-beater. I was really excited to see what he was going to bring to the Premier League, but it hasn’t happened for him. He has just flattered to deceive.”Moises Caicedo has been quietly impressive for Chelsea this season but Stubbs has called out the expensive midfield duo of Caicedo and Enzo Fernandez for their performances since arriving at Stamford Bridge.Stubbs added: “I think serious questions also need to be asked about Enzo Fernandez and Moises Caicedo.“They’re both good players, but have they performed anywhere near the level that you expect from midfielders that cost over £100m? I don’t think they’ve made the impact that you’d be looking for from them for such a significant investment.“They’re both top players, we’ve seen them do it before, but I haven’t watched them play for Chelsea and seen them dominate. That’s what you expect from players with those kinds of price tags.”Former Chelsea and Liverpool defender Glen Johnson has also previously expressed his frustration at Mudryk’s performances for the Blues.When asked whether Mudryk has what it takes to be successful at Stamford Bridge, Johnson told Betfred: “We’re yet to see it. We’ve seen flashes of his talent and there’ve been times when he’s looked unstoppable, but we haven’t seen it often.“At the moment, it doesn’t look like he’s cut out for the Premier League because we would have seen it by now if he was. Maybe his time is up.“I’ve been supportive of him previously, but there’s reasons why the managers he’s had don’t trust him and when he’s had the opportunities to play, we’ve not seen enough from him.“Chelsea bought him for a lot of money, so they’re either going to have to stick with him or take a big loss on him.”",2024-10-12,Chelsea,null
65,Chelsea given new 'serious' Osimhen 'challenge' amid huge boost of 'immediate' transfer price 'drop',"According to reports, Chelsea remain interested in signing Victor Osimhen, but another club are ready to ‘seriously challenge’ the Premier League giants.Osimhen was understood to be Chelsea‘s top striker target during the summer transfer window, but the two parties could not agree a deal before the deadline at the end of August.In previous windows, Napoli priced Osimhen out of a move elsewhere, but the Nigeria international’s price decreased in the summer as the Serie A giants attempted to offload him.Napoli signed Belgium international to replace Osimhen earlier in the window, so they moved to get the big-money forward off their wage bill.Paris Saint-Germain and Al-Ahli were other potential destinations for Osimhen, but Chelsea were the frontrunners for his signature on deadline day until the transfer collapsed.After his proposed move to Stamford Bridge fell through, Osimhen completed a surprise loan switch to Turkish giants Galatasaray.READ: Osimhen to Man Utd? PL Big Eight ranked on their chances of signing banished Napoli starConsidering the other transfers on the table, Osimhen’s move to Galatasaray was extremely underwhelming, but it quickly became clear that this was a short-term solution as the deal includes a break clause in January.Osimhen has made a superb start to the season as he’s grabbed two goals and four assists in his first four appearances for Galatasaray.A report in Italy claims Galatasaray ‘want to buy him immediately and is challenging Chelsea’ in the race to sign him permanently.It is claimed that Osimhen would cost 81 million euro (£67m) in January, while his price in the summer would be a 75 million euro (£62m) fixed fee.The report adds.‘Galatasaray is seriously thinking about buying him in January: the culmination of a love at first sight. For them, the amount would always remain 75 million: the 6 million more in winter, in fact, is related to the termination clause of the loan, a sort of compensation in the event that Osimhen were to go elsewhere.‘Like Chelsea: he tried in August and is still very interested, so much so that he is considering the possibility of making the move in three months.’In response to this story, transfer expert Fabrizio Romano warned the media against disrespecting Galatasaray as “nothing is ongoing now”.“There have been fresh reports about Victor Osimhen’s asking price dropping to €81m for January, but I don’t have any confirmation on this and I think in general Galatasaray should be more respected on the media,” Romano said in his Daily Briefing column.“They paid important money for Osimhen on loan, it’s not even five or six games and there are already rumours about January and more.“Nothing is ongoing now, for sure. In any case, there’s a new release clause into his contract if he ends up extending at Napoli as revealed one month ago so that’s the value for the future.”",2024-10-10,Chelsea,null
66,Chelsea have gifted England a Cole Palmer that Man City did not need,"Since swapping east Manchester for west London last summer, nobody would have foreseen Cole Palmer hitting such ridiculous heights. Not Pep Guardiola, not Todd Boehly, possibly not even Palmer himself.In his first season at Stamford Bridge, Palmer scored 27 goals in all competitions and notched 15 assists, resulting in him winning the PFA Young Player of the Year. He’s now added an England Player of the Year to a groaning mantelpiece.Palmer is undoubtedly the star attraction in a Chelsea team which has an average age of just 23, a squad which we should probably call a roster considering the number of players that Enzo Maresca has at his disposal. Palmer is Maresca’s trusted man despite having Noni Madueke, Pedro Neto, Joao Felix, Christopher Nkunku and Jadon Sancho. The list could go on. Maresca absolutely knows what he has with Palmer and it’s not to be tampered with.It never appeared to be the plan to make Palmer the face of Boehly’s rebuild of the club; the 22-year-old has almost fallen into the role. But would things have worked out the same had he stayed at Manchester City?We’re all aware that Pep Guardiola has a knack for spending large sums of money on top-quality players, but something that has gone somewhat under the radar is his commitment to integrating youth-team players.The most obvious example has been Phil Foden, who won the PFA Player of the Year last season, playing a stand-out role in City’s fourth consecutive Premier League title win. And yet he will never be City’s star man. Not while Erling Haaland and Kevin de Bruyne are still breathing and wearing blue.Rico Lewis has also been integrated into the team, but the inclusion of two players must not create a narrative of revisionism around Palmer and whether things would have worked out differently for him had he stayed at City.If anything, Foden has seen his minutes limited so far this season, and although he is still only 24, it’s impossible to imagine him being able to play the same role as Palmer at Chelsea. There’s a difference in the size of the fish and the pond.As did many other players, Foden struggled in Gareth Southgate’s static system during the Euros, though Palmer had no problems getting to grips in his substitute appearances. The fact that he has been voted England Player of the Year despite not starting at the Euros tells you everything about his standing among England fans.READ: England: Palmer fourth in ranking of potential Kane replacements to solve 2026 World Cup conundrumChelsea’s belief has been England’s gain. The truth is that Palmer would never have been given such opportunities at City. Take James McAtee for example; a 30-minute cameo against Slovan Bratislava in the Champions League isn’t fooling us. We’re almost certain Palmer would be sat on the bench while Guardiola favours £55m man Jeremy Doku in rotation with £30m flavour of the month Savinho.After becoming the first player to score four goals in the first half of a Premier League game last month, Maresca was asked whether he was aware of Palmer’s talents having worked with him in his time at City, and he said: “You’d have to be blind if you didn’t see it with Cole.”We’re sure that Guardiola did see it with Cole, but the City boss notoriously allows players to leave if they want to leave. And realistically, Guardiola was always going to see Palmer as a rotation option. Never as the fulcrum. That’s the difference between Chelsea and Manchester City. For all Palmer’s goals last season, they still finished 28 points behind City.“I said many times, I didn’t give him the minutes that he maybe deserved and wanted, the minutes he now has at Chelsea,” says Guardiola, who has consistently denied having any regrets. He’s won six of the last seven Premier League titles so regrets are in short supply.Under Maresca, Palmer has been given the license to roam, tweaking his position after Pochettino utilised him largely as a touchline winger, though Palmer used his own initiative to float around the pitch in such a chaotic set-up. He is the sort of player who looks for the ball and usually finds it.It now seems remarkable that such a confident and innovative player did not start a single game at the Euros, even while Jude Bellingham toiled in the no 10 position and Foden felt constrained on the left. Finding a solution is what will make the next England manager successful and potentially turn the bridesmaids into brides.Whatever happens now, Palmer will be front and central. He demands nothing less.",2024-10-09,Chelsea,null
67,"Barcelona, Bayern Munich, PSG suffer blow as Aston Villa super-sub snubs new challenge","Jhon Duran has quickly become a fans’ favourite at Villa Park this season having found the net six times in just 10 appearances, being mostly used off the bench.Duran had been linked with a move to Chelsea in the summer and regarded as just another player who had been on the wish list of the hierarchy at Stamford Bridge, though the Columbia international has showed this season that Todd Boehly and Co. may well actually have a clear long-term plan in place.Duran signed a new deal earlier this week which will now keep him at Aston Villa until 2030, an additional two years on the deal he had signed when completing a move from MLS side Chicago Fire in January 2023 for £18m.TBR Football understands that Duran had also been at the subject of interest from major European giants Barcelona, Paris Saint-Germain and the club Duran’s goal saw face defeat at Villa Park last week in the Champions League, Bayern Munich.Duran has been pushing to start for Villa this season, having just started once, often replacing fellow striker Ollie Watkins, though the duo both ended the game up front in their recent draw against Manchester United.Villa had reportedly been demanding a fee of £50m to allow Duran to depart the club, and we can see why having made such an impact this season, with Villa sat in fifth place going into the international break.With the added Champions League games that Emery’s men will play throughout the season, the decision to tie down Duran seems a sensible one, with enough minutes expected to be able to share the workload with Watkins.Watkins has experienced a slow start this season with the second-city club managing his minutes after playing at the Euros for England in the summer.The 28-year-old though, has been named in Lee Carsley’s England squad for the upcoming Nations League games against Greece and Finland, with Duran also jetting off for international duty with Colombia as they gear up to face Bolivia and Chile.Duran has so far won 12 caps for his country, scoring once and he will be hoping to add to that tally considering the form he is in right now.",2024-10-08,Aston Villa,null
68,Premier League boss has ‘no desire’ for England job while Carsley reveals: ‘I’ll be going back’,"Lee Carsley’s hopes of becoming the next England manager may have suffered a huge dent after Thursday’s defeat to Greece.The FA have been looking for a successor to Gareth Southgate who announced his departure from the England managerial role after leading the national team to two successive Euro’s finals.Carsley strangely ruled himself out of the running post-match when he said: “Hopefully I’ll be going back to the Under 21’s.”Graham Potter, Frank Lampard and Eddie Howe have all been linked with the role, though according to the Telegraph, Howe has no desire to leave Newcastle and remains extremely happy at St James’ Park.Howe’s name also features on the FA’s shortlist, with the Football Association aware of his stance after making informal enquiries with his representatives earlier in the year.There has been much talk surrounding Howe’s current role at Newcastle after the departures of former co-owner Amanda Staveley and former director of football Dan Ashworth.Ashworth, who left for Manchester United, was replaced by Paul Mitchell, though he and Howe have experienced a turbulent relationship thus far. There was tension within the camp during the summer transfer window, with both their visions seemingly unaligned.The Magpies spent just shy of £35m during the summer as they aimed to stay within financial fair play regulations.Howe has a £6m release clause, while his wage demands would also be higher than the £5m a year that Southgate earned while leading the side.Speaking in September, Mitchell seemed to keep the idea of Howe leaving for the national afloat.He said: “I’ve never been scared of interest in any of our staff members. Especially our head coach, and especially from a level of organisation that the FA is.“We want Eddie Howe as our head coach for as long as we can. But we recognise that we are on a journey, and we recognise his quality and his potential as well. I think [their interest] it’s recognition of the two-and-a-half years he’s had here, and the job he did at Bournemouth.”Howe took over from Steve Bruce in November 2021 after the Saudi PIF purchased a stake in the club. Since then, he has led Newcastle to Premier League survival, followed by fourth and seventh placed finishes, bringing Champions League football back to Tyneside for the first time since 2003, as well as a Carabao Cup final last year.The 46-year-old certainly fits the bill for the England role, playing an exciting brand of football and has enjoyed a particularly good relationship with both Bournemouth and Newcastle fans.A trait that made Southgate so likeable among the England supporters was his warmth towards them, and Howe would have no problems to fill that void.",2024-10-11,Newcastle United,null
69,Newcastle man told he made 'clear mistake' joining Magpies,"Newcastle United goalkeeper Odysseas Vlachodimos has been told that joining the Magpies in the summer was “clearly a mistake”.Vlachodimos joined Newcastle from Nottingham Forest for a reported £20million fee in the summer transfer window.The transfer raised plenty of eyebrows with Nick Pope the undisputed No. 1 at St James’ Park.The Greek international appears to be third choice at best under Eddie Howe with Martin Dubravka the immediate back-up to Pope.Newcastle also signed experienced goalkeeper John Ruddy on a free transfer in the summer, meaning Howe has five first-team ‘keepers with Mark Gillespie also at the club.Vlachodimos joined the Magpies after the north east club agreed to sell young midfielder Elliot Anderson to Forest for £35m.Many felt Forest overpaid for Anderson but the transfer made more sense when they sold Vlachodimos to Newcastle for £20m.Some have suspicions that Newcastle essentially agreed to sell Anderson to the City Ground club for £15m and signed unwanted goalkeeper Vlachodimos in a separate deal to help balance the books and avoid a financial fair play breach.We are not accusing anyone of anything. Promise.Vlachodimos will be regretting the move to Newcastle. Well, he is probably regretting joining Forest in the first place. He was very successful at Benfica but has struggled for game time since leaving Portugal for the Premier League in September 2023.The 30-year-old will surely pursue a move elsewhere in the winter transfer window and Greek commentator Christos Sotirakopouloshas says the player had plenty of other offers in the summer.“Clearly a mistake. He could have moved to Germany, Spain or Italy – in that order. There were enough offers,” Greek commentator Christos Sotirakopoulos said.“At Benfica he was between the posts for a top team for five years. In Germany, for example, he knows the country, the people and the circumstances. Even if he had played at Nottingham.“This is a team that often comes under pressure and defensive order can quickly be lost as a result. I don’t know the circumstances of the expensive move to Newcastle well enough.”Vlachodimos played for Greece against England on Thursday night, helping his country win at Wembley for the first time.Despite his all-out attack approach failing against the Greek side, England interim manager Lee Carsley insists he will not change his philosophy.“My position and my understanding of coaching, I want to attack,” he said.“I want to attack – you’ve seen the teams play (at Under-21s level). It’s something that’s really important to me and with that you do lose games. You do lose some games.“It’s not ideal, of course it’s not, but with that mentality I’ve found that you definitely win more games than not.“It’s very disappointing tonight but nothing changes in terms of the way that I see the game. It’s not affected how I see it.”",2024-10-11,Newcastle United,null
70,Exclusive: Gazza claims Tottenham stars are ‘letting Postecoglou down’ over Australian assumption,"England and Tottenham legend Paul Gascoigne thinks Spurs are “going to struggle” to reach the top four under Ange Postecoglou this season.Tottenham have lost three of their last five Premier League matches with Postecoglou’s side taking just ten points from their opening seven matches.Spurs are having little issue scoring goals with Postecoglou’s side hitting back of the net at a rate of two goals per match in the Premier League.Their 3-2 loss against Brighton just before the international break, after being 2-0 up, now has some fans and pundits questioning whether Postecoglou is still the best manager to take the club forward.When asked if he thinks Tottenham can achieve a top-four finish under Postecoglou, Gascoigne told Football365 in association with sportscasting: “I mean, when I played for Tottenham, we used to change in like the nursery kiddies school and now they’ve spent one billion pounds on a training ground and a pitch.“They’ve got it all on plate for them and I thought, ‘they’re going to struggle,’ you know. Everything’s there for them.“Some of them park their car up and then they have to walk 50 yards, but they’re sitting in a little buggy to go 50 yards. Getting rid of Harry Kane, that was a shock he went to Bayern Munich and not Real Madrid. They just seem to be dependent on [Heung-min] Son and if he’s not in form, then they seem to be struggling.“They’ve got so much money, you’ve got to buy players and the manager, he’s foreign, isn’t he? Australian. The managers I played for, I respected them so much that I wanted to play so well for them.“And I just feel like some of the players are letting him down, thinking, ‘he’s from Australia, he doesn’t really know much about English football,’ and just f***ing going out there to play the game and collect their wages. At Celtic, you’re pretty much guaranteed to win every game. I was more shocked with Steven Gerrard and why he left Glasgow Rangers. He definitely regrets that decision.”Tottenham have drawn Rangers in the Europa League group stage with the two British teams facing on December 12 at Ibrox Stadium.On the clash between the Premier League side and Scottish giants, Gascoigne added: “If they’re at home, definitely. It’s difficult, that one. I was so close to Rangers. At Rangers, I’m welcomed in every way and at Tottenham, I asked for a couple of tickets and they said ‘that’ll be 400 pounds each.’“I was like, wow, with all I did for that club, you know? When I left Tottenham I got them a lot of money when I signed for Lazio and I put in my contract when I went to Lazio that Tottenham had the first option to sign me back and they didn’t so I was a bit upset at that, considering the teams I could’ve went to.“I made the right choice in going to Rangers, the fans were fantastic, they love me up there. I didn’t like doing venues up there because I speak for an hour and they start singing for 55 minutes.“The last time I went, ‘can I please talk?’ I said, ‘let me say something.’ They’re singing ‘The Bluebells Are Blue’ and then all the Gazza songs. Let me get my money’s worth at least! When they play Spurs, I think I’ll be a Rangers fan.”",2024-10-14,Tottenham Hotspur,null
71,Tottenham: PL manager 'tipped to replace' Postecoglou amid 'tempting offer' with takeover 'weeks' away,"According to reports, a Premier League manager could ‘replace’ Tottenham Hotspur boss Ange Postecoglou as a takeover is ‘weeks from completion’.Spurs appointed Postecoglou ahead of the 2023/24 campaign. The former Celtic boss was lauded at the start of last season as he successfully overhauled their style of play and arguably made the North London outfit the most exciting team to watch in the Premier League.Tottenham had a successful season as they finished fifth in the Premier League. However, they missed the chance to finish fourth as a poor end to the season cost them a spot in the Champions League.Postecoglou is among the favourites to be the next Premier League manager sacked after Spurs lost 3-2 to Brighton before the international break. They were beaten despite leading 2-0 at half-time.This result leaves Spurs ninth in the Premier League as they have won just three of their first seven games.Former Brighton and Chelsea boss Graham Potter is the current favourite to replace Postecoglou, but Newcastle United boss Eddie Howe could actually be Tottenham’s next manager.READ: Gyokeres to Man City? Viana’s five best signings ranked on likelihood of joining Guardiola’s sideHowe has been under pressure himself over the past 18 months and it has been suggested that he could leave Newcastle following his fallout with new sporting director Paul Mitchell.There was a lot of change at Newcastle in the summer as Mitchell replaced Dan Ashworth, while former co-owner Amanda Staveley left the club.In recent weeks, Staveley has been heavily linked with Tottenham and a takeover ‘decision’ is expected soon.The Sun are reporting that Howe ‘could receive tempting offers’ to leave Newcastle and he’s been ‘tipped to replace Postecoglou at Tottenham if Staveley invests in Spurs’.‘Howe will shoot to the top of Tottenham’s managerial hit-list if Staveley and her money men invest in the North Londoners.‘The Newcastle gaffer is also strongly fancied within the FA as they look to find a permanent successor to Gareth Southgate. But Wembley chiefs are unwilling to pay compensation and Howe’s long-term contract — believed to run to 2027 — would involve a huge compensation bill.‘Former Toon co-owner Staveley and her mega-rich backers are keen to take a stake in Spurs and she is a massive fan of former Bournemouth boss Howe. He would top her wish list if things do not improve for Ange Postecoglou after a stuttering start to life in N17.‘The projected buy-in by Staveley and Co is taking some time to happen and that project still appears weeks from completion.‘England technical director John McDermott is keen on Howe for the national post because of his playing style and experience. Howe, 46, is thought to consider himself too young for that job, especially as he still enjoys club football so much.‘He would also cost a fortune to appoint with salary demands and Toon compensation to work against him in the FA’s equation. But with the FA yet to commit to Lee Carsley on a permanent basis that door will remain open for him.’",2024-10-13,Tottenham Hotspur,null
72,Nottingham Forest given hefty fine for social media outburst about ‘Luton fan’ Stuart Attwell,"Nottingham Forest have been fined £750,000 and warned over their future conduct after their extraordinary comments about VAR official Stuart Attwell.The club had denied that the comments brought the game into disrepute by implying bias and/or questioning the integrity of match officials.An independent regulatory commission found the Football Association charge proven.Forest felt they should have been awarded three penalties during a defeat at Everton in April and after the game, they posted on their official X account: “Three extremely poor decisions – three penalties not given – which we simply cannot accept.“We warned the PGMOL that the VAR (Attwell) is a Luton fan before the game but they didn’t change him. Our patience has been tested multiple times. NFFC will now consider its options.”READ MORE: Rice, Ederson have been Arsenal, Man City’s worst players in the 2024/25 Premier LeagueForest declined to comment on the sanction.Forest also asked to listen to the VAR audio from the game, a request which Professional Game Match Officials Limited (PGMOL) granted.The club also called for PGMOL to take into account “contextual” rivalries when making referee and VAR appointments, but when the allegiances criteria were published at the start of this season this was not included.On the day Forest were charged, their referee analyst Mark Clattenburg left the club having been given a formal warning by the FA over his comments about Attwell.Comments made by manager Nuno Espirito Santo and defender Neco Williams in relation to the officiating at the Everton game also resulted in sanctions, with Nuno given a suspended one-match touchline ban, a £40,000 fine and a warning as to his future conduct, and Williams also warned and fined £24,000.",2024-10-11,Nottingham Forest,null
73,Ten Hag ‘priority’ to accelerate ‘integration’ of Man Utd player ‘not bought for instant impact’,"Erik ten Hag plans to accelerate the ‘integration’ of Manuel Ugarte into the Manchester United team amid ‘increasing pressure’.Ugarte was signed by United from PSG for an initial £42m in the summer as Ten Hag was desperate to land a suitable partner to Kobbie Mainoo after the steep drop off in Casemiro’s displays last season.The Uruguay international has been a bit-part player thus far with Christian Eriksen often preferred at the heart of the Red Devils midfield, and Ugarte’s three starts – against FC Trent, Barnsley and Tottenham – have been underwhelming.GIVEMESPORT now claim though that one of Ten Hag’s ‘priorities is to fully integrate the midfielder into the first-team picture’.It’s claimed Ten Hag insisted upon Ugarte’s arrival that he would ‘need time to settle at Old Trafford’ and that he ‘wasn’t brought to the club to make an instant impact’.But with just two Premier League wins from seven games and Ten Hag fighting to keep his job, needs must.Ten Hag is ‘under increased pressure to utilise him’ in the coming games when he would have preferred to hand him the odd appearance here and there had things been going better for the Red Devils boss.Ugarte has played no part in their last two games against Porto and Aston Villa after a particularly disappointing display against Tottenham, but did play the full 90 minutes for Uruguay in their 1-0 defeat to Peru, as a centre-back.But the 23-year-old was eager to point to his own deficiencies in that position after the game, presumably with a view to stopping Ten Hag seeing him as a solution to United’s defensive woes.“I lack certain things as a defender”, Ugarte said.“It was not a good match. We did not play well, it was a shame because I still believe that we are much better, but the match was ugly for us.“The dressing room was strong before the match, the atmosphere was nice, but little by little we faded and we did not show good things in the match.“Everyone can play and has the conditions to do so, but many times, when changing players it takes a little [time] to adapt. It is not an excuse either, the team’s performance dropped. We need to go deeper, as we saw against Peru, we have to keep working.“Honestly, I felt good with the ball, but I lack certain things as a defender. These are things that always enrich a player and we will see what happens on Tuesday.”",2024-10-14,Manchester United,null
74,Ferguson tipped to replace Ten Hag at Man Utd for ‘one season’ with stars ‘taking the p***’,"Man Utd boss Erik ten Hag could be replaced by a returning Sir Alex Ferguson for “one season”, according to Paul Gascoigne.Ten Hag is under pressure to turn around his side’s form after INEOS put their faith in him over the summer, handing the Red Devils boss a one-year contract extension.Man Utd have made their worst start to a new season since before the Premier League began with Ten Hag’s side currently 14th in the Premier League table.The Red Devils have taken just eight points from their opening seven Premier League matches and scored only five goals in that time.And now former Tottenham and England star Gascoigne reckons Man Utd could rehire Ferguson if the Red Devils fire Ten Hag.When asked whether he could see Ten Hag lasting until Christmas, Gascoigne told SportsCasting: “It’s like me as a player, I knew I was good. And it doesn’t matter who I was up against, or replacing, for instance, no problem.“To follow Alex Ferguson, a few of them, even Jose Mourinho didn’t last long, David Moyes not for long.“Looking at Ten Hag, I feel sorry for him a bit. I would love Alex Ferguson to take over just for one season and just see what he could do with those players because I think some of them take the p*** out of Ten Hag.“You’ve got to give the man a bit of respect and it’s such a massive club, I don’t think some of the players realise who they’re playing for.”Gascoigne’s comments come after former Everton chairman Keith Wyness claimed that Man Utd are likely to go down the route of appointing some like Middlesbrough boss Michael Carrick, who knows the club.Wyness told Football Insider: “There are various rumours whether they will go for like a Thomas Tuchel or will it be a Michael Carrick and have more of a managerial coach type situation rather than a Tuchel-type bigger name.“I think they might go for the second route and try and get the Man United ethos back to what it was before with an ex-player like Carrick managing the squad.“He’s proven to be a very good manager, so that’s where I think they may go.“But no one knows at the moment which way Ratcliffe is going to jump. They are starting to reap the rewards of a very bad, difficult off-season when everybody thought Ten Hag was going to be sacked.“So all these sorts of things are coming home to roost. It’s a bad issue for Man United. We are already seven games into the season and it’s not looking good.”",2024-10-14,Manchester United,null
75,Man Utd insider reveals why three Ten Hag replacements have ‘dropped out’ of manager race,"A Man Utd insider has revealed why a number of top-class managers are seemingly “dropping out of the running or talking about other jobs”.The Red Devils have been in terrible form so far this season with Erik ten Hag’s side scoring just five goals in their first seven Premier League matches.Man Utd are currently 14th in the Premier League table with their 0-0 draw against Aston Villa before the international break meaning they’ve taken just eight points from seven games.Ten Hag, who has won the FA Cup and League Cup since becoming Man Utd boss in 2022, is now under pressure from the media, fans and the board, with reports over the international break that the Red Devils are looking at potential replacements.The Dutchman seems safe for now and is expected to be in charge of their match against Brentford at the weekend – but Thomas Tuchel, Eddie Howe, Gareth Southgate, Thomas Frank, Max Allegri and Zinedine Zidane are among the names being linked.Former England boss Southgate ruled out coaching Man Utd or any other side in the next year as he plans on taking a break.“I won’t coach in the next year, for sure. I’m certain of that,” Southgate said.“I need to give myself time to make good decisions. When you come out of a really big role you need to give your body time, you need to give your mind time. I’m enjoying my life, so there’s no rush.”Tuchel, meanwhile, is reportedly in ‘advanced talks’ to replace Southgate as the new England boss, while Newcastle manager Howe reportedly has no desire on leaving St James’ Park.Brown told Football Insider: “These managers aren’t daft.“They’ll be looking at Manchester United, seeing how things are being run and the issues they’ve had in recent times, and wondering why they’d want to be part of that.“That’s why they all seem to be dropping out of the running or talking about other jobs. It all comes down to the decision-making from the club and what people on the outside see.“In recent years, that hasn’t been good. The club is a mess as things stand, and these top managers won’t want to step into that situation.“Even under Ten Hag who has been backed by the club, things have never gone to plan. That’s going to be a problem when it comes to finding other managers now.”",2024-10-14,Manchester United,null
76,Zidane demands one signing at Man Utd with the ex-Real Madrid coach ‘open’ to replacing Ten Hag,"Zinedine Zidane has one signing in mind if he takes over at Man Utd with the former Real Madrid boss now ‘open’ to succeeding Erik ten Hag, according to reports.The Red Devils have made their worst start to a Premier League season this term with Ten Hag’s side earning just eight points from a possible 21 in their first seven matches this term.Man Utd, who have scored just five goals in the Premier League this campaign. are currently floundering in 14th and Ten Hag is now under pressure from media, fans and the board to turn around results.Ten Hag is expected to be in charge of the Red Devils’ first match back after the international break against Brentford amid speculation the Man Utd board could try and keep him in position until closer to January.Speaking ahead of the Red Devils’ executive committee’s pre-planned monthly meeting last Tuesday, Ten Hag said: “We always talk, every week. I would say every day we talk so, yeah, I expect I will speak with them.”Pushed on them being in the bottom of half after drawing 0-0 against Aston Villa, Ten Hag replied: “I think you said it very good – it is external noise.“Internal we are disappointed and we know we need to do better, especially we need to score more because in this moment after this block of games that’s the area we’re really short.“All the other areas I think we are doing really well. We have four clean sheets so that says a lot about the defending and the organisation. Also now the defending of defensive transitions we are doing really well, so we are really improving on that point.“Our build-up play is good – we are calm, composed. We’re creating the chances apart from today.“I think today we should have created more, but that area in the box of the opponent we have to be more ruthless, more clinical, more killing and we have to work on this.”There have been rumours of numerous managers being in line to replace Ten Hag if he is sacked with Max Allegri, Gareth Southgate, Thomas Tuchel, Eddie Howe and Thomas Frank among the names linked.Former Real Madrid boss Zidane is another manager reportedly on the Red Devils’ radar and reports in Spain claim that he ‘would be open to the possibility of landing at Old Trafford’.And Zidane ‘already has a priority target in mind’ for the January transfer window with the Frenchman demanding Barcelona defender Jules Kounde as his first signing.The France international has ‘aroused the interest of Zidane’ and ‘would be fundamental to strengthen a defence that has shown serious weaknesses in recent months’.The report adds:‘It is no secret that Zidane deeply admires his compatriot, and believes that his incorporation could give the English team a leap in quality.‘However, FC Barcelona are not willing to let one of their most important players go. The Catalan club considers Koundé to be untransferable, and the player seems to be fully committed to the Barça project.’",2024-10-14,Manchester United,null
77,Swap deal? Man Utd eye £60m swoop for PL star as £85m flop could head in other direction,"Man Utd are keen on bringing Crystal Palace winger Eberechi Eze to Old Trafford with Crystal Palace having an interest in Antony, according to reports.The Red Devils made five signings in the summer transfer window with Joshua Zirkzee, Leny Yoro, Manuel Ugarte, Matthijs de Ligt and Noussair Mazraoui all joining.Despite an influx of new players, Man Utd have made a terrible start to the new season with Erik ten Hag’s side taking just eight points from seven Premier League matches.Man Utd are floundering in 14th in the Premier League with pressure building on Ten Hag before the international break as rumours about potential replacements ramp up.INEOS’ first transfer window hasn’t garnered results on the pitch so far and they are already planning to improve the team in the next couple of transfer windows.Man Utd have looked blunt going forward this term and transfer expert Fabrizio Romano (via Caught Offside) claims that Crystal Palace’s Eze is someone the Red Devils ‘still have an interest in’.Romano has confirmed that Eze’s £60m release clause is still valid with Crystal Palace ‘at real risk of losing the 26-year-old’ over the next couple of transfer windows.Liverpool, Tottenham and Newcastle are all also believed to be interested in a move for Eze – but Man Utd could have a secret weapon in their arsenal as they look to tempt Palace to do a deal.Caught Offside claim that Man Utd ‘have decided to let Antony go in the upcoming January transfer window’ with Crystal Palace one of the suitors, which could see a potential swap deal between the clubs.Antony’s former club Ajax are also ‘open to bringing him back for a second spell’ with ‘the 24-year-old is available on loan or a permanent transfer’.The report adds: ‘Newcastle and Crystal Palace are both keen to strengthen in attack this January, sources have told CaughtOffside, and it seems Antony is a name they would consider.’Antony joined Man Utd in a deal which could reportedly rise to £85m and Paul Merson has called on the Red Devils to bring in club legends Gary Neville and Rio Ferdinand to guard against making the same recruitment mistakes again.Merson said on Sky Sports: “There must have been a plan at the start of the season.“Maybe they’re looking at it like a five-year project. United aren’t going to catch City and Arsenal in a year so they have to be patient. It’s going to take time, United need to start walking again never mind running.“The one thing that worries me is who has come into that club and looks like a success? I mean, Antony was £80m.“Have you picked yourself up yet or have you fallen over? I thought you’d fall over when I said Antony was £80m! That just sums it all up. I just don’t know what they’ve done with some of these transfers. I would have put someone like Gary Neville in charge of the recruitment.“Gary has been at that club all his career, and he knows football from the inside out. You put someone like him in charge, even Rio Ferdinand, someone like that or even both of them together, and you go ‘right, we want to build this club – what players should we be bringing in?'”",2024-10-14,Manchester United,null
78,Man Utd ‘rejected’ by ‘virtually unknown’ manager after trying to replace Erik ten Hag,"Man Utd were turned down by Stuttgart manager Sebastian Hoeness in the summer after attempting to replace Erik ten Hag, according to reports.The Red Devils had a terrible season in the Premier League last term, finishing in their lowest ever position since the league was formed in 1992 with Ten Hag’s side struggling to eighth position.Widespread reports indicated that their poor season would spell the end for Ten Hag with fans and pundits left wondering which style of play the Man Utd boss was trying to implement.However, their unexpected FA Cup final victory over arch-rivals Man City led to Ten Hag being afforded more time with the Man Utd board speaking to a number of potential candidates.The Red Devils’ hierarchy eventually decided to keep Ten Hag on this season and decided to offer him a one-year extension on his current contract, which the Dutchman accepted.But now German publication Bild claim that Man Utd were ‘keen on Stuttgart coach Sebastian Hoeness during the summer break’ as they searched for a potential replacement for Ten Hag.The Man Utd bosses ‘knocked on Hoeness’ door’ at the beginning of July and ‘inquired about possible transfer modalities for the former Hoffenheim coach’.Bild add that Hoeness – who the Daily Star describe as ‘virtually unknown’ – ‘was flattered by the interest of the two-time Champions League winner. However, no concrete negotiations took place as the Munich native had already politely declined.’Man Utd have started off poorly again this term with the Red Devils currently 14th in the Premier League table with just eight points from seven matches.Players who have previously been reliable under Ten Hag, like Bruno Fernandes and Lisandro Martinez, have been struggling this term – but former striker Andy Cole is not too worried by their form.On Fernandes and Martinez, Cole told Betfred: “With Bruno, I’m not. I know a lot of people don’t like him and how he acts, but I like the guy because he never leaves a stone unturned. He always gives 100% and I know he moans and screams a little bit more than others, but he only does that because it’s for himself as much as his teammates.“His form will come back and this period right now is probably the only time he’s ever been out of form throughout the entirety of his Manchester United career, so you can’t really question him because this has been the only time. He will get there because he plays with his heart on his sleeve and he shows that fire and determination.“Regarding Martínez, on Thursday against Porto, he and [Matthijs] De Ligt both found it really tough. Not usually do they come up against a centre-forward like Samu [Omorodion] that’s physical and good in the air. The pair of them got bullied.“His form hasn’t been great this season and it’s the first time that anybody’s really questioned it. When he first came to Manchester United he struggled, but he then almost immediately started performing really well. He, like Bruno, will come back, it’s just a matter of time.”",2024-10-14,Manchester United,null
79,Man Utd transfer: Fernandes 'wanted' signing Liverpool 'sent private jet for'; PL rivals 'threw in £29m offer',"An Inter Milan star has claimed that Bruno Fernandes “wanted” Manchester United to sign him, while he was also “close” to Arsenal.30-year-old Piotr Zielinski progressed through the ranks at Serie A outfit Udinese but has spent most of his career at rivals Napoli.The Poland international made over 350 appearances for the Italian giants across all competitions before he left the club upon the expiry of his contract in the summer.Liverpool and West Ham were among the clubs linked with Zielinski last season, but he eventually opted to join Inter Milan on a free transfer.Man Utd were busy in the summer as they spent around £185m to sign Joshua Zirkzee, Leny Yoro, Matthijs de Ligt, Noussair Mazraoui and Manuel Ugarte.READ: One per club: Premier League pleasant surprises in 24/25 includes £72m winger, Liverpool midfielderThe Red Devils were in the market for a new midfielder in the summer, but Ugarte was always their favoured option.Zielinski was not a like-for-like alternative as he’s often used in a more advanced role. Despite this, he claims Fernandes “wanted” him to join Man Utd.Fernandes previously played with the Inter Milan star at Udinese and the two players are “still in touch”.Zielinski has also revealed that he previously came “close” to signing for other Premier League clubs.“At one time, Bruno Fernandes wanted me to end up in Manchester. We are still in touch, we talk quite often – we played together in Udinese, and in one of the matches we practically single-handedly beat Milan,” Zielinski said.“As for West Ham – it was also close, De Laurentiis was also already convinced about the offer, they threw in €35 million (£29m).“There was already looking around for medical care for my wife and child, where I was going to live. Coach [Luciano] Spalletti took me aside once and asked me what was going on, and I said I would rather stay, fight for the championship. He said I want you to stay and that it would be the best version of Zielinski. I stayed because I didn’t really feel this London either.”He added, “Liverpool sent a private jet to Florence for me and I flew with my agent Bartlomiej Bolek – we drove up to [Jurgen] Klopp’s house afterwards, we had a great conversation. It was the first time I had flown like that. He said that for him I was a mix of [Ilkay] Gundogan and [Cesc] Fabregas.“We watched a Premier League match at his place on his giant TV, I had never seen anything like that either. Arsenal were closer to realisation than Barcelona because De Laurentiis didn’t want a few boys from La Masia in return.”",2024-10-13,Manchester United,null
80,Ten Hag sack? Man Utd top target 'puts pressure' on Ratcliffe to axe boss amid 'agreement' claim,"According to reports, recent claims about Thomas Tuchel and England were made to “put pressure” on Manchester United to sack head coach Erik ten Hag.The Man Utd boss is under immense pressure as his side have only won two of their first seven Premier League games this season. They have also drawn their opening two Europa League matches.Ten Hag is the favourite to be the next Premier League manager sacked after he was fortunate to keep his job at the end of last season.Last season’s FA Cup win saved Ten Hag after co-owner Sir Jim Ratcliffe and his new-look recruitment team reportedly had talks with several potential replacements.Tuchel – who won the Champions League with Chelsea – was linked with Man Utd and a recent report claimed he is ‘most likely’ to replace Ten Hag.Despite this, a report earlier this week claimed Tuchel is in ‘advanced negotiations’ with the FA and could ‘quickly reach an agreement’ to become England’s next permanent manager.This has since been refuted by The Independent’s Miguel Delaney, though. He poured cold water on reports linking Tuchel with the England job as his team wanted to “put pressure on Man Utd”.READ: One per club: Premier League pleasant surprises in 24/25 includes £72m winger, Liverpool midfielderHe said: “It’s thought that recent reports of talks between Thomas Tuchel and England are an attempt to put pressure on Manchester United, who have an interest if they do part ways with Erik ten Hag.”While Ten Hag has rightly been criticised for some of the decisions he’s made this season, former United coach claims he’s “one of the hardest-working managers” he’s worked with.“I can imagine how frustrating it is for Erik because he’s probably one of the hardest-working managers I’ve come across,” McCarthy said.“His attention to detail, that man goes to sleep at 3am, 4am in the morning. The analysts get it at all angles, even if he thinks of something at 2am.“I’m sure his wife must be on the verge of divorcing him because that’s his life. It’s non-stop.“He works tirelessly and when you put that much work in, you expect things to go well, but that’s why I’m saying there’s something [that’s not right].”Ex-Man Utd defender Paul Parker meanwhile has warned his former club against appointing Tuchel.“People are trying to push Tuchel, but he doesn’t fit Man Utd,” Parker said. “Tuchel is always short-term, and Man United can’t afford a short-term manager. They need to stick to their manager, whether it’s Erik ten Hag or someone else.“People are talking about the club not wanting to sack him because of the compensation he would receive, but that’s just another thing people are making up. They are inventing reasons why the club wants to keep him.”",2024-10-13,Manchester United,null
81,Gary Neville questions Manchester United sale of striker now tearing up the Premier League,"Gary Neville believes Manchester United made a big mistakes by letting Danny Welbeck depart ten years ago in the early days of Louis van Gaal’s rein.Welbeck had already expressed his frustrations at playing on the left wing for Manchester United before van Gaal’s arrival, and spoke not long after the Dutchman’s arrival in 2014 about his desire to leave the club.The England international left for Arsenal that summer after Radamel Falcao arrived on loan from Monao: with van Gaal saying of the decision to sell Welbeck: “He played three seasons for the first team, but he doesn’t have the record of Robin van Persie or Wayne Rooney. And that is the standard,” Van Gaal said.“That is why we let him go, because of Falcao, but also to allow the youngsters to fit in. That is the policy. That is why I am here.”Welbeck has won plaudits for his performances for Brighton this season, however, claiming four goals and an assist in seven appearances – prompting a retrospective debate about whether United should ever have let him depart, especially in light of their own difficulty finding a reliable striker in the intervening years.Speaking on Stick to Football, Ian Wright said: “Danny Welbeck is doing a good job now. I’m pleased for Danny at this stage. I know we’ve watched some games where Danny’s playing and he could have even scored more goals, but his contribution…”Neville added: “I made a comment on Sunday that Welbeck is in better form than any of the United front players by far. Danny Welbeck, to be fair, should never have been let go at United.“If you’ve got a squad of 24, 23 – which you have – and you want to keep five or six strikers, he’s got to be one of those players. You’ve got to keep him.“McTominay’s doing well at Napoli, Sancho’s doing OK at Chelsea…”Podcast guest Wayne Rooney, a former teammate of Rooney’s said: “One of [Welbeck’s] biggest strengths was winning the ball back, high up the pitch. He was aggressive when you’d go and press, his touch was good, and we had a really good connection playing with him…he was quick.”Despite having started the discussion about whether Welbeck should have been retained, Roy Keane quickly moved to the other side of the conversation, saying over several interjections: “I don’t know about that. You can’t keep saying that about players – just because he left!“Sometimes there’s a player who when he leave he goes up and has a really good career. It doesn’t mean to say they were good enough for Man United.”Neville argued: “No, but as a player who could be a second striker…Van Gaal just wanted him out at the time.”",2024-10-13,Manchester United,null
82,Ten Hag sack? Man Utd ‘consider smart but unexpected’ replacement amid ‘new clause details’ claim,"According to reports, Manchester United have added a ‘shock name’ to their list of potential candidates to replace head coach Erik ten Hag.The Red Devils have made a poor start to the 2024/25 campaign as they have only won two of their opening seven Premier League games. They have also drawn their opening two Europa League group games.Ten Hag was under immense pressure last season as Man Utd struggled en route to finishing eighth in the Premier League. However, he kept his job after helping his side win the FA Cup.United were linked with several potential replacements in the summer, but co-owner Sir Jim Ratcliffe and his new-look recruitment team opted to stick with Ten Hag, who extended his contract until 2026.Man Utd’s disappointing start to this campaign has Ten Hag at risk of losing his job and he’s the current favourite to be the next Premier League manager sacked.READ: Premier League players who look finished at their club features Arsenal forward, Man Utd midfielderThe Premier League giants have been heavily linked with former Chelsea boss Thomas Tuchel, but he is reportedly in ‘advanced’ talks with the FA over becoming the next permanent England manager.In turn, Man Utd may be forced to consider an alternative and a report from The Sun claims former Borussia Dortmund boss Edin Terzic is a ‘shock name’ on their shortlist.Terzic has had two spells as Dortmund manager and he left the club at the end of last season. He surprisingly departed after guiding the Bundesliga side to the Champions League final.The report says.‘He has many admirers at Old Trafford and it would be a smart but unexpected move to go for him if they sack under-fire Ten Hag.‘United are currently reviewing Ten Hag’s position and have looked at the likes of Potter and Gareth Southgate, while former Chelsea and ex-Bayern Munich boss Thomas Tuchel has been on their radar.‘The Dutchman, 54, is having a short holiday and confident he will still be in charge for Saturday’s visit of Brentford. But there has been no confirmation from the club yet on whether that will be the case.‘Two current Prem bosses are also tipped to be in contention should the Red Devils call time on Ten Hag.‘Ipswich’s Kieran McKenna, who was an Old Trafford coach under Ole Gunnar Solskjaer, and Bees’ manager Thomas Frank have caught the eye of Old Trafford chiefs. Inter Milan’s Simone Inzaghi and Sporting Lisbon boss Ruben Amorim have been mentioned too.’Football finance expert Stefan Borson has provided ‘new clause details’ regarding Ten Hag, claiming his new contract may ‘make it easier’ for Man Utd to sack him.He said: “I don’t think it will be driven by the pounds and pence. Ultimately, if you have to get rid of somebody, it’s an unfortunate cost of doing business and you just have to take that cost.“If anything, I suspect that they managed to get in the new contract a damages clause that would go to Ten Hag that United were happy with and would be structured in a way that they made sense because they were renegotiating the contract with a view that it could be happening within the next 12 months anyway that it might be terminated.“I suspect they have actually made it easier for themselves in that sense rather than more difficult.”",2024-10-13,Manchester United,null
83,Man Utd: Ratcliffe 'decides to sell' at 'huge loss' after Ten Hag deems Red Devil 'surplus to requirements',"According to reports, Manchester United have ‘decided to sell’ Harry Maguire and would be willing to let him go for a ‘hugely reduced’ price.Maguire joined Man Utd from Leicester City for around £80m ahead of the 2019/20 campaign.At the start of 2020, the England international was made captain by former Man Utd manager Ole Gunnar Solskjaer, but his form has dramatically declined in recent years and has been negatively impacted by Erik ten Hag’s arrival.The experienced defender dropped down the pecking order under Ten Hag as the Dutch head coach preferred Lisandro Martinez and Raphael Varane during the 2022/23 campaign.Under Ten Hag, Maguire has been in and out of the team as he’s been unable to hold down a place as a consistent starter, with Ten Hag often preferring other centre-backs.In recent transfer windows, Maguire has been heavily linked with a move elsewhere and opted to turn down a move to Premier League rivals West Ham.Man Utd’s summer transfer business could have seen Maguire drop in the pecking order as they signed Leny Yoro and Matthijs de Ligt.READ: Premier League players who look finished at their club features Arsenal forward, Man Utd midfielderHowever, Yoro has missed the start of this campaign after suffering a knee injury in pre-season, while De Ligt has struggled and dropped out of Ten Hag’s starting XI before the international break.Maguire started alongside Jonny Evans against Aston Villa last weekend, but he was forced off with a muscle injury and will be out of action for a few weeks.The 31-year-old’s future remains in doubt and a report from The Daily Star claims Maguire is ‘set to be sold’ at a ‘huge loss’ as Ten Hag has ‘decided’ that he’s ‘surplus to requirements’.Maguire’s current contract is due to expire at the end of this season, but Man Utd have the option to extend his deal until 2026.The report claims his ‘starting’ price for Maguire has been set at just £10m.‘That price, a huge reduction on the £30m he would have cost barely a year ago, underlines that United consider the England defender dispensable. Maguire, 31, has constantly struggled to retain a regular place under Erik ten Hag during the past couple of seasons.‘His Old Trafford future would appear uncertain as the club’s football hierarchy continue to clear the decks of older players. Although Maguire is into the final nine months of his £200,000-a-week contract, United have a one-year extension option.‘Should they fail to sell him at a cut price in the January window, they will trigger that clause and try again next summer.’",2024-10-13,Manchester United,null
84,Man Utd told that hiring manager with ‘traitor’ tag would ‘be a bad choice’,"INEOS have been told by a former Premier League chairman that replacing Man Utd boss Erik ten Hag with his assistant Ruud van Nistelrooy would “be a bad choice”.Ten Hag is under the microscope and took his stuttering Red Devils to Aston Villa before the international break after a difficult start to the season continued with a 3-0 home loss at Tottenham and 3-3 draw in Porto.Man Utd fought for a 0-0 draw against Unai Emery’s in-form side at Villa Park, where Sir Jim Ratcliffe was among those in attendance just days after sidestepping the opportunity to publicly back Ten Hag.The co-owner was joined by key members of the leadership team for a stalemate that means they have eight points from their opening seven league matches – their lowest tally at this stage since collecting seven in 1989-90.There have been rumours that Van Nistelrooy could take over from Ten Hag if INEOS and Ratcliffe decide that it’s time for change at Old Trafford.But some recent reports in Spain have claimed that Van Nistelrooy ‘faces a personal dilemma: the concern of being seen as a traitor to his compatriot’.And now former Everton chairman Keith Wyness insists that Man Utd legend Van Nistelrooy would be the wrong choice to replace Ten Hag as the club have now “created the Dutch tribal groups”.Wyness told Football Insider: “I don’t know enough about Van Nistelrooy’s managerial career so far.“I think he’d be a bad choice and I don’t think there’s the real support for him to do that.“I think they’ll go another route of ex-Man United player. I understand an ex-Man United player does make a difference and Van Nistelrooy fits that bill, but I don’t think he’s necessarily the right one.“We saw some pointed discussion between him and Ten Hag on the bench at the weekend. I don’t know how happy that backroom staff is.“As I pointed out in weeks gone by, they’ve now created the Dutch tribal groups, both behind the scenes and actually on the pitch.“That’s a real issue for them that I’ve been warning against for a long time.”",2024-10-12,Manchester United,null
85,Man Utd tipped to appoint Championship boss amid Tuchel to England rumours,"A former Premier League chairman claims that Man Utd are likely to go for Michael Carrick over Thomas Tuchel if they replace Erik ten Hag.The Red Devils have made a terrible start to the new Premier League season with Ten Hag’s side winning just two of their opening seven matches.Man Utd have scraped together just eight points in their first seven fixtures with Ten Hag’s men currently 14th in the Premier League table.That has seen Ten Hag come under huge pressure from supporters, the media and, more recently, INEOS and the Man Utd hierarchy to turn their fortunes around.It doesn’t seem that Man Utd are going to sack Ten Hag immediately, as the international break would’ve have provided the perfect opportunity, with some claims they want to give him a chance until nearer the new year.Former Chelsea boss Tuchel had seemed favourite to take over with reports indicating that Man Utd had him top of their list if they decided to sack the Dutchman – but reports on Friday indicated the German was in ‘advanced talks’ over the England job.But former Everton chairman Keith Wyness reckons Man Utd will choose to get their “ethos back” with the appointment of Middlesbrough boss Carrick or another former manager.Wyness told Football Insider: “There are various rumours whether they will go for like a Thomas Tuchel or will it be a Michael Carrick and have more of a managerial coach type situation rather than a Tuchel type bigger name.“I think they might go for the second route and try and get the Man United ethos back to what it was before with an ex-player like Carrick managing the squad.“He’s proven to be a very good manager, so that’s where I think they may go.“But no one knows at the moment which way Ratcliffe is going to jump.“They are starting to reap the rewards of a very bad, difficult off-season when everybody thought Ten Hag was going to be sacked, so all these sorts of things are coming home to roost.“It’s a bad issue for Man United. We are already seven games into the season and it’s not looking good.”",2024-10-12,Manchester United,null
86,"Ten Hag, Man Utd players recorded in changing room after ‘shocking breach of security’","Man Utd players and Erik ten Hag were secretly recorded speaking in the dressing room ahead of their match against Aston Villa, according to reports.The Red Devils are under immense pressure this season after making their worst start to a season since before the Premier League began.Man Utd have scraped together just eight points from seven matches with Ten Hag’s side winning just two games and currently sit 14th in the Premier League.Ten Hag is under scrutiny after surviving a summer scare with Man Utd actively speaking to potential candidates to succeed him as manager.And now The Sun claims the Man Utd ‘dressing room was bugged before their match at Aston Villa in a shocking security breach’ with a prankster claiming ‘he hoodwinked Villa Park staff to sneak in and plant a hidden device two days before the 0-0 draw last Sunday‘.Ten Hag’s team talks were recorded in the audio, a source told The Sun: “This is a shocking breach of security and some serious questions will be asked as to how this was allowed to happen. Fortunately, there was nothing sinister to this incident.“It was just a prankster, who’s actually a United fan, being silly and wanting to hear what was said inside those four walls. But it will definitely be a cause for concern about how they managed to get inside a changing room at one of the Premier League’s biggest clubs just days before a match.”It is claimed ‘Ten Hag’s instructions to the team and individual players can clearly be heard’ and The Sun insists they have ‘heard the recordings but is choosing not to publish details of them’.There was a similar incident in the Match of the Day studio in 2023 with porn noises played while Gary Lineker and his fellow pundits were live on air.The Sun‘s source added: “These people are mostly harmless and doing it for a bit of fun.“They are doing it to get a load of hits on YouTube and make their fans laugh. They aren’t trying to cause trouble or do harm to anyone.”The Red Devils’ terrible start to the new campaign has done none of their new signings any favours with former Man Utd striker Andy Cole having sympathy for Matthijs de Ligt’s poor beginning to life at Old Trafford.Cole told Betfred: “Talking from my own experience, playing for Manchester United is playing for one of the biggest clubs in the world and expectation levels are so high.“You’re expected to hit the ground running and if you don’t hit the ground running, then you’re deemed not good enough. It takes more time to adjust than a lot of people think it does.“In a couple of games he’s looked half-decent and in a couple of games he’s struggled. Sometimes when you’re playing in a team that’s not playing well, you’re going to find that inconsistency.“He’s played for big clubs such as Ajax, Bayern Munich and Juventus, so he’s got the pedigree, but he, like every other player in that team, is waiting for everything to click and for that form as a collective to shine through. Once his confidence is in tip top condition, then we go from there.”",2024-10-12,Manchester United,null
87,Coach reveals Bruno Fernandes ‘shock’ at Man Utd summer sale of star with six key attributes,"Bruno Fernandes was “shocked” that Man Utd sold youngster Maxi Oyedele in the summer transfer window, according to Legia Warsaw coach Goncalo Feio.The Red Devils sold a number of players in the summer with Mason Greenwood, Scott McTominay, Willy Kambwala and Aaron Wan-Bissaka their biggest sales.One transfer which probably went a bit under the radar was that of Oyedele to Legia Warsaw with the Polish giants forking out just £500k for his services.Oyedele had impressed in pre-season for Man Utd with the Salford-born youngster choosing to end his time at Old Trafford in search of first-team football.And it seems the 19-year-old could have made the right choice with Oyedele featuring in four senior matches for Legia so far this season, including in the Europa Conference League.And Legia Warsaw boss Feio insists that Fernandes was “shocked” that Man Utd were selling Poland under-21 international Oyedele in the summer after seeing his talent in training and pre-season fixtures.Speaking after Legia beat Real Betis in the Europa Conference League, Feio said: “After the match with Gornik I said that we were dealing with a player who would sooner or later end up in the Polish national team.“I didn’t know that he would be called up to the national team two days later. The quality on the ball, the personality, the character to keep the ball, the choices, when to lead, play with one touch, change the centre…“It is no coincidence that Bruno Fernandes, when we spoke to him, said he was shocked that United were letting him go, because he looked great in pre-season with Manchester. The level at which he plays is also related to the number of duels won in the central zone. His physical maturity, motor skills and ability to use his body are at a high level. Although I know that the fans and probably you, journalists, like what he does with the ball the most, Maxi gives us a very big physical presence in the midfield.“This is an element that is quite important in today’s football. Oyedele’s form is also largely due to the other players around him, who trust him and allow him to show himself from such a good side. It’s our duty to keep him developing like this. Polish football can have a lot of joy from him.”Unlike Oyedele, Fernandes has not started the season in good form with the Man Utd captain coming in for some criticism with the Red Devils sat in 14th place in the Premier League.And former Liverpool player Jason McAteer insists that Fernandes “needs to be setting an example” to the younger players in the Man Utd side and cut out the petulance.McAteer told Gambling Zone: “I think Bruno Fernandes is a fantastic talent, he’s just in the wrong environment.“I want to see more from him and more maturity from him. Manchester United are in turmoil right now and you need your captain to demonstrate proper leadership in these types of situations. He’s so petulant. He should be setting an example.“There’s a lot of really good young players in that United team: Garnacho, Mainoo, Hojlund. These are really good young players. Bruno Fernandes needs to be setting an example, and getting sent off in consecutive games is not the example to set.“It’s been a really difficult period for Manchester United. They’ve started the season terribly.“I’m really disappointed in Bruno Fernandes’ contributions in games and how he’s behaved. That’s not how a Manchester United captain should be showing his attributes or behaving.“His attitude and performances, considering the role he has at a giant of a football club in Manchester United, have been the biggest disappointment for me in the Premier League this season.”",2024-10-12,Manchester United,null
88,Man Utd target Thomas Tuchel to 'reach agreement' for new job 'quickly' amid 'advanced' England talks,"According to reports, Manchester United-linked Thomas Tuchel could ‘quickly reach an agreement’ to become England’s new permanent manager.51-year-old Tuchel has been out of work since leaving Bundesliga giants Bayern Munich at the end of last season. He previously had a successful spell at Chelsea as he helped the Premier League side win the Champions League.Tuchel reportedly had talks with Man Utd in the summer as co-owner Sir Jim Ratcliffe and his recruitment team considered replacing Erik ten Hag.The Red Devils eventually opted to stick with Ten Hag, but the Dutchman remains under pressure as they have only won two of their first seven Premier League games.A report on Friday claimed Tuchel is Man Utd’s ‘most likely successor’ as Ten Hag’s future remains in doubt. He is the current favourite to be the next Premier League manager sacked.READ: Ranking Sir Jim Ratcliffe’s mistakes at Man Utd from the email to Ten HagTuchel has also been mooted as a potential permanent replacement for Gareth Southgate, who quit following England’s 2-1 loss to Spain in the Euro 2024 final.Lee Carsley has stepped up from the U21s to become England’s interim manager. He won his first two games, but his side suffered an embarrassing 2-1 loss against Greece in the Nations League on Thursday.This has presumably hampered Carsley’s chances of getting the job permanently and a report from German outlet Wert TV claims Tuchel is ‘negotiating’ with England.It is said that ‘negotiations are already well advanced’ and ‘an agreement could be reached quickly’.After England’s 2-1 loss against Greece, Carsley admitted he was “surprised” to hear critics say the permanent job was his “to lose”.“I was quite surprised after the last camp in terms of like ‘the job’s mine’, like it’s ‘mine to lose’ and all the rest of it,” Carsley said.“No, my remit has been clear from the start. I’m doing three camps, there’s three games left and then, you know, hopefully I’ll be going back to the 21s.”After a reporter asked Carsley to explain after saying he will “hopefully” return to the Under-21s, he added: “Well, I said at the start that I wouldn’t rule myself in or out and that’s still the case.“I’m more than comfortable in my position where I am. The remit was clear. I’m comfortable and confident with that.“After the first camp I definitely didn’t get too excited or believe too much.“I’m very aware that this job is one of the best in the world in terms of you’ve actually got a chance of winning – obviously I’m talking about that after a loss but in terms of a major competition – and that’s still the case.”",2024-10-11,Manchester United,null
89,Man Utd ‘getting rid’ of Ten Hag signing amid ‘offer’ from Euro giants for ‘fairytale end to career’,"According to reports, Manchester United are ‘getting rid’ of Casemiro, while one of his teammates could be ‘offered’ a ‘fairytale end to his career’.The Red Devils were active in the transfer market in the summer as they spent around £185m on signings. They recruited Joshua Zirkzee, Leny Yoro, Matthijs de Ligt, Noussair Mazraoui and Manuel Ugarte.Man Utd offloaded several unwanted talents in the summer to free up funds and Casemiro was expected to join a few of his former teammates in leaving.The Premier League giants paid around £60m to sign Casemiro from Real Madrid ahead of the 2022/23 campaign and he shone during his debut season. However, his form severely declined last term.Casemiro clearly had a decent summer as he was in good shape at the start of this season, but he produced a disasterclass as he made a couple of huge mistakes in Man Utd’s 3-0 loss against Liverpool last month.The Brazil international was taken off at half-time and has not started in the Premier League since his embarrassing performance against Liverpool.READ: The Media don’t want Ten Hag sack; why would we want the circus to end?A report in Spain claims Man Utd ‘have made it clear that Casemiro’s time at the club is coming to an end’ as they are ‘getting rid’.‘The board is looking to cut costs and the player’s high salary has become a cause for concern.‘Manchester United are reportedly determined to get rid of Casemiro during the next transfer window to free up space in the budget and look for alternatives more in line with Ten Hag ‘s project.‘Although his departure will not be easy, given the prestige he still enjoys in European football, the club is confident that a solution will be found that benefits both parties.‘January is shaping up to be a key month for the future of the Brazilian, whose time in Manchester seems to be coming to an end.’Christian Eriksen was also linked with a summer exit, but he stuck around and has featured regularly for Man Utd at the start of this campaign.Despite this, a report from The Sun claims Eriksen ‘could be heading’ to Ajax’ for a ‘fairytale end to his career’.‘The Danish midfielder’s contract is up in June, and Old Trafford chiefs are not expected to offer the 32-year-old a new deal.‘But the former Spurs, Inter and Brentford star is in high demand – and his former club Ajax lead the way in trying to sign him.‘The Dutch giants are monitoring his situation and could be prepared to offer Eriksen a three-year deal which would pave the way for him to end his career back at Ajax.‘They are trying to tie up a deal which would see Eriksen agree to a move in the New Year but remain at Old Trafford to see out the remainder of his contract. Yet while Ajax step up their bid, clubs in America and Saudi Arabia are also keen.‘But Eriksen is believed to be attracted by the idea of a fairytale return to a club where he really made his name.’",2024-10-11,Manchester United,null
90,Ten Hag sack? Man Utd 'most likely successor' revealed after Ratcliffe dropped 'specific request' in meeting,"According to reports, Manchester United co-owner Sir Jim Ratcliffe made a ‘specific request’ during a meeting with other club executives earlier this week.At the start of this week, Ratcliffe and other key Man Utd board members met in London to discuss their start to the season and their plans moving forward.Ratcliffe has had a busy few months since buying a minority stake in the Premier League giants. He has overhauled their recruitment model and his new-look team decided to stick with Erik ten Hag at the end of last season.Ten Hag was under pressure for much of last campaign as Man Utd struggled en route to finishing eighth in the Premier League.Man Utd’s win against Man City at Wembley in the FA Cup final saved Ten Hag, but his side have endured a miserable start to this campaign.The Red Devils have only won two of their first seven Premier League games this season and drew their opening two Europa League group games.READ: Ranking Sir Jim Ratcliffe’s mistakes at Man Utd from the email to Ten HagMan Utd defended well but had nothing going forward in their 0-0 draw against Aston Villa last weekend and this result had bided Ten Hag more time as he’s ‘highly likely’ to remain before next weekend’s home match against Brentford.However, a report from The Independent claims Ten Hag’s future was discussed during this week’s meeting and Ratcliffe ‘made a specific request’ to his colleagues.It is said that Ratcliffe wants ‘United’s football hierarchy put forward forensic cases for all potential scenarios on Erik ten Hag’s future to fortify the club’s new approach’.Former Chelsea and Bayern Munich boss Thomas Tuchel was ‘spoken of’ during the meeting and he remains Man Utd’s ‘most likely successor’ for Ten Hag.The report claims Ten Hag was ‘one of the main topics of discussion’, while ‘one argument’ was ‘countered by the familiar caveats’.‘It is understood there were considerable differences in positions, although one of the most debated was over what comes next should the club eventually decide to move on from the Dutch coach. There was still no announcement or official update as of Thursday afternoon, although Ten Hag’s stance is understandably to proceed as normal once he returns from holiday, to prepare for the Brentford game.‘Ratcliffe’s request is part of Ineos’s vaunted “evidence-based process” approach, in order for no doubt to be left about club decisions. That could be perceived as somewhat ironic, given that one senior figure is known to have stated that the current situation – where United have claimed just eight points from seven games – was exactly what could have been predicted in the summer.‘There is of course some sympathy for Ten Hag since this is the second time he has been put through this process in a matter of months, although the preference from the club has been to keep him in for the purposes of stability. Performances and results have disrupted that, leading to the manager’s future forming one of the main topics of discussion at Tuesday’s scheduled meeting at United’s London office.‘There, Ratcliffe made his request in a meeting that included co-owner Joel Glazer as well as chief executive Omar Berrada, sporting director Dan Ashworth, technical director Jason Wilcox and director Sir Dave Brailsford. One argument was made that was strongly in favour of a change now, but that was countered by the familiar caveats about how early in the new era it is, as well as the potential disruption from a change.’",2024-10-11,Manchester United,null
91,Graeme Souness picks three 'unambitious' Man Utd signings as Ratcliffe 'nails' Ten Hag,"Graeme Souness has slammed Manchester United for their lack of improvement and transfer business under Sir Jim Ratcliffe.Erik ten Hag leads the Premier League sack race with the Red Devils sat 14th in the table after winning two of their opening seven fixtures.It is a bleak time to be a Man Utd fan after a promising summer transfer window.The signings of Manuel Ugarte, Matthijs de Ligt, Joshua Zirkzee and Noussair Mazraoui plugged a lot of holes in Ten Hag’s squad but none of those players have particularly impressed in 2024/25.Zirkzee was signed to help relieve the pressure on Rasmus Hojlund to deliver and scored the winner against Fulham on his debut.Since then, the Dutchman has failed to perform, while De Ligt and Mazraoui’s performances are declining.Ugarte, meanwhile, was hailed as a top signing who would solve Man Utd’s midfield crisis, but has been very disappointing since joining from Paris Saint-Germain for around £50million.These are the sort of players a “middle of the road club” would look at, according to Liverpool legend Souness, who says Real Madrid wouldn’t look twice if presented the opportunity to sign Ugarte, Zirkzee or Mazraoui.“I look at players they signed this summer, they brought in Manuel Ugarte, Joshua Zirkzee, and Noussair Mazraoui,” Souness began. “But United aren’t a middle of the road club.“Would a team like Real Madrid be signing those players?“I don’t think they’re ambitious enough, because they’re not going out and signing the types of players that will make a difference.“In the end, that’s what nails Ten Hag. He’s signing players that he’s worked with before, so they wouldn’t have been someone else’s suggestion.“He’s signed players that he knows and would’ve wanted, but they’re still not performing. United pay through the nose for players, but they’ve been signing poorly for years.“You can go back to the likes of Anthony Martial, they only let him go last season but five years ago I was writing a column saying it was last chance saloon for him.“They also signed Paul Pogba for a record transfer fee. That was madness.”As well as a scathing assessment of the Red Devils’ transfer business before and under new co-owner Ratcliffe, Souness said that he thinks it’s a matter of time until Ten Hag is sacked.“When it comes to whether or not they keep Erik ten Hag, I would think the owners have made their minds up already – unless United turn a major corner soon,” he said.“I don’t know what to make of United anymore. We’ve been having the same conversations about them for a decade. But I haven’t seen any improvements, not even under the new ownership. I thought they’d be better this season, but they haven’t improved at all.“And that’s just the playing staff. I’m looking at the people higher up and wondering, are they going to turn Man Utd around? Where’s their football knowledge coming from at the highest level?”",2024-10-11,Manchester United,null
92,Man Utd star finally ‘enjoying football’ with national team after reports of ‘downing tools’ under Ten Hag,"Man Utd captain Bruno Fernandes is thankful to be representing Portugal this month as he is finally able to ‘enjoy his football’.Fernandes has started the season miserably. He is yet to find the back of the net in 11 appearances across all competitions.He is not the only Man Utd player struggling in 2024/25, with Erik ten Hag’s side sat 14th in the Premier League after seven matches.They have only won two of their opening seven league fixtures and drew their two Europa League ties against FC Twente and FC Porto, respectively.The pressure is mounting on Ten Hag – who leads the Premier League sack race – and his captain has not helped by getting sent off in two consecutive matches.Fernandes was shown a straight red card against Tottenham – which was later rescinded – and received two yellow cards against Porto four days later.The Portuguese international has admitted that he let his teammates down but is happy for the international break to temporarily halt his Old Trafford misery.“When I spoke about the bad moment, it was in relation to the two expulsions in the same week, which I thought were unfair,” he told reporters in Portugal.“The first was withdrawn and the second, because it was a yellow card, was not, but these are things that are part of football and I can’t think about that.“I took responsibility for that moment, because especially against Tottenham I left my teammates with one less player chasing the result.“But it’s not just about the national team, which is where I feel increasingly good and where I can enjoy my football due to the dynamics and quality that I have by my side.“At the club, I have to improve as soon as I get there, the goals will come and I also have to take responsibility for that, because I have scored a high level of goals in recent years and I also have a ‘standard’ that I want to maintain, I hope to score as soon as I get there to help the club return to winning ways and to the best level.”There have been rumours of a falling out between Ten Hag and Fernandes but a ‘top Man Utd source’ has informed Football Insider that this is not the case.“It wouldn’t surprise me if the players were getting frustrated,” former Red Devils chief scout Mick Brown told Football Insider.“I don’t believe Bruno would have downed tools, though.“People have said maybe he’s not playing for the manager, but that’s not what I’m hearing, and I haven’t heard anything about a disagreement between them.“He hasn’t been in his best form at the start of the season, that’s for sure, but it’s not through a lack of effort.“I just think these things happen every now and then and it’s a coincidence that the manager is under pressure while he’s gone below the highest level.“If he had stopped playing for him, that would be a very bad sign, but as far as I’ve heard, nothing like that has happened.“Again, though, it’s how he’s being asked to play and what his role is in the team that’s causing issues.“I’m sure he’s just as frustrated as some of the fans are with the way he’s been playing and the results of the team.”",2024-10-11,Manchester United,null
93,Man Utd chiefs need 'arresting' for 'giving away' £30m star as Ratcliffe considers activating buy,"Manchester United have been blasted for offloading Scotland international Scott McTominay to Serie A giants Napoli in the summer.The Red Devils were busy in the summer as they spent around £185m on new signings. They acquired Joshua Zirkzee, Leny Yoro, Matthijs de Ligt, Noussair Mazraoui and Manuel Ugarte.Co-owner Sir Jim Ratcliffe and his recruitment team were patient as they bided their time to acquire their top targets. Their budget was boosted by a couple of notable sales, as McTominay joined Mason Greenwood and Aaron Wan-Bissaka in being offloaded for fees.McTominay was linked with several Premier League and European clubs before he joined Napoli. The Serie A outfit paid an initial £25m to sign the midfielder and the potential cost of this deal is £30m with add-ons.The 27-year-old was initially expected to leave Man Utd during the 2023 summer transfer window amid interest from West Ham, but he stuck around and was one of Erik ten Hag’s stronger performances last season.Despite this, McTominay was sold to Napoli for a pure profit sale and he’s made a superb start to the season.McTominay’s new manager – Antonio Conte – has used him as an attacking midfielder and he’s grabbed two goals and an assist in his five appearances across all competitions.READ: The Media don’t want Ten Hag sack; why would we want the circus to end?Earlier this month, Italian journalist Riccardo Trevisani claimed someone “stupid” at Man Utd needed to be “arrested” for selling McTominay.“McTominay scored goals, he carried the cross, he had determination and yet they kicked him out! Nothing works at Manchester United, a club that only does stupid things, you can’t guess anything,” Trevisani said.“They killed every player, Højlund, De Ligt, Antony, Rashford, now Zirkzee, even Casemiro, it’s a joke, there is no comparable team, they should be arrested. PSG are scientists in comparison! They have thrown away managers, coaches and players in recent years. They have no idea what they are doing.”Former Premier League forward Paolo Di Canio agrees with his compatriot. He said: “I would go to Manchester United to arrest all the directors: how do you give McTominay away?”Man Utd also cashed in on 21-year-old Alvaro Carreras in the summer, but a report in Portugal claims he could soon return to Old Trafford.The left-back failed to make a single senior appearance for Man Utd and Benfica made his initial loan deal permanent in the summer for around £4m.The Spain U21 international has impressed for Benfica at the start of this season and is being linked with several European giants.The report claims Man Utd, FC Barcelona and Real Madrid are ‘closely monitoring’ the defender, while Atletico Madrid and Juventus are mooted as other potential destinations.Man Utd are said to have an advantage over their rivals as they have the benefit of a buy-back option, but the Carreras’ new price is currently unclear.",2024-10-10,Manchester United,null
94,Roy Keane urges Ten Hag to drop Man Utd pair as FC Twente proved centre-back is ‘not the answer’,"Roy Keane has urged Erik ten Hag to drop two Manchester United players, insisting his former club are “in trouble” if they are relying on them.Ten Hag is under significant pressure once again at United having clung to his job in the summer, with his side sitting 14th in the Premier League having won just two of their opening seven games.It was suggested the United chiefs may pull the trigger in the international break but it’s claimed the Dutchman is set to keep his job for now.But that may not be he case for much longer if he sticks with Harry Maguire and Christian Eriksen, according to Keane.Keane said on the Stick To Football podcast: “If you are going back to Harry Maguire you are in trouble.Jill Scott replied: “I think he always has the right attitude.”Keane: “Ah Jill! See the goal? Look at his defending for the equaliser against FC Twente. Just look at him for that goal. If you think he is the answer. You can’t keep going back to Maguire and Eriksen.“The last few years they have made lots of changes, they get rid of Fred and McTominay, they make changes. Centre halves. Now Maguire and Eriksen are back in the team the last few weeks.“You have gone back to the lads who are part of the problem! I’m not saying just on their own, of course not, but if you think Maguire is the answer!”Maguire confirmed after he limped off in the 0-0 draw with Aston Villa that he will “miss a few weeks”, but Eriksen looks set to be available as Ten Hag looks to get things back on track against Brentford next time out.Fingers crossed the Denmark international keeps his mouth shut from now on though, with Keane labelling him a “fool” after he broke ranks following the draw with Twente.Eriksen said: “I think we are mostly disappointed as a team.“I think, obviously we wanted more but in the end it was far from good enough.“Being said also in the changing room they looked like they wanted it more than us and that can’t be right.”Keane was far from impressed with Eriksen’s comments and urged someone to “get a grip of him”.Keane said: “Eriksen’s an experienced international player, vastly experienced. He’s back in the United team the last few weeks because the manager says he’s doing really well in training.“Eriksen’s not going to close the gap on Liverpool, Arsenal and Man City – absolutely not.“So he’s coming out after the game a couple of weeks ago and he actually said [they wanted it more].“Even if you feel that and it hasn’t happened where you felt they wanted it more than you, you don’t bloody say it do you, you fool.“Someone should get a grip of him and say ‘Why are you sending messages about us for?’”",2024-10-10,Manchester United,null
95,Man Utd sacking Ten Hag 'very soon' with Ratcliffe's 'mind made up' as Southgate reveals his 'decision',"Pundit Graeme Souness believes Sir Jim Ratcliffe’s “mind is made up” about Manchester United boss Erik ten Hag, who could be sacked “very soon”.Ten Hag was fortunate to keep his job at the end of last season as Man Utd performed terribly en route to finishing eighth in the Premier League.The Red Devils finished the 2023/24 campaign on a high as they won the FA Cup and this saved his job. They had talks with several potential replacements in the summer but decided to extend the Dutchman’s contract until 2026.However, Ten Hag is already back on the plank as he is the favourite to be the first Premier League manager sacked this season.Man Utd have won just two of their first seven Premier League games, while they drew their opening two Europa League group matches.Co-owner Ratcliffe and more club executives had a meeting on Tuesday. It’s since emerged that Ten Hag is ‘highly likely’ to keep his job heading into their home match against Brentford on October 19.READ: Ranking Sir Jim Ratcliffe’s mistakes at Man Utd from the email to Ten HagDespite this, Souness believes Man Utd’s “mind is already made up” on Ten Hag’s future.“When it comes to whether or not they keep Erik ten Hag, I would think the owners have made their minds up already – unless United turn a major corner soon,” Souness said.“I don’t know what to make of United anymore. We’ve been having the same conversations about them for a decade, but I haven’t seen any improvements, not even under the new ownership. I thought they’d be better this season but they haven’t improved at all.“And that’s just the playing staff. I’m looking at the people higher up and wondering, are they going to turn Man Utd around? Where’s their football knowledge coming from at the highest level?”Former Everton chairman Keith Wyness meanwhile suspects Man Utd will sack Ten Hag “very soon”.He told Football Insider: “It’s been one of the worst starts to a season under Ten Hag and that’s the reality of it. There have been some very interesting buys.“Ratcliffe the other day has said ‘Well, hang on, my management team’s only been in place a short time, Dan Ashworth and Omar Berrada’.“Well, it was Ratcliffe’s fault that it took so long to get them in place, so I don’t think that’s really something to hide behind.“Will Ten Hag be sacked? That’s really a question we’ll know more about maybe in a few hours. I think he will. I think if it’s not now, it’ll be very soon.“I think there is another international break coming up again fairly soon. He may last until that time, I don’t know. But I think he may go.”Former England boss Gareth Southgate has been mooted as a potential replacement and has commented on links with the Red Devils.He said: “I won’t coach in the next year, for sure. I’m certain of that. I need to give myself time to make good decisions. When you come out of a really big role you need to give your body time, you need to give your mind time.“I am fortunate there are lots of opportunities presenting themselves.”",2024-10-10,Manchester United,null
96,Man Utd: Eredivisie chief slams Red Devils over 'misplaced arrogance' displayed in summer deal,"Manchester United have been accused of “misplaced arrogance” after luring Rene Hake to join their coaching staff in July.Hake left his post as manager of Go Ahead Eagles to become one of Erik ten Hag’s assistant managers, along with Ruud Van Nistelrooy, who left his role as PSV Eindhoven boss in the summer of 2023 before moving to Old Trafford a year later.The Dutch duo were selected by Ten Hag after Mitchell van der Gaag, Benni McCarthy and Steve McClaren left United following Sir Jim Ratcliffe and Ineos’ thorough strategic review into the running of the club.Speaking in July, Ten Hag said: “I am delighted that Rene and Ruud have agreed to join our project, adding a wealth of experience, knowledge and new energy to the staff.“Now is a good time to refresh the coaching team as we look to build on the achievements of the past two years and push to the next level.”Go Ahead Eagles technical director Paul Bosvelt wasn’t happy with United’s approach of Hake, claiming the Red Devils showed “misplaced arrogance”.“I thought it was very strange it took so long for Manchester United to come forward,” Bosvelt told Voetbal International.“A bit of misplaced arrogance.”Hake and Van Nistelrooy’s arrival has failed to turn things around at United, who are 14th in the Premier League having won just two of their opening seven games this season.That’s significantly ramped up the pressure on Ten Hag, who many thought may be sacked in the current international break.But after a meeting on Tuesday the United chiefs have decided to give the 54-year-old more time, though former striker Louis Saha is far from convinced the Dutchman has it in him to steady the ship.“If the momentum is going the way it is for Manchester United, it will be hard for Erik ten Hag to feel supported,” Saha, who scored 42 goals in 120 United games between 2004 and 2008, told Paddy Power.“He can say all the positive things he likes, as he has the role to do that as the manager and talk about injuries and other topics. But at some point, we’ll need to see something working.”Saha added: “I’m getting frustrated with his communication. He can’t say winning trophies is enough – it’s not. You can’t lose all these games and almost accept it. I’m not saying he is accepting it, but he’s almost defending it which is unacceptable.“He doesn’t put himself in the firing line, it’s mostly his players or injuries, but it’s never his tactics.”",2024-10-10,Manchester United,null
97,'Unhappy' Man Utd star 'regretting' transfer 'doesn't rule out' shock early exit after 'bizarre' decision,"Manchester United summer signing Manuel Ugarte is ‘unhappy’ and is already ‘regretting’ his decision to join the Premier League giants from PSG.The Red Devils spent around £185m in the summer to sign Ugarte, Joshua Zirkzee, Leny Yoro, Matthijs de Ligt and Noussair Mazraoui.One of their priorities in the summer was to sign a defensive midfielder and they signed Ugarte from Ligue Un giants PSG.Man Utd were initially priced out of a move for Ugarte, but co-owner Sir Jim Ratcliffe and his recruitment team held firm before finalising a deal worth an initial £42m plus add-ons on deadline day.Ugarte was mooted as a long-term replacement for Casemiro, but the Uruguay international has only made one Premier League start and was an unused substitute against Aston Villa last weekend.READ: The Media don’t want Ten Hag sack; why would we want the circus to end?Earlier this week, Dutch legend Marco van Basten claimed Ugarte is “not even worth a quarter” of the fee Man Utd paid for him in the summer.Van Basten said: “Ugarte, who cost £50 million, you think, ‘how do you even think about paying so much money for that?’ That is really bizarre.”He added: “It’s true that the big clubs, Real Madrid, Barcelona, Paris Saint-Germain, Manchester City, Arsenal, they get the better ones and he [Erik ten Hag] always comes with second-rate players. That team has not got better.“He remains a good trainer but if you see the purchasing policy and those boys which were then bought for 700 million, I don’t see any return on that, they’re still poorly organised.“There is no star walking around who organises it, who leads, none. A few years ago Marcus Rashford was a great player, he can’t do anything about this any more, it’s unbelievable. It’s strange for that a boy who was a world star years ago.”A report in Spain claims Ugarte ‘regrets joining Man Utd in the summer’ as he already ‘appears to be reconsidering his decision’ to sign for the Premier League giants.Ugarte is reportedly’ not happy’ at Man Utd as his ‘limited participation’ has ‘frustrated’ the defensive midfielder.‘Manuel Ugarte appears to be reconsidering his decision to join Manchester United in the last summer transfer window. The Uruguayan midfielder is not having the experience he expected with Erik Ten Hag as his new coach. Although he was expected to have an important role in the team, his participation has been much more limited than anticipated, generating frustration in the player.So far, Ugarte has played just 256 minutes in five games, a fairly low figure for a signing who cost 50 million euros and who signed a contract until 2029. This ties him to the club for a long time, but does not rule out his departure in the short term.‘The fact that he was a substitute in the recent match against Aston Villa, in which the Dutch coach was playing for his continuity in the Old Trafford dugout, suggests that Ten Hag does not have full confidence in the Uruguayan, who does not want to go back to being a fill-in player.‘This has increased Ugarte’s dissatisfaction, who could be reconsidering his future if he does not see significant changes in his situation within the team in the short term. For a player who arrived with great expectations, the reality at Manchester United is far from what he had imagined.’",2024-10-10,Manchester United,null
98,‘Disgusted’ Roy Keane slams Man Utd ‘fool’ for breaking ranks – ‘Someone should get a grip of him’,"Roy Keane has slammed Manchester United star Christian Eriksen, insisting the “vastly experienced” midfielder was a “fool” for breaking ranks after their Europa League clash with FC Twente.Somewhat surprisingly, Eriksen has started six of United’s ten games in all competitions so far this season but has been part of the problem rather than the solution, with the Red Devils winning just two of those games, against Southampton and Barnsley.The Denmark international took issue with his teammates’ attitude after the 1-1 home draw with Twente in the Europa League.He told TNT Sports: “I think we are mostly disappointed as a team.“I think, obviously we wanted more but in the end it was far from good enough.“Being said also in the changing room they looked like they wanted it more than us and that can’t be right.”Keane was far from impressed with Eriksen’s comments and urged someone to “get a grip of him”.Speaking on Stick to Football, sponsored by Sky Bet, Keane said: “Eriksen’s an experienced international player, vastly experienced. He’s back in the United team the last few weeks because the manager says he’s doing really well in training.“Eriksen’s not going to close the gap on Liverpool, Arsenal and Man City – absolutely not.“So he’s coming out after the game a couple of weeks ago and he actually said [they wanted it more].“Even if you feel that and it hasn’t happened where you felt they wanted it more than you, you don’t bloody say it do you, you fool.“Someone should get a grip of him and say ‘Why are you sending messages about us for?'”Keane did though admit he would be “disgusted” if he had ever felt an opposition side had wanted it more than the United teams he played in.He added: “I would be disgusted if I came in after a game and I felt another team wanted it more than us.“You try to make sure that doesn’t even cross anyone’s mind.“The pressure, the expectation, enjoy all of that stuff. We didn’t win every week, there was times when we won nothing, obviously. But you’d embrace that Man Utd badge, the history.”United manager Erik ten Hag is under significant pressure at Old Trafford with this side 14th in the Premier League, but looks set to retain his job after the Red Devils chiefs discussed their options on Tuesday.Ten Hag take on Brentford following the international break before an away trip to Fenerbahce in the Europa League.",2024-10-10,Manchester United,null
99,"Bruno Fernandes, Rashford ‘problem’ revealed as ex-Man Utd star slams Ten Hag – ‘Never his tactics’","Erik ten Hag has been slammed over his excuses for Manchester United’s poor form as a former Red Devils star highlighted a “problem” between Bruno Fernandes and Marcus Rashford.Ten Hag is under significant pressure once again at United having clung to his job in the summer, with his side sitting 14th in the Premier League having won just two of their opening seven games.It was suggested the United chiefs may pull the trigger in the international break but it’s claimed the Dutchman is set to keep his job for now.Louis Saha is frustrated by Ten Hag’s communication, insisting the United boss should look at his own tactics rather than blaming his players or injuries.“If the momentum is going the way it is for Manchester United, it will be hard for Erik ten Hag to feel supported,” Saha, who scored 42 goals in 120 United games between 2004 and 2008, told Paddy Power.“He can say all the positive things he likes, as he has the role to do that as the manager and talk about injuries and other topics. But at some point, we’ll need to see something working.”Saha added: “I’m getting frustrated with his communication. He can’t say winning trophies is enough – it’s not. You can’t lose all these games and almost accept it. I’m not saying he is accepting it, but he’s almost defending it which is unacceptable.“He doesn’t put himself in the firing line, it’s mostly his players or injuries, but it’s never his tactics.”United have scored just five goals in their seven Premier League games so far, and Saha believes the lack of a “link” between players like Fernandes and Rashford is one of the main issues Ten Hag and his team is facing.Saha said: “The problem is that I don’t see any links in the midfield. There’s nothing between Bruno Fernandes and Marcus Rashford, for example.“These links, when you have more than one or two, mean that those guys don’t need to talk or move, they know each other so well. I don’t see that with United. I think that’s what all the fans are saying, that they don’t see the path. They are finding excuses all the time.”Ten Hag is said to be confident of turning things around at Old Trafford, and they return to action against Brentford on Saturday 19 October before a trip to Fenerbahce in the Europa League.",2024-10-10,Manchester United,null
100,Paul Pogba in ‘advanced talks’ over Man Utd reunion as Juventus chief reveals ‘solution’ bid,"Paul Pogba is in ‘advanced talks’ to leave Juventus as the former Manchester United star prepares to return to action in March.The 31-year-old was handed a four-year suspension from football which looked set to end his career after failing a doping test in 2023.But that ban has been reduced to 18 months on appeal, meaning Pogba can resume training in January ahead of a return to action in March.But Juventus have decided to terminate the midfielder’s contract – set to expire in 2026 – by mutual consent, after Pogba endured a difficult year back in Turin before his ban, making just 12 appearances across all competitions.Juventus chief executive Maurizio Scnavino said: “I can confirm that we’re in talks with Paul Pogba and his camp to find a solution.”Pogba is expected to join a new club in January and Roberto De Zerbi’s Marseille are thought to be eyeing up a move for the midfielder, possibly as a result of Patrice Evra’s intervention.Pogba’s former Man Utd teammate said recently: “I think that 99% we won’t see Paul in the Juventus colours again. He needs to turn the page.“I’m going to call Mehdi Benatia [Marseille’s sporting director] to give him [Pogba] a phone call, because the doors are open.”A move to Marseille would mean a reunion with ex-Red Devils star Mason Greenwood, who moved to the Ligue 1 side in the summer, and has played a big hand in helping them to third in the French top flight, scoring five goals in seven games.Journalist Malick Traore of NCI claims Pogba is in ‘advanced discussions’ over the move to Marseille.Pogba has always denied “knowingly or deliberately taking any supplements that violate anti-doping regulations” and said after the appeal was successful that he “cannot wait” to get back playing.“Finally the nightmare is over,” a statement from Pogba read.“Following the decision by the Court of Arbitration for Sport, I can look forward to the day when I can follow my dreams again. I always stated that I never knowingly breached World Anti-Doping Agency regulations when I took a nutritional supplement prescribed to me by a doctor, which does not affect or enhance the performance of male athletes.“I play with integrity, and although I must accept that this is a strict liability offence, I want to place on record my thanks to the Court of Arbitration for Sport’s judges who heard my explanation.“This has been a hugely distressing period in my life because everything I have worked so hard for has been put on hold. Thank you again for all the love and support. I just cannot wait to get back on the pitch.”",2024-10-10,Manchester United,null
101,Former Man Utd boss insists Ten Hag doing 'brilliant job' as Souness 'not convinced' by £110m trio,"Graeme Souness is “not convinced” by three of Erik ten Hag’s summer signings at Manchester United but a former Red Devils boss insists the Dutchman is doing a “brilliant job”.Ten Hag’s job is safe for now it seems despite United sitting 14th in the Premier League having won just two of their opening seven games of the season.It was thought the United chiefs may pull the trigger in the international break but reports suggest they’ve decided to stick with the 54-year-old after they met on Tuesday. That’s good news for us.£200m of new signings have done nothing to change the club’s fortunes and Souness picked out Manuel Ugarte, Matthijs de Ligt and Noussair Mazraoui as the three who have been particularly disappointing.“My assessment of Manchester United here last month was that I thought they’d be better this season, but the past five weeks suggest I may have been wrong,” Souness told the Daily Mail.“I saw them at Crystal Palace where they were good and should have won. But against Tottenham they were poor, even before Bruno Fernandes was sent off.“Spurs looked fabulous but how much of that ‘fabulous’ was United being average? The Fernandes dismissal was harsh. He did have a bit of a kick-out but you won’t break anyone’s leg doing that.“But the fundamental point is this: many players are better than what they are showing and that’s on Erik because a manager’s No 1 job must be to get the best out of his players.“The club spent big again last summer but neither Manuel Ugarte, Matthijs de Ligt nor Noussair Mazraoui convince me.“Erik can’t say United haven’t supported him. By buying so many Dutch internationals and players he has managed previously, he has told the club: ‘I know these players. They will do a good job.’“If someone had brought them to his attention and he didn’t fancy them, he could have said: ‘No, I’ve worked with them before and they’re not for me.’“He has driven those transfers. His future now depends on making them work out.”Despite United’s poor form, Ten Hag has received backing from ex-Old Trafford manager David Moyes, who claims he is doing a “brilliant job”.“I’ve been there and I know that it is an unbelievable club with a lot of pressure. Everybody wants to talk about it,” he told BBC Sport.“For me, it’s the biggest club in the world, which is talked about whatever city you go into. So, it comes with the territory and Manchester United want to win. Supporters want to win. And every manager who goes into the job wants to win as well.“It’s really difficult, but when you go into a job like that, it’s always going to be like that.“Manchester United is a brilliant, brilliant club supported all over the world. Because of that, there’s always the chance that if you don’t do well, you’re going to come in for some criticism.“I can’t speak for Erik ten Hag. I think he has showed brilliant resilience in the situation he is in. He should be credited for how well he has conducted himself.“I don’t see him ducking any questions or any media interviews, so I think you have to give him great credit for that.“But it’s a job which is going to attract immense pressure and have an immense amount of people talking. I think he is doing a brilliant job.”",2024-10-10,Manchester United,null
102,turn? Ten Hag 'faced definite' axe as 'stunning update' surfaces; Ratcliffe 'spin' debunked,"It has been suggested that, if Manchester United had lost to Aston Villa, head coach Erik ten Hag definitely would have been sacked by Sir Jim Ratcliffe.The Premier League giants have endured a miserable start to the 2024/25 campaign as they have only won two of their opening seven matches and sit 14th. They have also drawn their opening two Europa League group matches.Ten Hag is the clear favourite to be the next Premier League manager sacked as he was under immense pressure heading into last weekend’s trip to face Aston Villa.Man Utd were the underdogs heading into this match, but Aston Villa produced a flat performance a few days after their remarkable 1-0 home win against Bayern Munich.Villa-United severely lacked quality as the two Premier League rivals plodded their way to a goalless draw.Co-owner Ratcliffe and other Man Utd executives had a long meeting in London on Tuesday and it was understood that Ten Hag‘s future was discussed.READ: The Media don’t want Ten Hag sack; why would we want the circus to end?Following this meeting, a report revealed Ten Hag is ‘highly likely to remain’ in charge and believes he can ‘turn it around’.‘The club’s board held the meeting at Ineos’s offices in central London on Tuesday. Ordinarily if a huge decision, such as a sacking, is decided at one of those meetings it is communicated publicly afterwards, but there was no statement from the club on Tuesday evening.‘It is understood that Ten Hag has not been told that his job is under threat. The manager is therefore planning to be in charge when the domestic season resumes a week on Saturday when United play Brentford at Old Trafford.’Former Everton chairman Keith Wyness has provided a ‘stunning sack update’ as he was ‘told United planned to dismiss Ten Hag if his side failed to beat Aston Villa’.This means Man Utd’s hierarchy performed a U-turn, but Wyness claims Ten Hag is still ‘facing the sack after Aston Villa’.“Jim Ratcliffe has held a meeting,” Wyness told Football Insider. “They’ve tried to spin it that this was already in the diary.“The rumours were pretty clear from a lot of the sources I’ve been speaking to that no, it was going to be a definite sacking if Ten Hag didn’t win against Villa.“He managed to draw. Ten Hag’s come out very vociferously over the weekend.“He’s actually gone on holiday as I understand it, believing that everything’s going well and is going according to plan.“It’s been one of the worst starts to a season under Ten Hag and that’s the reality of it.”",2024-10-10,Manchester United,null
103,Ten Hag sack to make Sir Jim Ratcliffe and Man Utd chiefs look like 'bunch of calamitous clowns',"Sir Jim Ratcliffe and his Manchester United directors would look like a ‘bunch of calamitous clowns’ if they sacked Erik ten Hag now after deciding not to get rid of him in the summer, according to Simon Jordan.Ten Hag was handed a one-year contract extension on the back of Ineos’ thorough strategic review in the summer, despite leading United to their worst-ever finish in the Premier League.The pressure has continued to ramp up on the Dutch boss this season, with United currently languishing in 14th, with many suggesting he may well be shown the door in the international break.But it’s claimed the United chiefs have decided not to pull the trigger and Ten Hag’s job is safe for now.Simon Jordan believes that’s the right decision, as sacking him now, just two months after they decided he was still the man to take them forward, would make Ratcliffe and his team a laughing stock.Jordan wrote in his Daily Mail column: ‘The proper time for a robust discussion about Erik ten Hag’s future was during the summer, not seven games into a new season in which he’s been handed an extended contract and £200milion worth of new players and a so-called new framework which is only weeks old.‘I’m not excusing United’s start to the season. You don’t need to be a performance analyst guru with supposed transferable skills like Sir Dave Brailsford to look at the league table and realise 14th isn’t good enough.‘Any club of United’s stature would be investigating replacement options if the current malaise doesn’t correct itself. And should United remain outside the top 10 by Christmas, there wouldn’t even be a debate to be had, calls for the manager to go would be universal.‘But barely two months into the season, why would you change the strategy you were convinced by in the summer?‘If they’d taken radical action and removed Ten Hag in their first close season, I’d have understood – and even encouraged it. But to reverse their own decision so quickly suggests a loss of nerve. We know that although the league table looks bad, it is only a small sample size and things in football can change relatively quickly.‘If they believe Ten Hag was the right person in the summer, they owe it to give him a little more rope, either to run with or the alternative.‘As a club, United have not yet built the stability around the coach they said they were going to. Dan Ashworth and Omar Berrada are just in the building.‘While my gut feeling is you should always run your business the way you think it should, United know that jettisoning their manager so soon after inviting him to stay makes them look out of control. It will be a trigger for running the gauntlet of public opinion who will see them as a bunch of calamitous clowns for reversing a big decision they took in the summer.’",2024-10-09,Manchester United,null
104,Man Utd ‘bizarre’ signing slammed as he’s ‘not even worth a quarter’ of £50m transfer fee,"Dutch legend Marco van Basten claims new Man Utd signing Manuel Ugarte is “not even worth a quarter” of the transfer fee they paid.The Red Devils signed the Uruguay international from Paris Saint-Germain in the summer transfer window for a fee which could rise to around £5om.Man Utd signed five players in total over the summer with Joshua Zirkzee, Leny Yoro, Matthijs de Ligt and Noussair Mazraoui joining Ugarte in moving to Old Trafford.Yoro was injured in pre-season, Mazraoui has been fairly solid, while Zirkzee and De Ligt have both come in for plenty of stick in their first few months as Man Utd players.It is hard to form an opinion on Ugarte just yet with the 23-year-old playing just 103 minutes in the Premier League over three appearances this term.But former Netherlands international Van Basten has seen enough to call the Red Devils’ decision to sign Ugarte a “really bizarre” one, especially for the price they paid.Van Basten said on Ziggo Sport’s ‘Rondo’ show: “Now also that last one, Ugarte, who cost £50 million, you think, ‘how do you even think about paying so much money for that?’ That is really bizarre.”When it was suggested that Van Basten may not know Ugarte as well as he thinks after watching him twice, the AC Milan legend replied: “No, but I could already see in that match that he’s not even worth a quarter of that amount.”Van Basten added: “It’s true that the big clubs, Real Madrid, Barcelona, Paris Saint-Germain, Manchester City, Arsenal, they get the better ones and he [Erik ten Hag] always comes with second-rate players. That team has not got better.“He remains a good trainer but if you see the purchasing policy and those boys which were then bought for 700 million, I don’t see any return on that, they’re still poorly organised.“There is no star walking around who organises it, who leads, none.“A few years ago Marcus Rashford was a great player, he can’t do anything about this any more, it’s unbelievable. It’s strange for that a boy who was a world star years ago.”One player who seems to have improved at Man Utd this season is Andre Onana with Peter Schmeichel crediting new goalkeeping coach Jelle ten Rouwelaar for the uptick in the Cameroonian’s form.Schmeichel the Seaman Says podcast: “I think Onana looks more comfortable in the Manchester United goal now.“One of the things that has happened is they’ve changed the goalkeeping coach so it’s somebody he knows and they’re probably working more on his strengths and his way in the game.”",2024-10-09,Manchester United,null
105,Ten Hag ‘ignored’ Man Utd star for two weeks in ‘shock dressing room reveal’ with ‘further cause for concern’,"Man Utd boss Erik ten Hag ignored Altay Bayindir for two weeks after he signed for the Red Devils in 2023, according to reports.The Red Devils have been in terrible form so far this season with Ten Hag’s side slipping to 14th in the Premier League after their 0-0 draw against Aston Villa over the weekend.Man Utd have won just two of their seven Premier League matches so far this term and have a points tally of just eight.And that has led to an increase in pressure on Ten Hag from the media, supporters and now the Man Utd board with hopes he can turn it around quickly.There have been claims that Man Utd will stick with Ten Hag until nearer the January transfer window with the Dutchman expecting to be in charge when the Red Devils face Brentford after the international break.Football Insider insist that, ‘amid rumours of discontent in the dressing room and behind the scenes at Old Trafford’, it has emerged that Ten Hag ‘did not speak to Altay Bayindir for two weeks following his arrival at Man United’.The report adds:‘Now, sources say the manager’s actions off the field have been further cause for concern for some of his players including the Turkish goalkeeper.‘Sources explained that, following his £4.3million arrival from Fenerbahce in 2023, he was not greeted by, nor introduced to the manager, for over a fortnight.‘For the initial weeks of training, the 26-year-old spent time only with the club’s goalkeeping coaches, without ever having a conversation with the manager.‘This has raised further questions about Ten Hag’s treatment of his players.’Former Man Utd striker Andy Cole isn’t convinced that changing the manager would be the best way to get the Red Devils back to the top with Sir Alex Ferguson failing to win a trophy in his first three years at Old Trafford.Cole told Betfred: “It’s the same as any other manager because they want to be given a chance and they want to be given an opportunity. Sir Alex Ferguson, the greatest manager in the club’s history, didn’t win a trophy in his first three years at Manchester United.“Does constantly changing managers help? No it doesn’t. Winning two cups in two seasons isn’t easy to do, regardless of what others say. If it was easy to do, then everyone would.“If you take away Pep Guardiola, if you look at all the ‘elite’ managers in England at the moment, what have they won? They haven’t won a couple of trophies in their first two seasons have they? If I was a manager and I won the League Cup and FA Cup in my first two seasons at a club like Manchester United, then I’d be buzzing.“I’ve met Erik a few times and he’s a very nice guy, so I can only judge somebody by how they treat me.”",2024-10-09,Manchester United,null
106,Man Utd reach Erik ten Hag sack verdict with the Dutchman ‘understanding of the situation’,"Man Utd boss Erik ten Hag is now ‘highly likely to remain’ as the Red Devils manager and believes he can ‘turn it around’, according to reports.Ten Hag’s side have made a terrible start to the season with the point they won in their 0-0 draw against Aston Villa on Sunday seeing them drop down the Premier League table to 14th.Man Utd have taken eight points from their opening seven Premier League matches with just two victories to their name so far this term.Ten Hag has come under immense pressure from the media, fans and now the board over his position with Man Utd making their worst start to a campaign since before the Premier League began.Man Utd executives, including Sir Jim Ratcliffe, held a pre-planned meeting on Tuesday in which Ten Hag’s future was discussed and no news is good news as far as The Times are concerned.A report in The Times claimed on Tuesday that Ten Hag had ‘seemingly clung on to his job after the Manchester United board held a six-hour meeting in which the club’s worst start to a Premier League season was discussed’.The Times added:‘The club’s board held the meeting at Ineos’s offices in central London on Tuesday. Ordinarily if a huge decision, such as a sacking, is decided at one of those meetings it is communicated publicly afterwards, but there was no statement from the club on Tuesday evening.‘It is understood that Ten Hag has not been told that his job is under threat. The manager is therefore planning to be in charge when the domestic season resumes a week on Saturday when United play Brentford at Old Trafford.’And The United Stand‘s Sam C insists that Ten Hag is now ‘highly likely’ to be remain as Man Utd manager for the time being and should be in charge for the Red Devils’ clash against Brentford when the Premier League returns after the international break.He wrote on X: ‘Erik ten Hag highly likely to remain Manchester United manager, sources confirm to me. Manager understands that the situation currently at Manchester United, isn’t up to the standard of where it should be, and sources close to him believe he’s able to turn it around.’Before later adding: ‘It’s business as usual at Manchester United, where Erik ten Hag expects to be in charge when Brentford come to town.’",2024-10-09,Manchester United,null
107,Man Utd player singled out as ‘rotten apple’ after Jose Mourinho exposed four stars,"Man Utd forward Marcus Rashford has been called a “rotten apple” by a Dutch journalist as he struggles under Erik ten Hag.The Red Devils have been poor this season under Ten Hag with the Dutchman coming under pressure to turn results and performances around.Man Utd have won just two of their opening seven matches of the season with their eight points so far leaving them 14th in the Premier League.There were rumours that Ten Hag would have to prove himself in matches against Porto and Aston Villa, which both ended in draws, to keep his job.Man Utd held a pre-planned meeting on Tuesday, which involved talks about Ten Hag’s future, with a number of names being linked to his job.Despite scoring three goals in two matches against Southampton and Barnsley in September, Rashford was dropped by Ten Hag for their fixture, with the Man Utd boss claiming “rotation” was the reason for his omission.Ten Hag also substituted Rashford in last week’s 3-3 draw against Porto at half-time with the former Ajax manager citing the same reason for the England international’s withdrawal.Some pundits and former players have claimed that there must have been some kind of bust-up between Rashford and Ten Hag – but there is no evidence of anything happening between the Man Utd pair.And now Algemeen Dagblad journalist Geert Langendorff has accused Rashford of being “one of the rotten apples” that Jose Mourinho pointed to in an interview last year.Langendorff said on the AD Voetbalpodcast: “He is one of the rotten apples. Rashford had problems off the pitch last year. He didn’t quite colour within the lines.“And anyone who saw him on Sunday against Aston Villa. He was ostentatiously applying for a red card. Fortunately, Ten Hag was able to intervene just in time and get him off.“Mourinho never mentioned names. But he did say there were one or two more rotten apples who made the job impossible for him. Anthony Martial was one of them, who has since left. The fact that Mourinho said there is one more sitting there. That can only be one and that is Rashford.”Former Man Utd boss Mourinho insisted in December 2023 that there were still players at Old Trafford from his time there who are holding the Premier League club back.Mourinho told John Obi Mikel’s Obi One podcast: “There are still people in that club, and when I say people I mean some players but also some other people that are not players, that are still there when I told [United] after two months: With these people, you are never going to do it. And they are still there.”His comments pointed at the time to Luke Shaw, Antony Martial, Marcus Rashford and Scott McTominay, who were the only four players still at the club, with Martial and McTominay leaving in the summer.",2024-10-09,Manchester United,null
108,Man Utd warned over appointing ‘far better manager’ than Erik ten Hag,"Man Utd have been warned about a potential “stumbling block” to appointing Thomas Tuchel by former Premier League striker Darren Bent.The Red Devils have made a terrible start to the new Premier League campaign with Erik ten Hag’s side picking up just eight points from their first seven matches.Man Utd have won two of those matches with a 0-0 draw at Aston Villa on Sunday seeing them dropping down to 14th in the Premier League table.Ten Hag is now under immense pressure to turn around results and performances with Man Utd executives holding a meeting on Tuesday to discuss his future.There have been numerous managers linked with Ten Hag’s job if the Red Devils decide to replace him over the international break or later in the year.Max Allegri, Thomas Frank, Eddie Howe, Gareth Southgate and others have been mooted but former Chelsea boss Tuchel has emerged as the favourite in recent days.And former Tottenham and Sunderland striker Darren Bent has claimed that Tuchel’s insistence on having a say on who the club sign could be a “stumbling block” for Man Utd, who are attempting to go in a different direction.Bent said on talkSPORT: “You know, that’s the thing, if you’re looking on paper, right? Let’s take Gareth Southgate out of it and Thomas Frank, who I’m a big fan of. Thomas Tuchel’s a far better manager than Erik ten Hag. That’s just facts, right?“It seems to me that the stumbling block with that is going to be, and we spoke about it before we came on the air here, about the recruitment policy.“Because Thomas Tuchel is going to want to obviously have his say on who the club sign, and who he wants to work with, and the club want to go down that sporting director path, where those guys maybe identify the player.“I mean, Tuchel coaches those players. So, if that’s the case, if that’s the route they want to go down, then Thomas Tuchel’s not the man for Manchester United, because he wants to be the one who picks the players. He’s quite combative. He wants things to be done his way.“And if Man United don’t want to do that, then there’s no point in getting him in, as good as he is. He’s obviously got his way of managing, and the club have got a way that they want the guy to manage, so it’s not going to line up.”",2024-10-09,Manchester United,null
109,Man Utd insider reveals INEOS’ Ten Hag sack plan after crisis meeting on Tuesday,"Man Utd “would like to wait until closer to January” before they sack Erik ten Hag after Tuesday’s showdown meeting, according to a club insider.The Red Devils have made a terrible start to the new Premier League season with Ten Hag’s side currently sitting 14th in the league table.Man Utd have won just two of their opening seven Premier League fixtures, taking just eight points and scoring just five goals.INEOS and Sir Jim Ratcliffe put their faith into Ten Hag over the summer by extending his deal but he is now under severe pressure to improve their performances and results.Man Utd club executives, including Ratcliffe, held a meeting on Tuesday with some reports claiming that Ruud van Nistelrooy is ready to fill in if they choose to sack Ten Hag.Ahead of the meeting, Ten Hag insisted that everyone was “on the same page” and added: “We always talk, every week. I would say every day we talk so, yeah, I expect I will speak with them.”Pushed on them being in the bottom of half following United’s worst start to a Premier League season after seven games, Ten Hag said: “I think you said it very good – it is external noise.“Internal we are disappointed and we know we need to do better, especially we need to score more because in this moment after this block of games that’s the area we’re really short.”And now former Man Utd chief scout Mick Brown is hearing that the Red Devils are likely to hold fire on sacking Ten Hag until nearer Christmas.“They’ve got a load of players who somebody’s got to come in and deal with,” Brown told Football Insider.“I’m not so sure that the likes of Allegri and Tuchel, people like that, would want that lot. So they’re governed by the transfer window and when they can make some changes.“I’ve heard the club would like to wait until closer to January before they pull the trigger on Ten Hag so any new boss can have the transfer window.“But circumstances may be that they’re forced to pull the trigger early.“Ideally, it would be closer to January and around the Christmas period and if they wanted to make the call then the new manager could bring in his own players.“Results will need to pick up though because the pressure is on and they could be forced to make a decision earlier than that.”",2024-10-09,Manchester United,null
110,Man Utd sacking Ten Hag? Ratcliffe axe update surfaces as 'interviewed' manager 'remains of interest',"According to reports, Manchester United head coach Erik ten Hag ‘could still’ be sacked following Tuesday’s meeting involving key club executives.Ten Hag is under immense pressure following Man Utd’s miserable start to the 2024/25 campaign as the Dutchman is the favourite to be the first Premier League manager sacked this season.The Red Devils have only won two of their opening seven Premier League games, while they have drawn their first two Europa League group games.The Dutch head coach was fortunate to keep his job at the end of last season as Man Utd struggled en route to finishing eighth in the Premier League.Man Utd held talks with several potential replacements at the end of the campaign, but Ten Hag kept his job and signed a new one-year contract after helping his side win the FA Cup.The optimism at Man Utd was raised in the summer as they appeared to do some positive transfer business, but their new signings are yet to make an impact as their woes are continuing under new co-owner Sir Jim Ratcliffe.Ratcliffe and several other key executives met in London on Tuesday morning and Man Utd’s start to the season under Ten Hag was on the agenda.READ: Man Utd could copy Spurs, Watford international break panic with Ten Hag sack as Ranieri option emergesA report from The Guardian claims ‘mo clarity has been offered regarding Ten Hag’s future at United following the meeting’, but his ‘position as manager was discussed’.It is noted that Man Utd ‘could still decide to remove Ten Hag in the coming days’.‘As a regular gathering of the committee, no communication would normally be issued afterwards unless a major decision had been taken.‘After the meeting’s conclusion, staff at the club had no indication that this had occurred. Yet the Ratcliffe-controlled football department, which is led by Ashworth, could still take the decision to remove Ten Hag in the coming days.’Regarding a possible replacement, it’s claimed assistant Ruud van Nistelrooy is an ‘option’ to take over on an interim basis, while ‘interest remains’ in a manager ‘interviewed’ in the summer.‘If Ten Hag is sacked, the Guardian understands his assistant, Ruud van Nistelrooy, is a potential option as caretaker manager should time be needed to appoint a permanent replacement.‘During the summer, Thomas Tuchel was interviewed by Wilcox in Monaco regarding potentially replacing Ten Hag. The German remains of interest should a change be deemed necessary.’Liverpool legend Jamie Carragher has explained why he “has sympathy” for Ten Hag.“I think it’ll be tough for him but I have sympathy for him because I think he’s been hung out to dry a little bit on the back of what happened in the summer with the ownership speaking to other managers,” Carragher said.“No manager, or anyone in employment, would want his bosses publicly speaking to lots of different people within the game so it’s going to be a tough one to see out the season.”",2024-10-08,Manchester United,null
111,Ten Hag sack? Man Utd stars 'puzzled' by 'confusing policy' after two Red Devils are 'dropped',"Manchester United players have reportedly been left ‘puzzled’ by one of Erik ten Hag’s ‘confusing policies’ during the early months of this season.The Red Devils have endured a miserable start to this season as they have only won two of their opening seven Premier League games.Ten Hag was fortunate to keep his job at the end of last season as Man Utd struggled en route to finishing eighth in the Premier League.Man Utd’s FA Cup win saved Ten Hag, who penned a one-year contract extension in the summer. However, Ten Hag is the clear favourite to be the next Premier League manager sacked.Co-owner Sir Jim Ratcliffe and his recruitment team are reportedly ‘negotiating’ with one candidate to replace Ten Hag and a ‘requested’ transfer could seal the deal.Man Utd’s performances have been awful during the early weeks of this season and Ten Hag has been criticised for deciding to rotate heavily from game to game.READ: Man Utd could copy Spurs, Watford international break panic with Ten Hag sack as Ranieri option emergesAfter United’s 3-3 draw against Porto, Lisandro Martinez and Matthijs de Ligt didn’t start against Aston Villa on Sunday. Instead, Ten Hag selected Harry Maguire and Jonny Evans.England international Marcus Rashford has also been given the same treatment, while Ten Hag has opted to shuffle his midfielders.After Martinez and De Ligt were left out against Aston Villa, Liverpool legend Jamie Carragher was insistent that they were “dropped”.A new report from The Daily Mail claims Man Utd’s players have been ‘puzzled by Ten Hag’s rotation policy’.The report explains.‘Ten Hag’s rotation policy is puzzling some of his own players just as much as it has confused the pundits.‘The [De Ligt and Martinez] decision didn’t cut much ice with Sky Sports pundit Jamie Carragher. ‘You don’t rotate centre-backs. They’ve been dropped,’ said Carragher. Former United centre-back Rio Ferdinand appeared to agree, posting a message on social media that simply read: ‘Rotation’.‘While it’s understandable that the United boss would want to maximise his squad after struggling with injuries for much of last season, some of the players are non-plussed that the reason given by Ten Hag and his coaches for their omissions is that they look tired.‘Many of them would prefer to keep playing and find their rhythm during a difficult start to the season, particularly after defeats when most players want to get back on the pitch as soon as possible.’Following United’s draw against Villa, Ten Hag admitted the key figures at the club are “all onboard together”.“We are all onboard together, on one page. We know where we are working to, it’s a long-term project and we have to keep improving the process,” Ten Hag said.“We have proved in two very tough away games this is a team and you show the togetherness and the spirit, but also the belief and the faith they have.”",2024-10-08,Manchester United,null
112,"Man Utd ‘negotiating’ to replace Ten Hag with Barcelona great, who ‘requests’ one January signing","Man Utd are in ‘negotiations’ with Barcelona legend Xavi as they look to replace current manager Erik ten Hag, according to reports.Sunday’s battling 0-0 draw at high-flying Aston Villa meant the Red Devils stumbled into the international break without a win in five matches in all competitions.Man Utd have mustered just three victories all season and an eight-point haul from their opening seven league games is the club’s lowest tally at this stage of a campaign since collecting seven in 1989-90.Manager Ten Hag is under immense scrutiny but still believes he has the backing of the club hierarchy, who are set to meet for a pre-planned monthly meeting on Tuesday.Former Chelsea boss Thomas Tuchel is now the bookmakers’ favourite to take over but there have been numerous other managers linked, including Eddie Howe, Thomas Frank, Gareth Southgate and Max Allegri.And now reports in Spain claim that former Barcelona manager Xavi is a name that ‘has gained traction in recent hours’ with Man Utd ‘negotiating’ with the former Spain international.It is understood that ‘first contacts have already taken place’ over a potential move for Xavi and the Spaniard ‘would be delighted to be able to land in the Premier League, and in a team with so much history.’Xavi ‘already has in mind the first request’ for the January transfer window if he becomes Man Utd boss with Barcelona midfielder Fermin Lopez top of his wishlist.The report adds that Xavi ‘believes that Fermin is a player who is absolutely necessary at Old Trafford, and they can make a very significant investment to try to get him from Barca , paying more than €40m (£33,5m).’Former Man Utd striker Andy Cole doesn’t think Ten Hag should be solely blamed for the Red Devils’ terrible start to the new season.Cole told Betfred: “Whatever the people in charge decide to do, it will be done with the best interests of the club in mind. That’s that. However you look at it, for an individual to win two cup competitions in their first two seasons at Manchester United, that’s not lucky. You can’t be lucky two seasons on the bounce.“The club will do whatever they decide to do but if you look at the bigger picture, you can’t just blame the manager. The manager picks the players, but the players are the ones that have to go out there and win football matches. That’s the way it is.”“It’s the same as any other manager because they want to be given a chance and they want to be given an opportunity. Sir Alex Ferguson, the greatest manager in the club’s history, didn’t win a trophy in his first three years at Manchester United.”On Ten Hag’s public backing of himself, Cole added: “Does constantly changing managers help? No it doesn’t. Winning two cups in two seasons isn’t easy to do, regardless of what others say.“If it was easy to do, then everyone would. If you take away Pep Guardiola, if you look at all the ‘elite’ managers in England at the moment, what have they won?“They haven’t won a couple of trophies in their first two seasons have they? If I was a manager and I won the League Cup and FA Cup in my first two seasons at a club like Manchester United, then I’d be buzzing.“I’ve met Erik a few times and he’s a very nice guy, so I can only judge somebody by how they treat me.”",2024-10-08,Manchester United,null
113,Peter Schmeichel picks manager who 'fits the bill' for Man Utd: 'I really like him',"Peter Schmeichel reckons Thomas Tuchel would bring an “aura” to Man Utd if he replaced Erik ten Hag as manager this season.The Red Devils hierarchy are reportedly considering Ten Hag’s future at a meeting on Tuesday following a terrible start to the new Premier League campaign.Man Utd have taken eight points from a possible 21 in their first seven matches of the new season and there is growing pressure on Ten Hag to turn around their form.There have already been numerous names linked with Ten Hag’s job should be sacked and Schmeichel thinks former Chelsea boss Tuchel would be his choice to succeed the Dutchman at Man Utd.“With the last two jobs Thomas Tuchel had, at Chelsea and at Bayern Munich, he was at those two clubs at the wrong time,” Schmeichel said on the Seaman Says podcast.“Chelsea was a mess when he was there with the new owners coming in. At Bayern it was similar because they changed the whole leadership of the club.“I like Thomas Tuchel, I really like him. Being around the Champions League, talking to him and interviewing him, listening to him talk to his players in the technical area, he just looks like someone who would be a good manager for Manchester United.“I don’t think he got his way at Chelsea and I know for sure he didn’t get his way at Bayern Munich. I just think he’s got such a great aura around him that he fits the bill for United.“But, Erik ten Hag is still the manager and I will support him because I want the club to do well. I don’t want United to be the club that changes the manager all the time.“I hope they stick with Erik because we need consistency now. Let him have a fair go at this.“He’s been hampered by a lot of things over the last two years, now he’s got his own players, let him show us what the plan is and what he can do with the football club. If that doesn’t work then maybe then we talk about a change.”When asked if he was confident that Ten Hag could still deliver success at Man Utd, Schmeichel added: “I don’t know to be completely honest. I really, really don’t know.“I don’t think the owners think he is the one because we saw they were speaking to other managers in the summer and even recently there has been linked with Thomas Tuchel.“I don’t know. If they decide to change the manager then fair enough, but I just don’t see the point in doing that right now.”It is not the start fans were expecting under INEOS and Sir Jim Ratcliffe but Schmeichel has urged patience and reckons they will turn it around in time.Schmeichel continued: “There’s a lot of things happening at the club at the moment so it’s difficult to judge precisely where the team is.“Will we get back? How long until we get back? When is that going to happen? I think we need a bit of patience to see how the new guys that have come in are going to impact the club.“It’s difficult to have a massive impact in such a short space of time. It’s been like this since Sir Alex [Ferguson] left so it’s a long, long period they have to correct.“I’m all for giving them time but as we speak we’re 14th in the table so it’s not good enough.”",2024-10-08,Manchester United,null
114,Phil Jones reveals he was ‘s******g himself’ after Man Utd icon threatened to ‘break his face’,"Former Man Utd centre-back Phil Jones has revealed that Nani once threatened to “break his face” after a Premier League match.Jones signed for the Red Devils in 2011 from Blackburn Rovers in a deal reportedly worth around £16.5m with the centre-back one of the hottest prospects in English football at the time.But Jones badly suffered from injuries during his time at Old Trafford and, after 12 years at Man Utd he hung up his boots last summer, playing just 229 times in all competitions.Jones had plenty of memorable moments along the way at Man Utd with the former England international winning a Premier League, FA Cup and a Europa League while at Old Trafford.But there was another moment which was memorable for all the wrong reasons with Man Utd losing 1-0 to Wigan in an unexpected defeat in 2012,Man Utd failed to respond after Shaun Maloney put the hosts ahead at the DW Stadium shortly after half-time with Jones starting the match.Jones grew frustrated later in the match at Nani with the Portuguese winger not taking kindly to being told to “pass the f*****g ball”.Jones explained to Rio Ferdinand how Nani had confronted him in the changing room, he said on his former Man Utd team-mate’s YouTube channel: “I remember a game we had at Wigan and we pretty much lost the league.“We were losing 1-0 in the 90th minute and Nani, bless him, is doing all his stepovers on the side of the pitch.“I’m going, ‘just pass me the ball, pass me the ball’. And then I screamed at him, ‘just pass me the f*****g ball!’“Anyway, we come into the changing room after the game and he’s come in shouting ‘I will break your face, I will break your face!’“I’m s******g myself. I don’t know what’s going to happen here. And then the manager comes in and shouts at everyone to sit down so cheers gaffer!”Nani had a bit of a temper on him with Man Utd legend Ferdinand revealing that the former Portugal international once broke a reserve player’s ribs in training.“Nani didn’t mind a tear-up, by the way,” Ferdinand said.“I saw him punch up a few players on the training ground. He broke one of the young lad’s ribs, it was out of order to be fair.”",2024-10-08,Manchester United,null
