Home,Away,Score,HomeRec,AwayRec,Year
Burnley,Manchester City,0–3,0-0-0,0-0-0,2023
Arsenal,Nott'ham Forest,2–1,0-0-0,0-0-0,2023
Everton,Fulham,0–1,0-0-0,0-0-0,2023
Sheffield Utd,Crystal Palace,0–1,0-0-0,0-0-0,2023
Brighton,Luton Town,4–1,0-0-0,0-0-0,2023
Bournemouth,West Ham,1–1,0-0-0,0-0-0,2023
Newcastle Utd,Aston Villa,5–1,0-0-0,0-0-0,2023
Brentford,Tottenham,2–2,0-0-0,0-0-0,2023
Chelsea,Liverpool,1–1,0-0-0,0-0-0,2023
Manchester Utd,Wolves,1–0,0-0-0,0-0-0,2023
Nott'ham Forest,Sheffield Utd,2–1,0-0-1,0-0-1,2023
Fulham,Brentford,0–3,1-0-0,0-1-0,2023
Liverpool,Bournemouth,3–1,0-1-0,0-1-0,2023
Wolves,Brighton,1–4,0-0-1,1-0-0,2023
Tottenham,Manchester Utd,2–0,0-1-0,1-0-0,2023
Manchester City,Newcastle Utd,1–0,1-0-0,1-0-0,2023
Aston Villa,Everton,4–0,0-0-1,0-0-1,2023
West Ham,Chelsea,3–1,0-1-0,0-1-0,2023
Crystal Palace,Arsenal,0–1,1-0-0,1-0-0,2023
Chelsea,Luton Town,3–0,0-1-1,0-0-1,2023
Bournemouth,Tottenham,0–2,0-1-1,1-1-0,2023
Everton,Wolves,0–1,0-0-2,0-0-2,2023
Brentford,Crystal Palace,1–1,1-1-0,1-0-1,2023
Manchester Utd,Nott'ham Forest,3–2,1-0-1,1-0-1,2023
Arsenal,Fulham,2–2,2-0-0,1-0-1,2023
Brighton,West Ham,1–3,2-0-0,1-1-0,2023
Sheffield Utd,Manchester City,1–2,0-0-2,2-0-0,2023
Burnley,Aston Villa,1–3,0-0-1,1-0-1,2023
Newcastle Utd,Liverpool,1–2,1-0-1,1-1-0,2023
Luton Town,West Ham,1–2,0-0-2,2-1-0,2023
Sheffield Utd,Everton,2–2,0-0-3,0-0-3,2023
Chelsea,Nott'ham Forest,0–1,1-1-1,1-0-2,2023
Manchester City,Fulham,5–1,3-0-0,1-1-1,2023
Brentford,Bournemouth,2–2,1-2-0,0-1-2,2023
Burnley,Tottenham,2–5,0-0-2,2-1-0,2023
Brighton,Newcastle Utd,3–1,2-0-1,1-0-2,2023
Liverpool,Aston Villa,3–0,2-1-0,2-0-1,2023
Crystal Palace,Wolves,3–2,1-1-1,1-0-2,2023
Arsenal,Manchester Utd,3–1,2-1-0,2-0-1,2023
Wolves,Liverpool,1–3,1-0-3,3-1-0,2023
Fulham,Luton Town,1–0,1-1-2,0-0-3,2023
West Ham,Manchester City,1–3,3-1-0,4-0-0,2023
Aston Villa,Crystal Palace,3–1,2-0-2,2-1-1,2023
Manchester Utd,Brighton,1–3,2-0-2,3-0-1,2023
Tottenham,Sheffield Utd,2–1,3-1-0,0-1-3,2023
Newcastle Utd,Brentford,1–0,1-0-3,1-3-0,2023
Bournemouth,Chelsea,0–0,0-2-2,1-1-2,2023
Everton,Arsenal,0–1,0-1-3,3-1-0,2023
Nott'ham Forest,Burnley,1–1,2-0-2,0-0-3,2023
Manchester City,Nott'ham Forest,2–0,5-0-0,2-1-2,2023
Luton Town,Wolves,1–1,0-0-4,1-0-4,2023
Crystal Palace,Fulham,0–0,2-1-2,2-1-2,2023
Brentford,Everton,1–3,1-3-1,0-1-4,2023
Burnley,Manchester Utd,0–1,0-1-3,2-0-3,2023
Arsenal,Tottenham,2–2,4-1-0,4-1-0,2023
Brighton,Bournemouth,3–1,4-0-1,0-3-2,2023
Chelsea,Aston Villa,0–1,1-2-2,3-0-2,2023
Liverpool,West Ham,3–1,4-1-0,3-1-1,2023
Sheffield Utd,Newcastle Utd,0–8,0-1-4,2-0-3,2023
Aston Villa,Brighton,6–1,4-0-2,5-0-1,2023
Wolves,Manchester City,2–1,1-1-4,6-0-0,2023
Bournemouth,Arsenal,0–4,0-3-3,4-2-0,2023
Everton,Luton Town,1–2,1-1-4,0-1-4,2023
Newcastle Utd,Burnley,2–0,3-0-3,0-1-4,2023
West Ham,Sheffield Utd,2–0,3-1-2,0-1-5,2023
Manchester Utd,Crystal Palace,0–1,3-0-3,2-2-2,2023
Tottenham,Liverpool,2–1,4-2-0,5-1-0,2023
Nott'ham Forest,Brentford,1–1,2-1-3,1-3-2,2023
Fulham,Chelsea,0–2,2-2-2,1-2-3,2023
Luton Town,Burnley,1–2,1-1-4,0-1-5,2023
Luton Town,Tottenham,0–1,1-1-5,5-2-0,2023
Everton,Bournemouth,3–0,1-1-5,0-3-4,2023
Manchester Utd,Brentford,2–1,3-0-4,1-4-2,2023
Burnley,Chelsea,1–4,1-1-5,2-2-3,2023
Fulham,Sheffield Utd,3–1,2-2-3,0-1-6,2023
Crystal Palace,Nott'ham Forest,0–0,3-2-2,2-2-3,2023
West Ham,Newcastle Utd,2–2,4-1-2,4-0-3,2023
Wolves,Aston Villa,1–1,2-1-4,5-0-2,2023
Brighton,Liverpool,2–2,5-0-2,5-1-1,2023
Arsenal,Manchester City,1–0,5-2-0,6-0-1,2023
Liverpool,Everton,2–0,5-2-1,2-1-5,2023
Bournemouth,Wolves,1–2,0-3-5,2-2-4,2023
Newcastle Utd,Crystal Palace,4–0,4-1-3,3-3-2,2023
Brentford,Burnley,3–0,1-4-3,1-1-6,2023
Manchester City,Brighton,2–1,6-0-2,5-1-2,2023
Nott'ham Forest,Luton Town,2–2,2-3-3,1-1-6,2023
Chelsea,Arsenal,2–2,3-2-3,6-2-0,2023
Sheffield Utd,Manchester Utd,1–2,0-1-7,4-0-4,2023
Aston Villa,West Ham,4–1,5-1-2,4-2-2,2023
Tottenham,Fulham,2–0,6-2-0,3-2-3,2023
Crystal Palace,Tottenham,1–2,3-3-3,7-2-0,2023
Chelsea,Brentford,0–2,3-3-3,2-4-3,2023
Bournemouth,Burnley,2–1,0-3-6,1-1-7,2023
Arsenal,Sheffield Utd,5–0,6-3-0,0-1-8,2023
Wolves,Newcastle Utd,2–2,3-2-4,5-1-3,2023
West Ham,Everton,0–1,4-2-3,2-1-6,2023
Liverpool,Nott'ham Forest,3–0,6-2-1,2-4-3,2023
Brighton,Fulham,1–1,5-1-3,3-2-4,2023
Aston Villa,Luton Town,3–1,6-1-2,1-2-6,2023
Manchester Utd,Manchester City,0–3,5-0-4,7-0-2,2023
Fulham,Manchester Utd,0–1,3-3-4,5-0-5,2023
Brentford,West Ham,3–2,3-4-3,4-2-4,2023
Everton,Brighton,1–1,3-1-6,5-2-3,2023
Burnley,Crystal Palace,0–2,1-1-8,3-3-4,2023
Manchester City,Bournemouth,6–1,8-0-2,1-3-6,2023
Sheffield Utd,Wolves,2–1,0-1-9,3-3-4,2023
Newcastle Utd,Arsenal,1–0,5-2-3,7-3-0,2023
Nott'ham Forest,Aston Villa,2–0,2-4-4,7-1-2,2023
Luton Town,Liverpool,1–1,1-2-7,7-2-1,2023
Tottenham,Chelsea,1–4,8-2-0,3-3-4,2023
Wolves,Tottenham,2–1,3-3-5,8-2-1,2023
Arsenal,Burnley,3–1,7-3-1,1-1-9,2023
Manchester Utd,Luton Town,1–0,6-0-5,1-3-7,2023
Crystal Palace,Everton,2–3,4-3-4,3-2-6,2023
Bournemouth,Newcastle Utd,2–0,1-3-7,6-2-3,2023
West Ham,Nott'ham Forest,3–2,4-2-5,3-4-4,2023
Liverpool,Brentford,3–0,7-3-1,4-4-3,2023
Aston Villa,Fulham,3–1,7-1-3,3-3-5,2023
Brighton,Sheffield Utd,1–1,5-3-3,1-1-9,2023
Chelsea,Manchester City,4–4,4-3-4,9-0-2,2023
Manchester City,Liverpool,1–1,9-1-2,8-3-1,2023
Burnley,West Ham,1–2,1-1-10,5-2-5,2023
Nott'ham Forest,Brighton,2–3,3-4-5,5-4-3,2023
Sheffield Utd,Bournemouth,1–3,1-2-9,2-3-7,2023
Newcastle Utd,Chelsea,4–1,6-2-4,4-4-4,2023
Luton Town,Crystal Palace,2–1,1-3-8,4-3-5,2023
Brentford,Arsenal,0–1,4-4-4,8-3-1,2023
Tottenham,Aston Villa,1–2,8-2-2,8-1-3,2023
Everton,Manchester Utd,0–3,4-2-6,7-0-5,2023
Fulham,Wolves,3–2,3-3-6,4-3-5,2023
Brentford,Luton Town,3–1,4-4-5,2-3-8,2023
Arsenal,Wolves,2–1,9-3-1,4-3-6,2023
Burnley,Sheffield Utd,5–0,1-1-11,1-2-10,2023
Nott'ham Forest,Everton,0–1,3-4-6,4-2-7,2023
Newcastle Utd,Manchester Utd,1–0,7-2-4,8-0-5,2023
Bournemouth,Aston Villa,2–2,3-3-7,9-1-3,2023
Liverpool,Fulham,4–3,8-4-1,4-3-6,2023
Chelsea,Brighton,3–2,4-4-5,6-4-3,2023
West Ham,Crystal Palace,1–1,6-2-5,4-3-6,2023
Manchester City,Tottenham,3–3,9-2-2,8-2-3,2023
Wolves,Burnley,1–0,4-3-7,2-1-11,2023
Luton Town,Arsenal,3–4,2-3-9,10-3-1,2023
Sheffield Utd,Liverpool,0–2,1-2-11,9-4-1,2023
Crystal Palace,Bournemouth,0–2,4-4-6,3-4-7,2023
Brighton,Brentford,2–1,6-4-4,5-4-5,2023
Fulham,Nott'ham Forest,5–0,4-3-7,3-4-7,2023
Aston Villa,Manchester City,1–0,9-2-3,9-3-2,2023
Manchester Utd,Chelsea,2–1,8-0-6,5-4-5,2023
Everton,Newcastle Utd,3–0,5-2-7,8-2-4,2023
Tottenham,West Ham,1–2,8-3-3,6-3-5,2023
Crystal Palace,Liverpool,1–2,4-4-7,10-4-1,2023
Manchester Utd,Bournemouth,0–3,9-0-6,4-4-7,2023
Wolves,Nott'ham Forest,1–1,5-3-7,3-4-8,2023
Brighton,Burnley,1–1,7-4-4,2-1-12,2023
Sheffield Utd,Brentford,1–0,1-2-12,5-4-6,2023
Aston Villa,Arsenal,1–0,10-2-3,11-3-1,2023
Everton,Chelsea,2–0,6-2-7,5-4-6,2023
Fulham,West Ham,5–0,5-3-7,7-3-5,2023
Luton Town,Manchester City,1–2,2-3-10,9-3-3,2023
Tottenham,Newcastle Utd,4–1,8-3-4,8-2-5,2023
Nott'ham Forest,Tottenham,0–2,3-5-8,9-3-4,2023
Manchester City,Crystal Palace,2–2,10-3-3,4-4-8,2023
Chelsea,Sheffield Utd,2–0,5-4-7,2-2-12,2023
Newcastle Utd,Fulham,3–0,8-2-6,6-3-7,2023
Burnley,Everton,0–2,2-2-12,7-2-7,2023
Brentford,Aston Villa,1–2,5-4-7,11-2-3,2023
West Ham,Wolves,3–0,7-3-6,5-4-7,2023
Arsenal,Brighton,2–0,11-3-2,7-5-4,2023
Liverpool,Manchester Utd,0–0,11-4-1,9-0-7,2023
Crystal Palace,Brighton,1–1,4-5-8,7-5-5,2023
Aston Villa,Sheffield Utd,1–1,12-2-3,2-2-13,2023
West Ham,Manchester Utd,2–0,8-3-6,9-1-7,2023
Luton Town,Newcastle Utd,1–0,2-3-11,9-2-6,2023
Fulham,Burnley,0–2,6-3-8,2-2-13,2023
Tottenham,Everton,2–1,10-3-4,8-2-7,2023
Nott'ham Forest,Bournemouth,2–3,3-5-9,5-4-7,2023
Liverpool,Arsenal,1–1,11-5-1,12-3-2,2023
Wolves,Chelsea,2–1,5-4-8,6-4-7,2023
Newcastle Utd,Nott'ham Forest,1–3,9-2-7,3-5-10,2023
Bournemouth,Fulham,3–0,6-4-7,6-3-9,2023
Sheffield Utd,Luton Town,2–3,2-3-13,3-3-11,2023
Burnley,Liverpool,0–2,3-2-13,11-6-1,2023
Manchester Utd,Aston Villa,3–2,9-1-8,12-3-3,2023
Chelsea,Crystal Palace,2–1,6-4-8,4-6-8,2023
Brentford,Wolves,1–4,5-4-8,6-4-8,2023
Everton,Manchester City,1–3,8-2-8,10-4-3,2023
Brighton,Tottenham,4–2,7-6-5,11-3-4,2023
Arsenal,West Ham,0–2,12-4-2,9-3-6,2023
Luton Town,Chelsea,2–3,4-3-11,7-4-8,2023
Aston Villa,Burnley,3–2,12-3-4,3-2-14,2023
Wolves,Everton,3–0,7-4-8,8-2-9,2023
Manchester City,Sheffield Utd,2–0,11-4-3,2-3-14,2023
Crystal Palace,Brentford,3–1,4-6-9,5-4-9,2023
Nott'ham Forest,Manchester Utd,2–1,4-5-10,10-1-8,2023
Tottenham,Bournemouth,3–1,11-3-5,7-4-7,2023
Fulham,Arsenal,2–1,6-3-10,12-4-3,2023
Liverpool,Newcastle Utd,4–2,12-6-1,9-2-8,2023
West Ham,Brighton,0–0,10-3-6,8-6-5,2023
Burnley,Luton Town,1–1,3-2-15,4-3-12,2023
Chelsea,Fulham,1–0,8-4-8,7-3-10,2023
Newcastle Utd,Manchester City,2–3,9-2-9,12-4-3,2023
Everton,Aston Villa,0–0,8-2-10,13-3-4,2023
Manchester Utd,Tottenham,2–2,10-1-9,12-3-5,2023
Arsenal,Crystal Palace,5–0,12-4-4,5-6-9,2023
Brentford,Nott'ham Forest,3–2,5-4-10,5-5-10,2023
Sheffield Utd,West Ham,2–2,2-3-15,10-4-6,2023
Bournemouth,Liverpool,0–4,7-4-8,13-6-1,2023
Brighton,Wolves,0–0,8-7-5,8-4-8,2023
Nott'ham Forest,Arsenal,1–2,5-5-11,13-4-4,2023
Fulham,Everton,0–0,7-3-11,8-3-10,2023
Luton Town,Brighton,4–0,4-4-12,8-8-5,2023
Crystal Palace,Sheffield Utd,3–2,5-6-10,2-4-15,2023
Aston Villa,Newcastle Utd,1–3,13-4-4,9-2-10,2023
Tottenham,Brentford,3–2,12-4-5,6-4-10,2023
Manchester City,Burnley,3–1,13-4-3,3-3-15,2023
Liverpool,Chelsea,4–1,14-6-1,9-4-8,2023
West Ham,Bournemouth,1–1,10-5-6,7-4-9,2023
Wolves,Manchester Utd,3–4,8-5-8,10-2-9,2023
Everton,Tottenham,2–2,8-4-10,13-4-5,2023
Newcastle Utd,Luton Town,4–4,10-2-10,5-4-12,2023
Brighton,Crystal Palace,4–1,8-8-6,6-6-10,2023
Burnley,Fulham,2–2,3-3-16,7-4-11,2023
Sheffield Utd,Aston Villa,0–5,2-4-16,13-4-5,2023
Bournemouth,Nott'ham Forest,1–1,7-5-9,5-5-12,2023
Manchester Utd,West Ham,3–0,11-2-9,10-6-6,2023
Chelsea,Wolves,2–4,9-4-9,8-5-9,2023
Arsenal,Liverpool,3–1,14-4-4,15-6-1,2023
Brentford,Manchester City,1–3,6-4-11,14-4-3,2023
Manchester City,Everton,2–0,15-4-3,8-5-10,2023
Luton Town,Sheffield Utd,1–3,5-5-12,2-4-17,2023
Liverpool,Burnley,3–1,15-6-2,3-4-16,2023
Wolves,Brentford,0–2,9-5-9,6-4-12,2023
Fulham,Bournemouth,3–1,7-5-11,7-6-9,2023
Tottenham,Brighton,2–1,13-5-5,9-8-6,2023
Nott'ham Forest,Newcastle Utd,2–3,5-6-12,10-3-10,2023
West Ham,Arsenal,0–6,10-6-7,15-4-4,2023
Aston Villa,Manchester Utd,1–2,14-4-5,12-2-9,2023
Crystal Palace,Chelsea,1–3,6-6-11,9-4-10,2023
Brentford,Liverpool,1–4,7-4-12,16-6-2,2023
Newcastle Utd,Bournemouth,2–2,11-3-10,7-6-10,2023
Tottenham,Wolves,1–2,14-5-5,9-5-10,2023
Burnley,Arsenal,0–5,3-4-17,16-4-4,2023
Fulham,Aston Villa,1–2,8-5-11,14-4-6,2023
Nott'ham Forest,West Ham,2–0,5-6-13,10-6-8,2023
Manchester City,Chelsea,1–1,16-4-3,10-4-10,2023
Sheffield Utd,Brighton,0–5,3-4-17,9-8-7,2023
Luton Town,Manchester Utd,1–2,5-5-13,13-2-9,2023
Everton,Crystal Palace,1–1,8-5-11,6-6-12,2023
Manchester City,Brentford,1–0,16-5-3,7-4-13,2023
Liverpool,Luton Town,4–1,17-6-2,5-5-14,2023
Manchester Utd,Fulham,1–2,14-2-9,8-5-12,2023
Crystal Palace,Burnley,3–0,6-7-12,3-4-18,2023
Brighton,Everton,1–1,10-8-7,8-6-11,2023
Aston Villa,Nott'ham Forest,4–2,15-4-6,6-6-13,2023
Bournemouth,Manchester City,0–1,7-7-10,17-5-3,2023
Arsenal,Newcastle Utd,4–1,17-4-4,11-4-10,2023
Wolves,Sheffield Utd,1–0,10-5-10,3-4-18,2023
West Ham,Brentford,4–2,10-6-9,7-4-14,2023
Fulham,Brighton,3–0,9-5-12,10-9-7,2023
Tottenham,Crystal Palace,3–1,14-5-6,7-7-12,2023
Brentford,Chelsea,2–2,7-4-15,10-5-10,2023
Newcastle Utd,Wolves,3–0,11-4-11,11-5-10,2023
Nott'ham Forest,Liverpool,0–1,6-6-14,18-6-2,2023
Everton,West Ham,1–3,8-7-11,11-6-9,2023
Luton Town,Aston Villa,2–3,5-5-15,16-4-6,2023
Burnley,Bournemouth,0–2,3-4-19,7-7-11,2023
Manchester City,Manchester Utd,3–1,18-5-3,14-2-10,2023
Sheffield Utd,Arsenal,0–6,3-4-19,18-4-4,2023
Manchester Utd,Everton,2–0,14-2-11,8-7-12,2023
Bournemouth,Sheffield Utd,2–2,8-7-11,3-4-20,2023
Wolves,Fulham,2–1,11-5-11,10-5-12,2023
Crystal Palace,Luton Town,1–1,7-7-13,5-5-16,2023
Arsenal,Brentford,2–1,19-4-4,7-5-15,2023
Aston Villa,Tottenham,0–4,17-4-6,15-5-6,2023
West Ham,Burnley,2–2,12-6-9,3-4-20,2023
Brighton,Nott'ham Forest,1–0,10-9-8,6-6-15,2023
Liverpool,Manchester City,1–1,19-6-2,19-5-3,2023
Chelsea,Newcastle Utd,3–2,10-6-10,12-4-11,2023
Bournemouth,Luton Town,4–3,8-8-11,5-6-16,2023
Luton Town,Nott'ham Forest,1–1,5-6-17,6-6-16,2023
Burnley,Brentford,2–1,3-5-20,7-5-16,2023
Fulham,Tottenham,3–0,10-5-13,16-5-6,2023
West Ham,Aston Villa,1–1,12-7-9,17-4-7,2023
Newcastle Utd,West Ham,4–3,12-4-12,12-8-9,2023
Bournemouth,Everton,2–1,9-8-11,8-7-13,2023
Tottenham,Luton Town,2–1,16-5-7,5-7-17,2023
Nott'ham Forest,Crystal Palace,1–1,6-7-16,7-8-13,2023
Sheffield Utd,Fulham,3–3,3-5-20,11-5-13,2023
Chelsea,Burnley,2–2,11-6-10,4-5-20,2023
Aston Villa,Wolves,2–0,17-5-7,12-5-11,2023
Brentford,Manchester Utd,1–1,7-5-17,15-2-11,2023
Liverpool,Brighton,2–1,19-7-2,11-9-8,2023
Manchester City,Arsenal,0–0,19-6-3,20-4-4,2023
Newcastle Utd,Everton,1–1,13-4-12,8-7-14,2023
Nott'ham Forest,Fulham,3–1,6-8-16,11-6-13,2023
Bournemouth,Crystal Palace,1–0,10-8-11,7-9-13,2023
Burnley,Wolves,1–1,4-6-20,12-5-12,2023
West Ham,Tottenham,1–1,12-8-10,17-5-7,2023
Arsenal,Luton Town,2–0,20-5-4,5-7-18,2023
Brentford,Brighton,0–0,7-6-17,11-9-9,2023
Manchester City,Aston Villa,4–1,19-7-3,18-5-7,2023
Liverpool,Sheffield Utd,3–1,20-7-2,3-6-20,2023
Chelsea,Manchester Utd,4–3,11-7-10,15-3-11,2023
Crystal Palace,Manchester City,2–4,7-9-14,20-7-3,2023
Luton Town,Bournemouth,2–1,5-7-19,11-8-11,2023
Wolves,West Ham,1–2,12-6-12,12-9-10,2023
Fulham,Newcastle Utd,0–1,11-6-14,13-5-12,2023
Everton,Burnley,1–0,8-8-14,4-7-20,2023
Aston Villa,Brentford,3–3,18-5-8,7-7-17,2023
Brighton,Arsenal,0–3,11-10-9,21-5-4,2023
Manchester Utd,Liverpool,2–2,15-3-12,21-7-2,2023
Sheffield Utd,Chelsea,2–2,3-6-21,12-7-10,2023
Tottenham,Nott'ham Forest,3–1,17-6-7,7-8-16,2023
Newcastle Utd,Tottenham,4–0,14-5-12,18-6-7,2023
Manchester City,Luton Town,5–1,21-7-3,6-7-19,2023
Nott'ham Forest,Wolves,2–2,7-8-17,12-6-13,2023
Brentford,Sheffield Utd,2–0,7-8-17,3-7-21,2023
Burnley,Brighton,1–1,4-7-21,11-10-10,2023
Bournemouth,Manchester Utd,2–2,11-8-12,15-4-12,2023
Liverpool,Crystal Palace,0–1,21-8-2,7-9-15,2023
West Ham,Fulham,0–2,13-9-10,11-6-15,2023
Arsenal,Aston Villa,0–2,22-5-4,18-6-8,2023
Chelsea,Everton,6–0,12-8-10,9-8-14,2023
Luton Town,Brentford,1–5,6-7-20,8-8-17,2023
Sheffield Utd,Burnley,1–4,3-7-22,4-8-21,2023
Wolves,Arsenal,0–2,12-7-13,22-5-5,2023
Everton,Nott'ham Forest,2–0,9-8-15,7-9-17,2023
Aston Villa,Bournemouth,3–1,19-6-8,11-9-12,2023
Crystal Palace,West Ham,5–2,8-9-15,13-9-11,2023
Fulham,Liverpool,1–3,12-6-15,21-8-3,2023
Arsenal,Chelsea,5–0,23-5-5,13-8-10,2023
Wolves,Bournemouth,0–1,12-7-14,11-9-13,2023
Manchester Utd,Sheffield Utd,4–2,15-5-12,3-7-23,2023
Everton,Liverpool,2–0,10-8-15,22-8-3,2023
Crystal Palace,Newcastle Utd,2–0,9-9-15,15-5-12,2023
Brighton,Manchester City,0–4,11-11-10,22-7-3,2023
West Ham,Liverpool,2–2,13-9-12,22-8-4,2023
Wolves,Luton Town,2–1,12-7-15,6-7-21,2023
Fulham,Crystal Palace,1–1,12-6-16,10-9-15,2023
Manchester Utd,Burnley,1–1,16-5-12,5-8-21,2023
Newcastle Utd,Sheffield Utd,5–1,15-5-13,3-7-24,2023
Everton,Brentford,1–0,11-8-15,9-8-17,2023
Aston Villa,Chelsea,2–2,20-6-8,13-8-11,2023
Tottenham,Arsenal,2–3,18-6-8,24-5-5,2023
Bournemouth,Brighton,3–0,12-9-13,11-11-11,2023
Nott'ham Forest,Manchester City,0–2,7-9-18,23-7-3,2023
Chelsea,Tottenham,2–0,13-9-11,18-6-9,2023
Luton Town,Everton,1–1,6-7-22,12-8-15,2023
Arsenal,Bournemouth,3–0,25-5-5,13-9-13,2023
Burnley,Newcastle Utd,1–4,5-9-21,16-5-13,2023
Sheffield Utd,Nott'ham Forest,1–3,3-7-25,7-9-19,2023
Brentford,Fulham,0–0,9-8-18,12-7-16,2023
Manchester City,Wolves,5–1,24-7-3,13-7-15,2023
Brighton,Aston Villa,1–0,11-11-12,20-7-8,2023
Chelsea,West Ham,5–0,14-9-11,13-10-12,2023
Liverpool,Tottenham,4–2,22-9-4,18-6-10,2023
Crystal Palace,Manchester Utd,4–0,10-10-15,16-6-12,2023
Fulham,Manchester City,0–4,12-8-16,25-7-3,2023
Wolves,Crystal Palace,1–3,13-7-16,11-10-15,2023
West Ham,Luton Town,3–1,13-10-13,6-8-22,2023
Tottenham,Burnley,2–1,18-6-11,5-9-22,2023
Everton,Sheffield Utd,1–0,12-9-15,3-7-26,2023
Newcastle Utd,Brighton,1–1,17-5-13,12-11-12,2023
Bournemouth,Brentford,1–2,13-9-14,9-9-18,2023
Nott'ham Forest,Chelsea,2–3,8-9-19,15-9-11,2023
Manchester Utd,Arsenal,0–1,16-6-13,26-5-5,2023
Aston Villa,Liverpool,3–3,20-7-9,23-9-4,2023
Tottenham,Manchester City,0–2,19-6-11,26-7-3,2023
Brighton,Chelsea,1–2,12-12-12,16-9-11,2023
Manchester Utd,Newcastle Utd,3–2,16-6-14,17-6-13,2023
Luton Town,Fulham,2–4,6-8-23,12-8-17,2023
Sheffield Utd,Tottenham,0–3,3-7-27,19-6-12,2023
Manchester City,West Ham,3–1,27-7-3,14-10-13,2023
Arsenal,Everton,2–1,27-5-5,13-9-15,2023
Brighton,Manchester Utd,0–2,12-12-13,17-6-14,2023
Brentford,Newcastle Utd,2–4,10-9-18,17-6-14,2023
Chelsea,Bournemouth,2–1,17-9-11,13-9-15,2023
Crystal Palace,Aston Villa,5–0,12-10-15,20-8-9,2023
Liverpool,Wolves,2–0,23-10-4,13-7-17,2023
Burnley,Nott'ham Forest,1–2,5-9-23,8-9-20,2023
Crystal Palace,Arsenal,0–2,0-0-0,0-0-0,2022
Fulham,Liverpool,2–2,0-0-0,0-0-0,2022
Tottenham,Southampton,4–1,0-0-0,0-0-0,2022
Newcastle Utd,Nott'ham Forest,2–0,0-0-0,0-0-0,2022
Leeds United,Wolves,2–1,0-0-0,0-0-0,2022
Bournemouth,Aston Villa,2–0,0-0-0,0-0-0,2022
Everton,Chelsea,0–1,0-0-0,0-0-0,2022
Leicester City,Brentford,2–2,0-0-0,0-0-0,2022
Manchester Utd,Brighton,1–2,0-0-0,0-0-0,2022
West Ham,Manchester City,0–2,0-0-0,0-0-0,2022
Aston Villa,Everton,2–1,0-0-1,0-0-1,2022
Manchester City,Bournemouth,4–0,1-0-0,1-0-0,2022
Southampton,Leeds United,2–2,0-0-1,1-0-0,2022
Wolves,Fulham,0–0,0-0-1,0-1-0,2022
Arsenal,Leicester City,4–2,1-0-0,0-1-0,2022
Brighton,Newcastle Utd,0–0,1-0-0,1-0-0,2022
Brentford,Manchester Utd,4–0,0-1-0,0-0-1,2022
Nott'ham Forest,West Ham,1–0,0-0-1,0-0-1,2022
Chelsea,Tottenham,2–2,1-0-0,1-0-0,2022
Liverpool,Crystal Palace,1–1,0-1-0,0-0-1,2022
Tottenham,Wolves,1–0,1-1-0,0-1-1,2022
Leicester City,Southampton,1–2,0-1-1,0-1-1,2022
Everton,Nott'ham Forest,1–1,0-0-2,1-0-1,2022
Crystal Palace,Aston Villa,3–1,0-1-1,1-0-1,2022
Fulham,Brentford,3–2,0-2-0,1-1-0,2022
Bournemouth,Arsenal,0–3,1-0-1,2-0-0,2022
Leeds United,Chelsea,3–0,1-1-0,1-1-0,2022
West Ham,Brighton,0–2,0-0-2,1-1-0,2022
Newcastle Utd,Manchester City,3–3,1-1-0,2-0-0,2022
Manchester Utd,Liverpool,2–1,0-0-2,0-2-0,2022
Southampton,Manchester Utd,0–1,1-1-1,1-0-2,2022
Manchester City,Crystal Palace,4–2,2-1-0,1-1-1,2022
Brighton,Leeds United,1–0,2-1-0,2-1-0,2022
Chelsea,Leicester City,2–1,1-1-1,0-1-2,2022
Brentford,Everton,1–1,1-1-1,0-1-2,2022
Liverpool,Bournemouth,9–0,0-2-1,1-0-2,2022
Arsenal,Fulham,2–1,3-0-0,1-2-0,2022
Wolves,Newcastle Utd,1–1,0-1-2,1-2-0,2022
Aston Villa,West Ham,0–1,1-0-2,0-0-3,2022
Nott'ham Forest,Tottenham,0–2,1-1-1,2-1-0,2022
Fulham,Brighton,2–1,1-2-1,3-1-0,2022
Crystal Palace,Brentford,1–1,1-1-2,1-2-1,2022
Southampton,Chelsea,2–1,1-1-2,2-1-1,2022
Leeds United,Everton,1–1,2-1-1,0-2-2,2022
Bournemouth,Wolves,0–0,1-0-3,0-2-2,2022
Manchester City,Nott'ham Forest,6–0,3-1-0,1-1-2,2022
Arsenal,Aston Villa,2–1,4-0-0,1-0-3,2022
West Ham,Tottenham,1–1,1-0-3,3-1-0,2022
Liverpool,Newcastle Utd,2–1,1-2-1,1-3-0,2022
Leicester City,Manchester Utd,0–1,0-1-3,2-0-2,2022
Everton,Liverpool,0–0,0-3-2,2-2-1,2022
Nott'ham Forest,Bournemouth,2–3,1-1-3,1-1-3,2022
Wolves,Southampton,1–0,0-3-2,2-1-2,2022
Newcastle Utd,Crystal Palace,0–0,1-3-1,1-2-2,2022
Brentford,Leeds United,5–2,1-3-1,2-2-1,2022
Tottenham,Fulham,2–1,3-2-0,2-2-1,2022
Chelsea,West Ham,2–1,2-1-2,1-1-3,2022
Aston Villa,Manchester City,1–1,1-0-4,4-1-0,2022
Brighton,Leicester City,5–2,3-1-1,0-1-4,2022
Manchester Utd,Arsenal,3–1,3-0-2,5-0-0,2022
Aston Villa,Southampton,1–0,1-1-4,2-1-3,2022
Nott'ham Forest,Fulham,2–3,1-1-4,2-2-2,2022
Wolves,Manchester City,0–3,1-3-2,4-2-0,2022
Newcastle Utd,Bournemouth,1–1,1-4-1,2-1-3,2022
Tottenham,Leicester City,6–2,4-2-0,0-1-5,2022
Brentford,Arsenal,0–3,2-3-1,5-0-1,2022
Everton,West Ham,1–0,0-4-2,1-1-4,2022
Arsenal,Tottenham,3–1,6-0-1,5-2-0,2022
Southampton,Everton,1–2,2-1-4,1-4-2,2022
Crystal Palace,Chelsea,1–2,1-3-2,3-1-2,2022
Liverpool,Brighton,3–3,2-3-1,4-1-1,2022
Fulham,Newcastle Utd,1–4,3-2-2,1-5-1,2022
Bournemouth,Brentford,0–0,2-2-3,2-3-2,2022
West Ham,Wolves,2–0,1-1-5,1-3-3,2022
Manchester City,Manchester Utd,6–3,5-2-0,4-0-2,2022
Leeds United,Aston Villa,0–0,2-2-2,2-1-4,2022
Leicester City,Nott'ham Forest,4–0,0-1-6,1-1-5,2022
Bournemouth,Leicester City,2–1,2-3-3,1-1-6,2022
Newcastle Utd,Brentford,5–1,2-5-1,2-4-2,2022
Manchester City,Southampton,4–0,6-2-0,2-1-5,2022
Chelsea,Wolves,3–0,4-1-2,1-3-4,2022
Brighton,Tottenham,0–1,4-2-1,5-2-1,2022
West Ham,Fulham,3–1,2-1-5,3-2-3,2022
Crystal Palace,Leeds United,2–1,1-3-3,2-3-2,2022
Arsenal,Liverpool,3–2,7-0-1,2-4-1,2022
Everton,Manchester Utd,1–2,2-4-2,4-0-3,2022
Nott'ham Forest,Aston Villa,1–1,1-1-6,2-2-4,2022
Brentford,Brighton,2–0,2-4-3,4-2-2,2022
Leicester City,Crystal Palace,0–0,1-1-7,2-3-3,2022
Fulham,Bournemouth,2–2,3-2-4,3-3-3,2022
Wolves,Nott'ham Forest,1–0,1-3-5,1-2-6,2022
Tottenham,Everton,2–0,6-2-1,2-4-3,2022
Southampton,West Ham,1–1,2-1-6,3-1-5,2022
Aston Villa,Chelsea,0–2,2-3-4,5-1-2,2022
Leeds United,Arsenal,0–1,2-3-3,8-0-1,2022
Manchester Utd,Newcastle Utd,0–0,5-0-3,3-5-1,2022
Liverpool,Manchester City,1–0,2-4-2,7-2-0,2022
Brighton,Nott'ham Forest,0–0,4-2-3,1-2-7,2022
Crystal Palace,Wolves,2–1,2-4-3,2-3-5,2022
Bournemouth,Southampton,0–1,3-4-3,2-2-6,2022
Brentford,Chelsea,0–0,3-4-3,6-1-2,2022
Liverpool,West Ham,1–0,3-4-2,3-2-5,2022
Newcastle Utd,Everton,1–0,3-6-1,2-4-4,2022
Manchester Utd,Tottenham,2–0,5-1-3,7-2-1,2022
Fulham,Aston Villa,3–0,3-3-4,2-3-5,2022
Leicester City,Leeds United,2–0,1-2-7,2-3-4,2022
Nott'ham Forest,Liverpool,1–0,1-3-7,4-4-2,2022
Everton,Crystal Palace,3–0,2-4-5,3-4-3,2022
Manchester City,Brighton,3–1,7-2-1,4-3-3,2022
Chelsea,Manchester Utd,1–1,6-2-2,6-1-3,2022
Aston Villa,Brentford,4–0,2-3-6,3-5-3,2022
Wolves,Leicester City,0–4,2-3-6,2-2-7,2022
Leeds United,Fulham,2–3,2-3-5,4-3-4,2022
Southampton,Arsenal,1–1,3-2-6,9-0-1,2022
Tottenham,Newcastle Utd,1–2,7-2-2,4-6-1,2022
West Ham,Bournemouth,2–0,3-2-6,3-4-4,2022
Leicester City,Manchester City,0–1,3-2-7,8-2-1,2022
Brentford,Wolves,1–1,3-5-4,2-3-7,2022
Crystal Palace,Southampton,1–0,3-4-4,3-3-6,2022
Newcastle Utd,Aston Villa,4–0,5-6-1,3-3-6,2022
Brighton,Chelsea,4–1,4-3-4,6-3-2,2022
Bournemouth,Tottenham,2–3,3-4-5,7-2-3,2022
Fulham,Everton,0–0,5-3-4,3-4-5,2022
Liverpool,Leeds United,1–2,4-4-3,2-3-6,2022
Arsenal,Nott'ham Forest,5–0,9-1-1,2-3-7,2022
Manchester Utd,West Ham,1–0,6-2-3,4-2-6,2022
Nott'ham Forest,Brentford,2–2,2-3-8,3-6-4,2022
Leeds United,Bournemouth,4–3,3-3-6,3-4-6,2022
Manchester City,Fulham,2–1,9-2-1,5-4-4,2022
Wolves,Brighton,2–3,2-4-7,5-3-4,2022
Everton,Leicester City,0–2,3-5-5,3-2-8,2022
Chelsea,Arsenal,0–1,6-3-3,10-1-1,2022
West Ham,Crystal Palace,1–2,4-2-7,4-4-4,2022
Southampton,Newcastle Utd,1–4,3-3-7,6-6-1,2022
Aston Villa,Manchester Utd,3–1,3-3-7,7-2-3,2022
Tottenham,Liverpool,1–2,8-2-3,4-4-4,2022
Manchester City,Brentford,1–2,10-2-1,3-7-4,2022
Tottenham,Leeds United,4–3,8-2-4,4-3-6,2022
Liverpool,Southampton,3–1,5-4-4,3-3-8,2022
Bournemouth,Everton,3–0,3-4-7,3-5-6,2022
West Ham,Leicester City,0–2,4-2-8,4-2-8,2022
Nott'ham Forest,Crystal Palace,1–0,2-4-8,5-4-4,2022
Newcastle Utd,Chelsea,1–0,7-6-1,6-3-4,2022
Wolves,Arsenal,0–2,2-4-8,11-1-1,2022
Brighton,Aston Villa,1–2,6-3-4,4-3-7,2022
Fulham,Manchester Utd,1–2,5-4-5,7-2-4,2022
Brentford,Tottenham,2–2,4-7-4,9-2-4,2022
Southampton,Brighton,1–3,3-3-9,6-3-5,2022
Leicester City,Newcastle Utd,0–3,5-2-8,8-6-1,2022
Crystal Palace,Fulham,0–3,5-4-5,5-4-6,2022
Everton,Wolves,1–2,3-5-7,2-4-9,2022
Aston Villa,Liverpool,1–3,5-3-7,6-4-4,2022
Arsenal,West Ham,3–1,12-1-1,4-2-9,2022
Chelsea,Bournemouth,2–0,6-3-5,4-4-7,2022
Manchester Utd,Nott'ham Forest,3–0,8-2-4,3-4-8,2022
Leeds United,Manchester City,1–3,4-3-7,10-2-2,2022
West Ham,Brentford,0–2,4-2-10,4-8-4,2022
Liverpool,Leicester City,2–1,7-4-4,5-2-9,2022
Wolves,Manchester Utd,0–1,3-4-9,9-2-4,2022
Newcastle Utd,Leeds United,0–0,9-6-1,4-3-8,2022
Fulham,Southampton,2–1,6-4-6,3-3-10,2022
Manchester City,Everton,1–1,11-2-2,3-5-8,2022
Bournemouth,Crystal Palace,0–2,4-4-8,5-4-6,2022
Brighton,Arsenal,2–4,7-3-5,13-1-1,2022
Tottenham,Aston Villa,0–2,9-3-4,5-3-8,2022
Nott'ham Forest,Chelsea,1–1,3-4-9,7-3-5,2022
Brentford,Liverpool,3–1,5-8-4,8-4-4,2022
Leicester City,Fulham,0–1,5-2-10,7-4-6,2022
Everton,Brighton,1–4,3-6-8,7-3-6,2022
Arsenal,Newcastle Utd,0–0,14-1-1,9-7-1,2022
Manchester Utd,Bournemouth,3–0,10-2-4,4-4-9,2022
Southampton,Nott'ham Forest,0–1,3-3-11,3-5-9,2022
Leeds United,West Ham,2–2,4-4-8,4-2-11,2022
Aston Villa,Wolves,1–1,6-3-8,3-4-10,2022
Crystal Palace,Tottenham,0–4,6-4-6,9-3-5,2022
Chelsea,Manchester City,0–1,7-4-5,11-3-2,2022
Fulham,Chelsea,2–1,8-4-6,7-4-6,2022
Aston Villa,Leeds United,2–1,6-4-8,4-5-8,2022
Manchester Utd,Manchester City,2–1,11-2-4,12-3-2,2022
Everton,Southampton,1–2,3-6-9,3-3-12,2022
Wolves,West Ham,1–0,3-5-10,4-3-11,2022
Nott'ham Forest,Leicester City,2–0,4-5-9,5-2-11,2022
Brighton,Liverpool,3–0,8-3-6,8-4-5,2022
Brentford,Bournemouth,2–0,6-8-4,4-4-10,2022
Chelsea,Crystal Palace,1–0,7-4-7,6-4-7,2022
Newcastle Utd,Fulham,1–0,9-8-1,9-4-6,2022
Tottenham,Arsenal,0–2,10-3-5,14-2-1,2022
Crystal Palace,Manchester Utd,1–1,6-4-8,12-2-4,2022
Manchester City,Tottenham,4–2,12-3-3,10-3-6,2022
Liverpool,Chelsea,0–0,8-4-6,8-4-7,2022
Bournemouth,Nott'ham Forest,1–1,4-4-11,5-5-9,2022
Southampton,Aston Villa,0–1,4-3-12,7-4-8,2022
Leicester City,Brighton,2–2,5-2-12,9-3-6,2022
West Ham,Everton,2–0,4-3-12,3-6-10,2022
Crystal Palace,Newcastle Utd,0–0,6-5-8,10-8-1,2022
Manchester City,Wolves,3–0,13-3-3,4-5-10,2022
Leeds United,Brentford,0–0,4-5-9,7-8-4,2022
Arsenal,Manchester Utd,3–2,15-2-1,12-3-4,2022
Fulham,Tottenham,0–1,9-4-7,10-3-7,2022
Chelsea,Fulham,0–0,8-5-7,9-4-8,2022
Everton,Arsenal,1–0,3-6-11,16-2-1,2022
Aston Villa,Leicester City,2–4,8-4-8,5-3-12,2022
Wolves,Liverpool,3–0,4-5-11,8-5-6,2022
Manchester Utd,Crystal Palace,2–1,12-3-5,6-6-8,2022
Brighton,Bournemouth,1–0,9-4-6,4-5-11,2022
Brentford,Southampton,3–0,7-9-4,4-3-13,2022
Newcastle Utd,West Ham,1–1,10-9-1,5-3-12,2022
Nott'ham Forest,Leeds United,1–0,5-6-9,4-6-9,2022
Tottenham,Manchester City,1–0,11-3-7,14-3-3,2022
Manchester Utd,Leeds United,2–2,13-3-5,4-6-10,2022
West Ham,Chelsea,1–1,5-4-12,8-6-7,2022
Leicester City,Tottenham,4–1,6-3-12,12-3-7,2022
Crystal Palace,Brighton,1–1,6-6-9,10-4-6,2022
Arsenal,Brentford,1–1,16-2-2,8-9-4,2022
Southampton,Wolves,1–2,4-3-14,5-5-11,2022
Fulham,Nott'ham Forest,2–0,9-5-8,6-6-9,2022
Bournemouth,Newcastle Utd,1–1,4-5-12,10-10-1,2022
Leeds United,Manchester Utd,0–2,4-7-10,13-4-5,2022
Manchester City,Aston Villa,3–1,14-3-4,8-4-9,2022
Liverpool,Everton,2–0,8-5-7,4-6-11,2022
Arsenal,Manchester City,1–3,16-3-2,15-3-4,2022
Aston Villa,Arsenal,2–4,8-4-10,16-3-3,2022
Brighton,Fulham,0–1,10-5-6,10-5-8,2022
Nott'ham Forest,Manchester City,1–1,6-6-10,16-3-4,2022
Chelsea,Southampton,0–1,8-7-7,4-3-15,2022
Everton,Leeds United,1–0,4-6-12,4-7-11,2022
Wolves,Bournemouth,0–1,6-5-11,4-6-12,2022
Brentford,Crystal Palace,1–1,8-10-4,6-7-9,2022
Newcastle Utd,Liverpool,0–2,10-11-1,9-5-7,2022
Manchester Utd,Leicester City,3–0,14-4-5,7-3-12,2022
Tottenham,West Ham,2–0,12-3-8,5-5-12,2022
Fulham,Wolves,1–1,11-5-8,6-5-12,2022
Leicester City,Arsenal,0–1,7-3-13,17-3-3,2022
Everton,Aston Villa,0–2,5-6-12,8-4-11,2022
West Ham,Nott'ham Forest,4–0,5-5-13,6-7-10,2022
Leeds United,Southampton,1–0,4-7-12,5-3-15,2022
Bournemouth,Manchester City,1–4,5-6-12,16-4-4,2022
Crystal Palace,Liverpool,0–0,6-8-9,10-5-7,2022
Tottenham,Chelsea,2–0,13-3-8,8-7-8,2022
Arsenal,Everton,4–0,18-3-3,5-6-13,2022
Liverpool,Wolves,2–0,10-6-7,6-6-12,2022
Manchester City,Newcastle Utd,2–0,17-4-4,10-11-2,2022
Arsenal,Bournemouth,3–2,19-3-3,5-6-13,2022
Aston Villa,Crystal Palace,1–0,9-4-11,6-9-9,2022
Chelsea,Leeds United,1–0,8-7-9,5-7-12,2022
Brighton,West Ham,4–0,10-5-7,6-5-13,2022
Wolves,Tottenham,1–0,6-6-13,14-3-8,2022
Southampton,Leicester City,1–0,5-3-16,7-3-14,2022
Nott'ham Forest,Everton,2–2,6-7-11,5-6-14,2022
Liverpool,Manchester Utd,7–0,11-6-7,15-4-5,2022
Brentford,Fulham,3–2,8-11-4,11-6-8,2022
Bournemouth,Liverpool,1–0,5-6-14,12-6-7,2022
Leeds United,Brighton,2–2,5-7-13,11-5-7,2022
Everton,Brentford,1–0,5-7-14,9-11-4,2022
Leicester City,Chelsea,1–3,7-3-15,9-7-9,2022
Tottenham,Nott'ham Forest,3–1,14-3-9,6-8-11,2022
Crystal Palace,Manchester City,0–1,6-9-10,18-4-4,2022
Manchester Utd,Southampton,0–0,15-4-6,6-3-16,2022
Fulham,Arsenal,0–3,11-6-9,20-3-3,2022
West Ham,Aston Villa,1–1,6-5-14,10-4-11,2022
Newcastle Utd,Wolves,2–1,10-11-3,7-6-13,2022
Southampton,Brentford,0–2,6-4-16,9-11-5,2022
Brighton,Crystal Palace,1–0,11-6-7,6-9-11,2022
Nott'ham Forest,Newcastle Utd,1–2,6-8-12,11-11-3,2022
Wolves,Leeds United,2–4,7-6-14,5-8-13,2022
Brentford,Leicester City,1–1,10-11-5,7-3-16,2022
Aston Villa,Bournemouth,3–0,10-5-11,6-6-14,2022
Southampton,Tottenham,3–3,6-4-17,15-3-9,2022
Chelsea,Everton,2–2,10-7-9,6-7-14,2022
Arsenal,Crystal Palace,4–1,21-3-3,6-9-12,2022
Manchester City,Liverpool,4–1,19-4-4,12-6-8,2022
Arsenal,Leeds United,4–1,22-3-3,6-8-13,2022
Nott'ham Forest,Wolves,1–1,6-8-13,7-6-15,2022
Brighton,Brentford,3–3,12-6-7,10-12-5,2022
Crystal Palace,Leicester City,2–1,6-9-13,7-4-16,2022
Bournemouth,Fulham,2–1,6-6-15,11-6-10,2022
Chelsea,Aston Villa,0–2,10-8-9,11-5-11,2022
West Ham,Southampton,1–0,6-6-14,6-5-17,2022
Newcastle Utd,Manchester Utd,2–0,12-11-3,15-5-6,2022
Everton,Tottenham,1–1,6-8-14,15-4-9,2022
Leeds United,Nott'ham Forest,2–1,6-8-14,6-9-13,2022
Bournemouth,Brighton,0–2,7-6-15,12-7-7,2022
Leicester City,Aston Villa,1–2,7-4-17,12-5-11,2022
Chelsea,Liverpool,0–0,10-8-10,12-6-9,2022
West Ham,Newcastle Utd,1–5,7-6-14,13-11-3,2022
Manchester Utd,Brentford,1–0,15-5-7,10-13-5,2022
Manchester Utd,Everton,2–0,16-5-7,6-9-14,2022
Fulham,West Ham,0–1,11-6-11,7-6-15,2022
Aston Villa,Nott'ham Forest,2–0,13-5-11,6-9-14,2022
Leicester City,Bournemouth,0–1,7-4-18,7-6-16,2022
Brentford,Newcastle Utd,1–2,10-13-6,14-11-3,2022
Wolves,Chelsea,1–0,7-7-15,10-9-10,2022
Tottenham,Brighton,2–1,15-5-9,13-7-7,2022
Southampton,Manchester City,1–4,6-5-18,20-4-4,2022
Leeds United,Crystal Palace,1–5,7-8-14,7-9-13,2022
Liverpool,Arsenal,2–2,12-7-9,23-3-3,2022
Aston Villa,Newcastle Utd,3–0,14-5-11,15-11-3,2022
Chelsea,Brighton,1–2,10-9-11,13-7-8,2022
Southampton,Crystal Palace,0–2,6-5-19,8-9-13,2022
Wolves,Brentford,2–0,8-7-15,10-13-7,2022
Tottenham,Bournemouth,2–3,16-5-9,8-6-16,2022
Everton,Fulham,1–3,6-9-15,11-6-12,2022
Manchester City,Leicester City,3–1,21-4-4,7-4-19,2022
West Ham,Arsenal,2–2,8-6-15,23-4-3,2022
Nott'ham Forest,Manchester Utd,0–2,6-9-15,17-5-7,2022
Leeds United,Liverpool,1–6,7-8-15,12-8-9,2022
Arsenal,Southampton,3–3,23-5-3,6-5-20,2022
Fulham,Leeds United,2–1,12-6-12,7-8-16,2022
Crystal Palace,Everton,0–0,9-9-13,6-9-16,2022
Brentford,Aston Villa,1–1,10-13-8,15-5-11,2022
Liverpool,Nott'ham Forest,3–2,13-8-9,6-9-16,2022
Leicester City,Wolves,2–1,7-4-20,9-7-15,2022
Bournemouth,West Ham,0–4,9-6-16,8-7-15,2022
Newcastle Utd,Tottenham,6–1,15-11-4,16-5-10,2022
Wolves,Crystal Palace,2–0,9-7-16,9-10-13,2022
Aston Villa,Fulham,1–0,15-6-11,13-6-12,2022
Leeds United,Leicester City,1–1,7-8-17,8-4-20,2022
Nott'ham Forest,Brighton,3–1,6-9-17,14-7-8,2022
Chelsea,Brentford,0–2,10-9-12,10-14-8,2022
West Ham,Liverpool,1–2,9-7-15,14-8-9,2022
Manchester City,Arsenal,4–1,22-4-4,23-6-3,2022
Everton,Newcastle Utd,1–4,6-10-16,16-11-4,2022
Southampton,Bournemouth,0–1,6-6-20,9-6-17,2022
Tottenham,Manchester Utd,2–2,16-5-11,18-5-7,2022
Crystal Palace,West Ham,4–3,9-10-14,9-7-16,2022
Brighton,Wolves,6–0,14-7-9,10-7-16,2022
Brentford,Nott'ham Forest,2–1,11-14-8,7-9-17,2022
Manchester Utd,Aston Villa,1–0,18-6-7,16-6-11,2022
Bournemouth,Leeds United,4–1,10-6-17,7-9-17,2022
Newcastle Utd,Southampton,3–1,17-11-4,6-6-21,2022
Fulham,Manchester City,1–2,13-6-13,23-4-4,2022
Liverpool,Tottenham,4–3,15-8-9,16-6-11,2022
Leicester City,Everton,2–2,8-5-20,6-10-17,2022
Arsenal,Chelsea,3–1,23-6-4,10-9-13,2022
Liverpool,Fulham,1–0,16-8-9,13-6-14,2022
Manchester City,West Ham,3–0,24-4-4,9-7-17,2022
Brighton,Manchester Utd,1–0,15-7-9,19-6-7,2022
Tottenham,Crystal Palace,1–0,16-6-12,10-10-14,2022
Wolves,Aston Villa,1–0,10-7-17,16-6-12,2022
Bournemouth,Chelsea,1–3,11-6-17,10-9-14,2022
Manchester City,Leeds United,2–1,25-4-4,7-9-18,2022
Liverpool,Brentford,1–0,17-8-9,12-14-8,2022
Newcastle Utd,Arsenal,0–2,18-11-4,24-6-4,2022
West Ham,Manchester Utd,1–0,9-7-18,19-6-8,2022
Fulham,Leicester City,5–3,13-6-15,8-6-20,2022
Brighton,Everton,1–5,16-7-9,6-11-17,2022
Nott'ham Forest,Southampton,4–3,7-9-18,6-6-22,2022
Leeds United,Newcastle Utd,2–2,7-9-19,18-11-5,2022
Aston Villa,Tottenham,2–1,16-6-13,17-6-12,2022
Chelsea,Nott'ham Forest,2–2,11-9-14,8-9-18,2022
Crystal Palace,Bournemouth,2–0,10-10-15,11-6-18,2022
Southampton,Fulham,0–2,6-6-23,14-6-15,2022
Manchester Utd,Wolves,2–0,19-6-9,11-7-17,2022
Everton,Manchester City,0–3,7-11-17,26-4-4,2022
Brentford,West Ham,2–0,12-14-9,10-7-18,2022
Arsenal,Brighton,0–3,25-6-4,16-7-10,2022
Leicester City,Liverpool,0–3,8-6-21,18-8-9,2022
Newcastle Utd,Brighton,4–1,18-12-5,17-7-10,2022
Tottenham,Brentford,1–3,17-6-13,13-14-9,2022
Liverpool,Aston Villa,1–1,19-8-9,17-6-13,2022
Fulham,Crystal Palace,2–2,15-6-15,11-10-15,2022
Bournemouth,Manchester Utd,0–1,11-6-19,20-6-9,2022
Wolves,Everton,1–1,11-7-18,7-11-18,2022
Nott'ham Forest,Arsenal,1–0,8-10-18,25-6-5,2022
West Ham,Leeds United,3–1,10-7-19,7-10-19,2022
Brighton,Southampton,3–1,17-7-11,6-6-24,2022
Manchester City,Chelsea,1–0,27-4-4,11-10-14,2022
Newcastle Utd,Leicester City,0–0,19-12-5,8-6-22,2022
Brighton,Manchester City,1–1,18-7-11,28-4-4,2022
Manchester Utd,Chelsea,4–1,21-6-9,11-10-15,2022
Crystal Palace,Nott'ham Forest,1–1,11-11-15,9-10-18,2022
Chelsea,Newcastle Utd,1–1,11-10-16,19-13-5,2022
Manchester Utd,Fulham,2–1,22-6-9,15-7-15,2022
Arsenal,Wolves,5–0,25-6-6,11-8-18,2022
Southampton,Liverpool,4–4,6-6-25,19-9-9,2022
Everton,Bournemouth,1–0,7-12-18,11-6-20,2022
Leicester City,West Ham,2–1,8-7-22,11-7-19,2022
Aston Villa,Brighton,2–1,17-7-13,18-8-11,2022
Leeds United,Tottenham,1–4,7-10-20,17-6-14,2022
Brentford,Manchester City,1–0,14-14-9,28-5-4,2022
Brentford,Arsenal,2–0,0-0-0,0-0-0,2021
Manchester Utd,Leeds United,5–1,0-0-0,0-0-0,2021
Leicester City,Wolves,1–0,0-0-0,0-0-0,2021
Burnley,Brighton,1–2,0-0-0,0-0-0,2021
Chelsea,Crystal Palace,3–0,0-0-0,0-0-0,2021
Watford,Aston Villa,3–2,0-0-0,0-0-0,2021
Everton,Southampton,3–1,0-0-0,0-0-0,2021
Norwich City,Liverpool,0–3,0-0-0,0-0-0,2021
Newcastle Utd,West Ham,2–4,0-0-0,0-0-0,2021
Tottenham,Manchester City,1–0,0-0-0,0-0-0,2021
Liverpool,Burnley,2–0,1-0-0,0-0-1,2021
Aston Villa,Newcastle Utd,2–0,0-0-1,0-0-1,2021
Manchester City,Norwich City,5–0,0-0-1,0-0-1,2021
Leeds United,Everton,2–2,0-0-1,1-0-0,2021
Crystal Palace,Brentford,0–0,0-0-1,1-0-0,2021
Brighton,Watford,2–0,1-0-0,1-0-0,2021
Wolves,Tottenham,0–1,0-0-1,1-0-0,2021
Southampton,Manchester Utd,1–1,0-0-1,1-0-0,2021
Arsenal,Chelsea,0–2,0-0-1,1-0-0,2021
West Ham,Leicester City,4–1,1-0-0,1-0-0,2021
Manchester City,Arsenal,5–0,1-0-1,0-0-2,2021
Norwich City,Leicester City,1–2,0-0-2,1-0-1,2021
West Ham,Crystal Palace,2–2,2-0-0,0-1-1,2021
Aston Villa,Brentford,1–1,1-0-1,1-1-0,2021
Newcastle Utd,Southampton,2–2,0-0-2,0-1-1,2021
Brighton,Everton,0–2,2-0-0,1-1-0,2021
Liverpool,Chelsea,1–1,2-0-0,2-0-0,2021
Burnley,Leeds United,1–1,0-0-2,0-1-1,2021
Tottenham,Watford,1–0,2-0-0,1-0-1,2021
Wolves,Manchester Utd,0–1,0-0-2,1-1-0,2021
Crystal Palace,Tottenham,3–0,0-2-1,3-0-0,2021
Watford,Wolves,0–2,1-0-2,0-0-3,2021
Brentford,Brighton,0–1,1-2-0,2-0-1,2021
Arsenal,Norwich City,1–0,0-0-3,0-0-3,2021
Manchester Utd,Newcastle Utd,4–1,2-1-0,0-1-2,2021
Leicester City,Manchester City,0–1,2-0-1,2-0-1,2021
Southampton,West Ham,0–0,0-2-1,2-1-0,2021
Chelsea,Aston Villa,3–0,2-1-0,1-1-1,2021
Leeds United,Liverpool,0–3,0-2-1,2-1-0,2021
Everton,Burnley,3–1,2-1-0,0-1-2,2021
Newcastle Utd,Leeds United,1–1,0-1-3,0-2-2,2021
Wolves,Brentford,0–2,1-0-3,1-2-1,2021
Manchester City,Southampton,0–0,3-0-1,0-3-1,2021
Liverpool,Crystal Palace,3–0,3-1-0,1-2-1,2021
Norwich City,Watford,1–3,0-0-4,1-0-3,2021
Burnley,Arsenal,0–1,0-1-3,1-0-3,2021
Aston Villa,Everton,3–0,1-1-2,3-1-0,2021
West Ham,Manchester Utd,1–2,2-2-0,3-1-0,2021
Brighton,Leicester City,2–1,3-0-1,2-0-2,2021
Tottenham,Chelsea,0–3,3-0-1,3-1-0,2021
Manchester Utd,Aston Villa,0–1,4-1-0,2-1-2,2021
Chelsea,Manchester City,0–1,4-1-0,3-1-1,2021
Leicester City,Burnley,2–2,2-0-3,0-1-4,2021
Leeds United,West Ham,1–2,0-3-2,2-2-1,2021
Watford,Newcastle Utd,1–1,2-0-3,0-2-3,2021
Everton,Norwich City,2–0,3-1-1,0-0-5,2021
Brentford,Liverpool,3–3,2-2-1,4-1-0,2021
Southampton,Wolves,0–1,0-4-1,1-0-4,2021
Arsenal,Tottenham,3–1,2-0-3,3-0-2,2021
Crystal Palace,Brighton,1–1,1-2-2,4-0-1,2021
Manchester Utd,Everton,1–1,4-1-1,4-1-1,2021
Wolves,Newcastle Utd,2–1,2-0-4,0-3-3,2021
Burnley,Norwich City,0–0,0-2-4,0-0-6,2021
Chelsea,Southampton,3–1,4-1-1,0-4-2,2021
Leeds United,Watford,1–0,0-3-3,2-1-3,2021
Brighton,Arsenal,0–0,4-1-1,3-0-3,2021
Tottenham,Aston Villa,2–1,3-0-3,3-1-2,2021
Crystal Palace,Leicester City,2–2,1-3-2,2-1-3,2021
West Ham,Brentford,1–2,3-2-1,2-3-1,2021
Liverpool,Manchester City,2–2,4-2-0,4-1-1,2021
Watford,Liverpool,0–5,2-1-4,4-3-0,2021
Leicester City,Manchester Utd,4–2,2-2-3,4-2-1,2021
Manchester City,Burnley,2–0,4-2-1,0-3-4,2021
Southampton,Leeds United,1–0,0-4-3,1-3-3,2021
Aston Villa,Wolves,2–3,3-1-3,3-0-4,2021
Norwich City,Brighton,0–0,0-1-6,4-2-1,2021
Brentford,Chelsea,0–1,3-3-1,5-1-1,2021
Everton,West Ham,0–1,4-2-1,3-2-2,2021
Newcastle Utd,Tottenham,2–3,0-3-4,4-0-3,2021
Arsenal,Crystal Palace,2–2,3-1-3,1-4-2,2021
Arsenal,Aston Villa,3–1,3-2-3,3-1-4,2021
Chelsea,Norwich City,7–0,6-1-1,0-2-6,2021
Leeds United,Wolves,1–1,1-3-4,4-0-4,2021
Crystal Palace,Newcastle Utd,1–1,1-5-2,0-3-5,2021
Everton,Watford,2–5,4-2-2,2-1-5,2021
Southampton,Burnley,2–2,1-4-3,0-3-5,2021
Brighton,Manchester City,1–4,4-3-1,5-2-1,2021
West Ham,Tottenham,1–0,4-2-2,5-0-3,2021
Brentford,Leicester City,1–2,3-3-2,3-2-3,2021
Manchester Utd,Liverpool,0–5,4-2-2,5-3-0,2021
Leicester City,Arsenal,0–2,4-2-3,4-2-3,2021
Newcastle Utd,Chelsea,0–3,0-4-5,7-1-1,2021
Liverpool,Brighton,2–2,6-3-0,4-3-2,2021
Burnley,Brentford,3–1,0-4-5,3-3-3,2021
Watford,Southampton,0–1,3-1-5,1-5-3,2021
Manchester City,Crystal Palace,0–2,6-2-1,1-6-2,2021
Tottenham,Manchester Utd,0–3,5-0-4,4-2-3,2021
Norwich City,Leeds United,1–2,0-2-7,1-4-4,2021
Aston Villa,West Ham,1–4,3-1-5,5-2-2,2021
Wolves,Everton,2–1,4-1-4,4-2-3,2021
Southampton,Aston Villa,1–0,2-5-3,3-1-6,2021
Manchester Utd,Manchester City,0–2,5-2-3,6-2-2,2021
Brentford,Norwich City,1–2,3-3-4,0-2-8,2021
Chelsea,Burnley,1–1,8-1-1,1-4-5,2021
Crystal Palace,Wolves,2–0,2-6-2,5-1-4,2021
Brighton,Newcastle Utd,1–1,4-4-2,0-4-6,2021
Everton,Tottenham,0–0,4-2-4,5-0-5,2021
Leeds United,Leicester City,1–1,2-4-4,4-2-4,2021
Arsenal,Watford,1–0,5-2-3,3-1-6,2021
West Ham,Liverpool,3–2,6-2-2,6-4-0,2021
Leicester City,Chelsea,0–3,4-3-4,8-2-1,2021
Wolves,West Ham,1–0,5-1-5,7-2-2,2021
Watford,Manchester Utd,4–1,3-1-7,5-2-4,2021
Norwich City,Southampton,2–1,1-2-8,3-5-3,2021
Aston Villa,Brighton,2–0,3-1-7,4-5-2,2021
Newcastle Utd,Brentford,3–3,0-5-6,3-3-5,2021
Burnley,Crystal Palace,3–3,1-5-5,3-6-2,2021
Liverpool,Arsenal,4–0,6-4-1,6-2-3,2021
Manchester City,Everton,3–0,7-2-2,4-3-4,2021
Tottenham,Leeds United,2–1,5-1-5,2-5-4,2021
Arsenal,Newcastle Utd,2–0,6-2-4,0-6-6,2021
Crystal Palace,Aston Villa,1–2,3-7-2,4-1-7,2021
Liverpool,Southampton,4–0,7-4-1,3-5-4,2021
Norwich City,Wolves,0–0,2-2-8,6-1-5,2021
Brighton,Leeds United,0–0,4-5-3,2-5-5,2021
Brentford,Everton,1–0,3-4-5,4-3-5,2021
Leicester City,Watford,4–2,4-3-5,4-1-7,2021
Manchester City,West Ham,2–1,8-2-2,7-2-3,2021
Chelsea,Manchester Utd,1–1,9-2-1,5-2-5,2021
Newcastle Utd,Norwich City,1–1,0-6-7,2-3-8,2021
Leeds United,Crystal Palace,1–0,2-6-5,3-7-3,2021
Southampton,Leicester City,2–2,3-5-5,5-3-5,2021
West Ham,Brighton,1–1,7-2-4,4-6-3,2021
Wolves,Burnley,0–0,6-2-5,1-6-5,2021
Watford,Chelsea,1–2,4-1-8,9-3-1,2021
Aston Villa,Manchester City,1–2,5-1-7,9-2-2,2021
Everton,Liverpool,1–4,4-3-6,8-4-1,2021
Tottenham,Brentford,2–0,6-1-5,4-4-5,2021
Manchester Utd,Arsenal,3–2,5-3-5,7-2-4,2021
West Ham,Chelsea,3–2,7-3-4,10-3-1,2021
Newcastle Utd,Burnley,1–0,0-7-7,1-7-5,2021
Southampton,Brighton,1–1,3-6-5,4-7-3,2021
Wolves,Liverpool,0–1,6-3-5,9-4-1,2021
Watford,Manchester City,1–3,4-1-9,10-2-2,2021
Leeds United,Brentford,2–2,3-6-5,4-4-6,2021
Tottenham,Norwich City,3–0,7-1-5,2-4-8,2021
Manchester Utd,Crystal Palace,1–0,6-3-5,3-7-4,2021
Aston Villa,Leicester City,2–1,5-1-8,5-4-5,2021
Everton,Arsenal,2–1,4-3-7,7-2-5,2021
Brentford,Watford,2–1,4-5-6,4-1-10,2021
Manchester City,Wolves,1–0,11-2-2,6-3-6,2021
Liverpool,Aston Villa,1–0,10-4-1,6-1-8,2021
Arsenal,Southampton,3–0,7-2-6,3-7-5,2021
Chelsea,Leeds United,3–2,10-3-2,3-7-5,2021
Norwich City,Manchester Utd,0–1,2-4-9,7-3-5,2021
Burnley,West Ham,0–0,1-7-6,8-3-4,2021
Leicester City,Newcastle Utd,4–0,5-4-6,1-7-7,2021
Crystal Palace,Everton,3–1,3-7-5,5-3-7,2021
Norwich City,Aston Villa,0–2,2-4-10,6-1-9,2021
Manchester City,Leeds United,7–0,12-2-2,3-7-6,2021
Brighton,Wolves,0–1,4-8-3,6-3-7,2021
Crystal Palace,Southampton,2–2,4-7-5,3-7-6,2021
Arsenal,West Ham,2–0,8-2-6,8-4-4,2021
Chelsea,Everton,1–1,11-3-2,5-3-8,2021
Liverpool,Newcastle Utd,3–1,11-4-1,1-7-8,2021
Leeds United,Arsenal,1–4,3-7-7,9-2-6,2021
Wolves,Chelsea,0–0,7-3-7,11-4-2,2021
Newcastle Utd,Manchester City,0–4,1-7-9,13-2-2,2021
Tottenham,Liverpool,2–2,8-1-5,12-4-1,2021
West Ham,Southampton,2–3,8-4-5,3-8-6,2021
Manchester City,Leicester City,6–3,14-2-2,6-4-6,2021
Norwich City,Arsenal,0–5,2-4-11,10-2-6,2021
Tottenham,Crystal Palace,3–0,8-2-5,4-8-5,2021
Aston Villa,Chelsea,1–3,7-1-9,11-5-2,2021
Brighton,Brentford,2–0,4-8-4,5-5-6,2021
Newcastle Utd,Manchester Utd,1–1,1-7-10,8-3-5,2021
Southampton,Tottenham,1–1,4-8-6,9-2-5,2021
Crystal Palace,Norwich City,3–0,4-8-6,2-4-12,2021
Watford,West Ham,1–4,4-1-11,8-4-6,2021
Leicester City,Liverpool,1–0,6-4-7,12-5-1,2021
Chelsea,Brighton,1–1,12-5-2,5-8-4,2021
Brentford,Manchester City,0–1,5-5-7,15-2-2,2021
Manchester Utd,Burnley,3–1,8-4-5,1-8-6,2021
Arsenal,Manchester City,1–2,11-2-6,16-2-2,2021
Watford,Tottenham,0–1,4-1-12,9-3-5,2021
Crystal Palace,West Ham,2–3,5-8-6,9-4-6,2021
Leeds United,Burnley,3–1,3-7-8,1-8-7,2021
Brentford,Aston Villa,2–1,5-5-8,7-1-10,2021
Everton,Brighton,2–3,5-4-8,5-9-4,2021
Chelsea,Liverpool,2–2,12-6-2,12-5-2,2021
Manchester Utd,Wolves,0–1,9-4-5,7-4-7,2021
Southampton,Brentford,4–1,4-9-6,6-5-8,2021
West Ham,Norwich City,2–0,10-4-6,2-4-13,2021
Brighton,Crystal Palace,1–1,6-9-4,5-8-7,2021
Manchester City,Chelsea,1–0,17-2-2,12-7-2,2021
Norwich City,Everton,2–1,2-4-14,5-4-9,2021
Newcastle Utd,Watford,1–1,1-8-10,4-1-13,2021
Wolves,Southampton,3–1,8-4-7,5-9-6,2021
Aston Villa,Manchester Utd,2–2,7-1-11,9-4-6,2021
West Ham,Leeds United,2–3,11-4-6,4-7-8,2021
Liverpool,Brentford,3–0,12-6-2,6-5-9,2021
Brighton,Chelsea,1–1,6-10-4,12-7-3,2021
Leicester City,Tottenham,2–3,7-4-7,10-3-5,2021
Brentford,Manchester Utd,1–3,6-5-10,9-5-6,2021
Watford,Norwich City,0–3,4-2-13,3-4-14,2021
Everton,Aston Villa,0–1,5-4-10,7-2-11,2021
Leeds United,Newcastle Utd,0–1,5-7-8,1-9-10,2021
Manchester Utd,West Ham,1–0,10-5-6,11-4-7,2021
Brentford,Wolves,1–2,6-5-11,9-4-7,2021
Southampton,Manchester City,1–1,5-9-7,18-2-2,2021
Crystal Palace,Liverpool,1–3,5-9-7,13-6-2,2021
Arsenal,Burnley,0–0,11-2-7,1-8-8,2021
Leicester City,Brighton,1–1,7-4-8,6-11-4,2021
Chelsea,Tottenham,2–0,12-8-3,11-3-5,2021
Burnley,Watford,0–0,1-9-8,4-2-14,2021
West Ham,Watford,1–0,11-4-8,4-3-14,2021
Newcastle Utd,Everton,3–1,2-9-10,5-4-11,2021
Burnley,Manchester Utd,1–1,1-10-8,11-5-6,2021
Tottenham,Southampton,2–3,11-3-6,5-10-7,2021
Norwich City,Crystal Palace,1–1,4-4-14,5-9-8,2021
Manchester City,Brentford,2–0,18-3-2,6-5-12,2021
Aston Villa,Leeds United,3–3,8-2-11,5-7-9,2021
Liverpool,Leicester City,2–0,14-6-2,7-5-8,2021
Wolves,Arsenal,0–1,10-4-7,11-3-7,2021
Manchester Utd,Southampton,1–1,11-6-6,6-10-7,2021
Everton,Leeds United,3–0,5-4-12,5-8-9,2021
Brentford,Crystal Palace,0–0,6-5-13,5-10-8,2021
Watford,Brighton,0–2,4-3-15,6-12-4,2021
Norwich City,Manchester City,0–4,4-5-14,19-3-2,2021
Newcastle Utd,Aston Villa,1–0,3-9-10,8-3-11,2021
Burnley,Liverpool,0–1,1-11-8,15-6-2,2021
Tottenham,Wolves,0–2,11-3-7,10-4-8,2021
Leicester City,West Ham,2–2,7-5-9,12-4-8,2021
Manchester Utd,Brighton,2–0,11-7-6,7-12-4,2021
West Ham,Newcastle Utd,1–1,12-5-8,4-9-10,2021
Aston Villa,Watford,0–1,8-3-12,4-3-16,2021
Arsenal,Brentford,2–1,12-3-7,6-6-13,2021
Southampton,Everton,2–0,6-11-7,6-4-12,2021
Liverpool,Norwich City,3–1,16-6-2,4-5-15,2021
Brighton,Burnley,0–3,7-12-5,1-11-9,2021
Crystal Palace,Chelsea,0–1,5-11-8,13-8-3,2021
Manchester City,Tottenham,2–3,20-3-2,11-3-8,2021
Leeds United,Manchester Utd,2–4,5-8-10,12-7-6,2021
Wolves,Leicester City,2–1,11-4-8,7-6-9,2021
Burnley,Tottenham,1–0,2-11-9,12-3-8,2021
Watford,Crystal Palace,1–4,5-3-16,5-11-9,2021
Liverpool,Leeds United,6–0,17-6-2,5-8-11,2021
Arsenal,Wolves,2–1,13-3-7,12-4-8,2021
Southampton,Norwich City,2–0,7-11-7,4-5-16,2021
Leeds United,Tottenham,0–4,5-8-12,12-3-9,2021
Crystal Palace,Burnley,1–1,6-11-9,3-11-9,2021
Manchester Utd,Watford,0–0,13-7-6,5-3-17,2021
Brighton,Aston Villa,0–2,7-12-6,8-3-13,2021
Brentford,Newcastle Utd,0–2,6-6-14,4-10-10,2021
Everton,Manchester City,0–1,6-4-13,20-3-3,2021
West Ham,Wolves,1–0,12-6-8,12-4-9,2021
Burnley,Leicester City,0–2,3-12-9,7-6-10,2021
Leicester City,Leeds United,1–0,8-6-10,5-8-13,2021
Newcastle Utd,Brighton,2–1,5-10-10,7-12-7,2021
Aston Villa,Southampton,4–0,9-3-13,8-11-7,2021
Burnley,Chelsea,0–4,3-12-10,14-8-3,2021
Wolves,Crystal Palace,0–2,12-4-10,6-12-9,2021
Norwich City,Brentford,1–3,4-5-17,6-6-15,2021
Liverpool,West Ham,1–0,18-6-2,13-6-8,2021
Watford,Arsenal,2–3,5-4-17,14-3-7,2021
Manchester City,Manchester Utd,4–1,21-3-3,13-8-6,2021
Tottenham,Everton,5–0,13-3-9,6-4-14,2021
Wolves,Watford,4–0,12-4-11,5-4-18,2021
Southampton,Newcastle Utd,1–2,8-11-8,6-10-10,2021
Norwich City,Chelsea,1–3,4-5-18,15-8-3,2021
Leeds United,Aston Villa,0–3,5-8-14,10-3-13,2021
Brighton,Liverpool,0–2,7-12-8,19-6-2,2021
Brentford,Burnley,2–0,7-6-15,3-12-11,2021
Manchester Utd,Tottenham,3–2,13-8-7,14-3-9,2021
Chelsea,Newcastle Utd,1–0,16-8-3,7-10-10,2021
Southampton,Watford,1–2,8-11-9,5-4-19,2021
West Ham,Aston Villa,2–1,13-6-9,11-3-13,2021
Everton,Wolves,0–1,6-4-15,13-4-11,2021
Leeds United,Norwich City,2–1,5-8-15,4-5-19,2021
Arsenal,Leicester City,2–0,15-3-7,9-6-10,2021
Crystal Palace,Manchester City,0–0,7-12-9,22-3-3,2021
Brighton,Tottenham,0–2,7-12-9,14-3-10,2021
Arsenal,Liverpool,0–2,16-3-7,20-6-2,2021
Everton,Newcastle Utd,1–0,6-4-16,7-10-11,2021
Wolves,Leeds United,2–3,14-4-11,6-8-15,2021
Aston Villa,Arsenal,0–1,11-3-14,16-3-8,2021
Leicester City,Brentford,2–1,9-6-11,8-6-15,2021
Tottenham,West Ham,3–1,15-3-10,14-6-9,2021
Liverpool,Watford,2–0,21-6-2,6-4-19,2021
Wolves,Aston Villa,2–1,14-4-12,11-3-15,2021
Leeds United,Southampton,1–1,7-8-15,8-11-10,2021
Chelsea,Brentford,1–4,17-8-3,8-6-16,2021
Burnley,Manchester City,0–2,3-12-12,22-4-3,2021
Brighton,Norwich City,0–0,7-12-10,4-5-20,2021
Manchester Utd,Leicester City,1–1,14-8-7,10-6-11,2021
West Ham,Everton,2–1,14-6-10,7-4-16,2021
Tottenham,Newcastle Utd,5–1,16-3-10,7-10-12,2021
Crystal Palace,Arsenal,3–0,7-13-9,17-3-8,2021
Burnley,Everton,3–2,3-12-13,7-4-17,2021
Newcastle Utd,Wolves,1–0,7-10-13,15-4-12,2021
Everton,Manchester Utd,1–0,7-4-18,14-9-7,2021
Arsenal,Brighton,1–2,17-3-9,7-13-10,2021
Southampton,Chelsea,0–6,8-12-10,17-8-4,2021
Watford,Leeds United,0–3,6-4-20,7-9-15,2021
Aston Villa,Tottenham,0–4,11-3-16,17-3-10,2021
Brentford,West Ham,2–0,9-6-16,15-6-10,2021
Leicester City,Crystal Palace,2–1,10-7-11,8-13-9,2021
Norwich City,Burnley,2–0,4-6-20,4-12-13,2021
Manchester City,Liverpool,2–2,23-4-3,22-6-2,2021
Tottenham,Brighton,0–1,18-3-10,8-13-10,2021
Manchester Utd,Norwich City,3–2,14-9-8,5-6-20,2021
Watford,Brentford,1–2,6-4-21,10-6-16,2021
Southampton,Arsenal,1–0,8-12-11,17-3-10,2021
Newcastle Utd,Leicester City,2–1,8-10-13,11-7-11,2021
West Ham,Burnley,1–1,15-6-11,4-12-14,2021
Liverpool,Manchester Utd,4–0,22-7-2,15-9-8,2021
Everton,Leicester City,1–1,8-4-18,11-7-12,2021
Chelsea,Arsenal,2–4,18-8-4,17-3-11,2021
Newcastle Utd,Crystal Palace,1–0,9-10-13,8-13-10,2021
Manchester City,Brighton,3–0,23-5-3,9-13-10,2021
Burnley,Southampton,2–0,4-13-14,9-12-11,2021
Arsenal,Manchester Utd,3–1,18-3-11,15-9-9,2021
Leicester City,Aston Villa,0–0,11-8-12,11-3-17,2021
Manchester City,Watford,5–1,24-5-3,6-4-22,2021
Norwich City,Newcastle Utd,0–3,5-6-21,10-10-13,2021
Brentford,Tottenham,0–0,11-6-16,18-3-11,2021
Brighton,Southampton,2–2,9-13-11,9-12-12,2021
Burnley,Wolves,1–0,5-13-14,15-4-13,2021
Chelsea,West Ham,1–0,18-8-5,15-7-11,2021
Liverpool,Everton,2–0,23-7-2,8-5-18,2021
Crystal Palace,Leeds United,0–0,8-13-11,8-9-15,2021
Manchester Utd,Chelsea,1–1,15-9-10,19-8-5,2021
Newcastle Utd,Liverpool,0–1,11-10-13,24-7-2,2021
Watford,Burnley,1–2,6-4-23,6-13-14,2021
Wolves,Brighton,0–3,15-4-14,9-14-11,2021
Aston Villa,Norwich City,2–0,11-4-17,5-6-22,2021
Southampton,Crystal Palace,1–2,9-13-12,8-14-11,2021
Leeds United,Manchester City,0–4,8-10-15,25-5-3,2021
Tottenham,Leicester City,3–1,18-4-11,11-9-12,2021
Everton,Chelsea,1–0,8-5-19,19-9-5,2021
West Ham,Arsenal,1–2,15-7-12,19-3-11,2021
Manchester Utd,Brentford,3–0,15-10-10,11-7-16,2021
Crystal Palace,Watford,1–0,9-14-11,6-4-24,2021
Brentford,Southampton,3–0,11-7-17,9-13-13,2021
Chelsea,Wolves,2–2,19-9-6,15-4-15,2021
Burnley,Aston Villa,1–3,7-13-14,12-4-17,2021
Brighton,Manchester Utd,4–0,10-14-11,16-10-10,2021
Liverpool,Tottenham,1–1,25-7-2,19-4-11,2021
Leicester City,Everton,1–2,11-9-13,9-5-19,2021
Norwich City,West Ham,0–4,5-6-23,15-7-13,2021
Arsenal,Leeds United,2–1,20-3-11,8-10-16,2021
Manchester City,Newcastle Utd,5–0,26-5-3,11-10-14,2021
Aston Villa,Liverpool,1–2,13-4-17,25-8-2,2021
Leeds United,Chelsea,0–3,8-10-17,19-10-6,2021
Leicester City,Norwich City,3–0,11-9-14,5-6-24,2021
Watford,Everton,0–0,6-4-25,10-5-19,2021
Wolves,Manchester City,1–5,15-5-15,27-5-3,2021
Tottenham,Arsenal,3–0,19-5-11,21-3-11,2021
Tottenham,Burnley,1–0,20-5-11,7-13-15,2021
Leeds United,Brighton,1–1,8-10-18,11-14-11,2021
Watford,Leicester City,1–5,6-5-25,12-9-14,2021
Wolves,Norwich City,1–1,15-5-16,5-6-25,2021
Aston Villa,Crystal Palace,1–1,13-4-18,10-14-11,2021
West Ham,Manchester City,2–2,16-7-13,28-5-3,2021
Everton,Brentford,2–3,10-6-19,12-7-17,2021
Newcastle Utd,Arsenal,2–0,11-10-15,21-3-12,2021
Southampton,Liverpool,1–2,9-13-14,26-8-2,2021
Everton,Crystal Palace,3–2,10-6-20,10-15-11,2021
Aston Villa,Burnley,1–1,13-5-18,7-13-16,2021
Chelsea,Leicester City,1–1,20-10-6,13-9-14,2021
Brentford,Leeds United,1–2,13-7-17,8-11-18,2021
Leicester City,Southampton,4–1,13-10-14,9-13-15,2021
Crystal Palace,Manchester Utd,1–0,10-15-12,16-10-11,2021
Arsenal,Everton,5–1,21-3-13,11-6-20,2021
Brighton,West Ham,3–1,11-15-11,16-8-13,2021
Norwich City,Tottenham,0–5,5-7-25,21-5-11,2021
Manchester City,Aston Villa,3–2,28-6-3,13-6-18,2021
Liverpool,Wolves,3–1,27-8-2,15-6-16,2021
Burnley,Newcastle Utd,1–2,7-14-16,12-10-15,2021
Chelsea,Watford,2–1,20-11-6,6-5-26,2021
Fulham,Arsenal,0–3,0-0-0,0-0-0,2020
Crystal Palace,Southampton,1–0,0-0-0,0-0-0,2020
Liverpool,Leeds United,4–3,0-0-0,0-0-0,2020
West Ham,Newcastle Utd,0–2,0-0-0,0-0-0,2020
West Brom,Leicester City,0–3,0-0-0,0-0-0,2020
Tottenham,Everton,0–1,0-0-0,0-0-0,2020
Sheffield Utd,Wolves,0–2,0-0-0,0-0-0,2020
Brighton,Chelsea,1–3,0-0-0,0-0-0,2020
Everton,West Brom,5–2,1-0-0,0-0-1,2020
Leeds United,Fulham,4–3,0-0-1,0-0-1,2020
Manchester Utd,Crystal Palace,1–3,0-0-0,1-0-0,2020
Arsenal,West Ham,2–1,1-0-0,0-0-1,2020
Southampton,Tottenham,2–5,0-0-1,0-0-1,2020
Newcastle Utd,Brighton,0–3,1-0-0,0-0-1,2020
Chelsea,Liverpool,0–2,1-0-0,1-0-0,2020
Leicester City,Burnley,4–2,1-0-0,0-0-0,2020
Aston Villa,Sheffield Utd,1–0,0-0-0,0-0-1,2020
Wolves,Manchester City,1–3,1-0-0,0-0-0,2020
Brighton,Manchester Utd,2–3,1-0-1,0-0-1,2020
Crystal Palace,Everton,1–2,2-0-0,2-0-0,2020
West Brom,Chelsea,3–3,0-0-2,1-0-1,2020
Burnley,Southampton,0–1,0-0-1,0-0-2,2020
Sheffield Utd,Leeds United,0–1,0-0-2,1-0-1,2020
Tottenham,Newcastle Utd,1–1,1-0-1,1-0-1,2020
Manchester City,Leicester City,2–5,1-0-0,2-0-0,2020
West Ham,Wolves,4–0,0-0-2,1-0-1,2020
Fulham,Aston Villa,0–3,0-0-2,1-0-0,2020
Liverpool,Arsenal,3–1,2-0-0,2-0-0,2020
Chelsea,Crystal Palace,4–0,1-1-1,2-0-1,2020
Everton,Brighton,4–2,3-0-0,1-0-2,2020
Leeds United,Manchester City,1–1,2-0-1,1-0-1,2020
Newcastle Utd,Burnley,3–1,1-1-1,0-0-2,2020
Southampton,West Brom,2–0,1-0-2,0-1-2,2020
Leicester City,West Ham,0–3,3-0-0,1-0-2,2020
Arsenal,Sheffield Utd,2–1,2-0-1,0-0-3,2020
Wolves,Fulham,1–0,1-0-2,0-0-3,2020
Manchester Utd,Tottenham,1–6,1-0-1,1-1-1,2020
Aston Villa,Liverpool,7–2,2-0-0,3-0-0,2020
Everton,Liverpool,2–2,4-0-0,3-0-1,2020
Chelsea,Southampton,3–3,2-1-1,2-0-2,2020
Manchester City,Arsenal,1–0,1-1-1,3-0-1,2020
Newcastle Utd,Manchester Utd,1–4,2-1-1,1-0-2,2020
Sheffield Utd,Fulham,1–1,0-0-4,0-0-4,2020
Crystal Palace,Brighton,1–1,2-0-2,1-0-3,2020
Tottenham,West Ham,3–3,2-1-1,2-0-2,2020
Leicester City,Aston Villa,0–1,3-0-1,3-0-0,2020
West Brom,Burnley,0–0,0-1-3,0-0-3,2020
Leeds United,Wolves,0–1,2-1-1,2-0-2,2020
Aston Villa,Leeds United,0–3,4-0-0,2-1-2,2020
West Ham,Manchester City,1–1,2-1-2,2-1-1,2020
Fulham,Crystal Palace,1–2,0-1-4,2-1-2,2020
Manchester Utd,Chelsea,0–0,2-0-2,2-2-1,2020
Liverpool,Sheffield Utd,2–1,3-1-1,0-1-4,2020
Southampton,Everton,2–0,2-1-2,4-1-0,2020
Wolves,Newcastle Utd,1–1,3-0-2,2-1-2,2020
Arsenal,Leicester City,0–1,3-0-2,3-0-2,2020
Brighton,West Brom,1–1,1-1-3,0-2-3,2020
Burnley,Tottenham,0–1,0-1-3,2-2-1,2020
Wolves,Crystal Palace,2–0,3-1-2,3-1-2,2020
Sheffield Utd,Manchester City,0–1,0-1-5,2-2-1,2020
Burnley,Chelsea,0–3,0-1-4,2-3-1,2020
Liverpool,West Ham,2–1,4-1-1,2-2-2,2020
Aston Villa,Southampton,3–4,4-0-1,3-1-2,2020
Newcastle Utd,Everton,2–1,2-2-2,4-1-1,2020
Manchester Utd,Arsenal,0–1,2-1-2,3-0-3,2020
Tottenham,Brighton,2–1,3-2-1,1-2-3,2020
Fulham,West Brom,2–0,0-1-5,0-3-3,2020
Leeds United,Leicester City,1–4,3-1-2,4-0-2,2020
Brighton,Burnley,0–0,1-2-4,0-1-5,2020
Southampton,Newcastle Utd,2–0,4-1-2,3-2-2,2020
Everton,Manchester Utd,1–3,4-1-2,2-1-3,2020
Crystal Palace,Leeds United,4–1,3-1-3,3-1-3,2020
Chelsea,Sheffield Utd,4–1,3-3-1,0-1-6,2020
West Ham,Fulham,1–0,2-2-3,1-1-5,2020
West Brom,Tottenham,0–1,0-3-4,4-2-1,2020
Leicester City,Wolves,1–0,5-0-2,4-1-2,2020
Manchester City,Liverpool,1–1,3-2-1,5-1-1,2020
Arsenal,Aston Villa,0–3,4-0-3,4-0-2,2020
Newcastle Utd,Chelsea,0–2,3-2-3,4-3-1,2020
Aston Villa,Brighton,1–2,5-0-2,1-3-4,2020
Tottenham,Manchester City,2–0,5-2-1,3-3-1,2020
Manchester Utd,West Brom,1–0,3-1-3,0-3-5,2020
Fulham,Everton,2–3,1-1-6,4-1-3,2020
Sheffield Utd,West Ham,0–1,0-1-7,3-2-3,2020
Leeds United,Arsenal,0–0,3-1-4,4-0-4,2020
Liverpool,Leicester City,3–0,5-2-1,6-0-2,2020
Burnley,Crystal Palace,1–0,0-2-5,4-1-3,2020
Wolves,Southampton,1–1,4-1-3,5-1-2,2020
Crystal Palace,Newcastle Utd,0–2,4-1-4,3-2-4,2020
Brighton,Liverpool,1–1,2-3-4,6-2-1,2020
Manchester City,Burnley,5–0,3-3-2,1-2-5,2020
Everton,Leeds United,0–1,5-1-3,3-2-4,2020
West Brom,Sheffield Utd,1–0,0-3-6,0-1-8,2020
Southampton,Manchester Utd,2–3,5-2-2,4-1-3,2020
Chelsea,Tottenham,0–0,5-3-1,6-2-1,2020
Arsenal,Wolves,1–2,4-1-4,4-2-3,2020
Leicester City,Fulham,1–2,6-0-3,1-1-7,2020
West Ham,Aston Villa,2–1,4-2-3,5-0-3,2020
Burnley,Everton,1–1,1-2-6,5-1-4,2020
Manchester City,Fulham,2–0,4-3-2,2-1-7,2020
West Ham,Manchester Utd,1–3,5-2-3,5-1-3,2020
Chelsea,Leeds United,3–1,5-4-1,4-2-4,2020
West Brom,Crystal Palace,1–5,1-3-6,4-1-5,2020
Sheffield Utd,Leicester City,1–2,0-1-9,6-0-4,2020
Tottenham,Arsenal,2–0,6-3-1,4-1-5,2020
Liverpool,Wolves,4–0,6-3-1,5-2-3,2020
Brighton,Southampton,1–2,2-4-4,5-2-3,2020
Leeds United,West Ham,1–2,4-2-5,5-2-4,2020
Wolves,Aston Villa,0–1,5-2-4,5-0-4,2020
Newcastle Utd,West Brom,2–1,4-2-4,1-3-7,2020
Manchester Utd,Manchester City,0–0,6-1-3,5-3-2,2020
Everton,Chelsea,1–0,5-2-4,6-4-1,2020
Southampton,Sheffield Utd,3–0,6-2-3,0-1-10,2020
Crystal Palace,Tottenham,1–1,5-1-5,7-3-1,2020
Fulham,Liverpool,1–1,2-1-8,7-3-1,2020
Leicester City,Brighton,3–0,7-0-4,2-4-5,2020
Arsenal,Burnley,0–1,4-1-6,1-3-6,2020
Wolves,Chelsea,2–1,5-2-5,6-4-2,2020
Manchester City,West Brom,1–1,5-4-2,1-3-8,2020
Arsenal,Southampton,1–1,4-1-7,7-2-3,2020
Leicester City,Everton,0–2,8-0-4,6-2-4,2020
Leeds United,Newcastle Utd,5–2,4-2-6,5-2-4,2020
Liverpool,Tottenham,2–1,7-4-1,7-4-1,2020
West Ham,Crystal Palace,1–1,6-2-4,5-2-5,2020
Fulham,Brighton,0–0,2-2-8,2-4-6,2020
Aston Villa,Burnley,0–0,6-0-4,2-3-6,2020
Sheffield Utd,Manchester Utd,2–3,0-1-11,6-2-3,2020
Crystal Palace,Liverpool,0–7,5-3-5,8-4-1,2020
Southampton,Manchester City,0–1,7-3-3,5-5-2,2020
Everton,Arsenal,2–1,7-2-4,4-2-7,2020
Newcastle Utd,Fulham,1–1,5-2-5,2-3-8,2020
Brighton,Sheffield Utd,1–1,2-5-6,0-1-12,2020
Tottenham,Leicester City,0–2,7-4-2,8-0-5,2020
Manchester Utd,Leeds United,6–2,7-2-3,5-2-6,2020
West Brom,Aston Villa,0–3,1-4-8,6-1-4,2020
Burnley,Wolves,2–1,2-4-6,6-2-5,2020
Chelsea,West Ham,3–0,6-4-3,6-3-4,2020
Leicester City,Manchester Utd,2–2,9-0-5,8-2-3,2020
Aston Villa,Crystal Palace,3–0,7-1-4,5-3-6,2020
Fulham,Southampton,0–0,2-4-8,7-3-4,2020
Arsenal,Chelsea,3–1,4-2-8,7-4-3,2020
Sheffield Utd,Everton,0–1,0-2-12,8-2-4,2020
Manchester City,Newcastle Utd,2–0,6-5-2,5-3-5,2020
Leeds United,Burnley,1–0,5-2-7,3-4-6,2020
West Ham,Brighton,2–2,6-3-5,2-6-6,2020
Liverpool,West Brom,1–1,9-4-1,1-4-9,2020
Wolves,Tottenham,1–1,6-2-6,7-4-3,2020
Crystal Palace,Leicester City,1–1,5-3-7,9-1-5,2020
Chelsea,Aston Villa,1–1,7-4-4,8-1-4,2020
West Brom,Leeds United,0–5,1-5-9,6-2-7,2020
Southampton,West Ham,0–0,7-4-4,6-4-5,2020
Burnley,Sheffield Utd,1–0,3-4-7,0-2-13,2020
Brighton,Arsenal,0–1,2-7-6,5-2-8,2020
Manchester Utd,Wolves,1–0,8-3-3,6-3-6,2020
Newcastle Utd,Liverpool,0–0,5-3-6,9-5-1,2020
Everton,West Ham,0–1,9-2-4,6-5-5,2020
Manchester Utd,Aston Villa,2–1,9-3-3,8-2-4,2020
Tottenham,Leeds United,3–0,7-5-3,7-2-7,2020
Crystal Palace,Sheffield Utd,2–0,5-4-7,0-2-14,2020
Brighton,Wolves,3–3,2-7-7,6-3-7,2020
West Brom,Arsenal,0–4,1-5-10,6-2-8,2020
Newcastle Utd,Leicester City,1–2,5-4-6,9-2-5,2020
Chelsea,Manchester City,1–3,7-5-4,7-5-2,2020
Southampton,Liverpool,1–0,7-5-4,9-6-1,2020
Sheffield Utd,Newcastle Utd,1–0,0-2-15,5-4-7,2020
Burnley,Manchester Utd,0–1,4-4-7,10-3-3,2020
Wolves,Everton,1–2,6-4-7,9-2-5,2020
Manchester City,Brighton,1–0,8-5-2,2-8-7,2020
Tottenham,Fulham,1–1,8-5-3,2-5-8,2020
Arsenal,Crystal Palace,0–0,7-2-8,6-4-7,2020
Wolves,West Brom,2–3,6-4-8,1-5-11,2020
West Ham,Burnley,1–0,7-5-5,4-4-8,2020
Leeds United,Brighton,0–1,7-2-8,2-8-8,2020
Fulham,Chelsea,0–1,2-6-8,7-5-5,2020
Leicester City,Southampton,2–0,10-2-5,8-5-4,2020
Sheffield Utd,Tottenham,1–3,1-2-15,8-6-3,2020
Liverpool,Manchester Utd,0–0,9-6-2,11-3-3,2020
Manchester City,Crystal Palace,4–0,9-5-2,6-5-7,2020
Arsenal,Newcastle Utd,3–0,7-3-8,5-4-8,2020
West Ham,West Brom,2–1,8-5-5,2-5-11,2020
Leicester City,Chelsea,2–0,11-2-5,8-5-5,2020
Manchester City,Aston Villa,2–0,10-5-2,8-2-5,2020
Fulham,Manchester Utd,1–2,2-6-9,11-4-3,2020
Liverpool,Burnley,0–1,9-7-2,4-4-9,2020
Aston Villa,Newcastle Utd,2–0,8-2-6,5-4-9,2020
Newcastle Utd,Leeds United,1–2,5-4-10,7-2-9,2020
Crystal Palace,West Ham,2–3,6-5-8,9-5-5,2020
West Brom,Manchester City,0–5,2-5-12,11-5-2,2020
Southampton,Arsenal,1–3,8-5-5,8-3-8,2020
Chelsea,Wolves,0–0,8-5-6,6-4-9,2020
Burnley,Aston Villa,3–2,5-4-9,9-2-6,2020
Brighton,Fulham,0–0,3-8-8,2-6-10,2020
Everton,Leicester City,1–1,10-2-5,12-2-5,2020
Manchester Utd,Sheffield Utd,1–2,12-4-3,1-2-16,2020
Tottenham,Liverpool,1–3,9-6-3,9-7-3,2020
Everton,Newcastle Utd,0–2,10-3-5,5-4-11,2020
Crystal Palace,Wolves,1–0,6-5-9,6-5-9,2020
Manchester City,Sheffield Utd,1–0,12-5-2,2-2-16,2020
West Brom,Fulham,2–2,2-5-13,2-7-10,2020
Arsenal,Manchester Utd,0–0,9-3-8,12-4-4,2020
Southampton,Aston Villa,0–1,8-5-6,9-2-7,2020
Chelsea,Burnley,2–0,8-6-6,6-4-9,2020
Leicester City,Leeds United,1–3,12-3-5,8-2-9,2020
West Ham,Liverpool,1–3,10-5-5,10-7-3,2020
Brighton,Tottenham,1–0,3-9-8,9-6-4,2020
Sheffield Utd,West Brom,2–1,2-2-17,2-6-13,2020
Wolves,Arsenal,2–1,6-5-10,9-4-8,2020
Manchester Utd,Southampton,9–0,12-5-4,8-5-7,2020
Newcastle Utd,Crystal Palace,1–2,6-4-11,7-5-9,2020
Burnley,Manchester City,0–2,6-4-10,13-5-2,2020
Fulham,Leicester City,0–2,2-8-10,12-3-6,2020
Leeds United,Everton,1–2,9-2-9,10-3-6,2020
Liverpool,Brighton,0–1,11-7-3,4-9-8,2020
Aston Villa,West Ham,1–3,10-2-7,10-5-6,2020
Tottenham,Chelsea,0–1,9-6-5,9-6-6,2020
Aston Villa,Arsenal,1–0,10-2-8,9-4-9,2020
Burnley,Brighton,1–1,6-4-11,5-9-8,2020
Newcastle Utd,Southampton,3–2,6-4-12,8-5-8,2020
Fulham,West Ham,0–0,2-8-11,11-5-6,2020
Manchester Utd,Everton,3–3,13-5-4,11-3-6,2020
Tottenham,West Brom,2–0,9-6-6,2-6-14,2020
Wolves,Leicester City,0–0,7-5-10,13-3-6,2020
Liverpool,Manchester City,1–4,11-7-4,14-5-2,2020
Sheffield Utd,Chelsea,1–2,3-2-17,10-6-6,2020
Leeds United,Crystal Palace,2–0,9-2-10,8-5-9,2020
Leicester City,Liverpool,3–1,13-4-6,11-7-5,2020
Crystal Palace,Burnley,0–3,8-5-10,6-5-11,2020
Manchester City,Tottenham,3–0,15-5-2,10-6-6,2020
Brighton,Aston Villa,0–0,5-10-8,11-2-8,2020
Southampton,Wolves,1–2,8-5-9,7-6-10,2020
West Brom,Manchester Utd,1–1,2-6-15,13-6-4,2020
Arsenal,Leeds United,4–2,9-4-10,10-2-10,2020
Everton,Fulham,0–2,11-4-6,2-9-11,2020
West Ham,Sheffield Utd,3–0,11-6-6,3-2-18,2020
Chelsea,Newcastle Utd,2–0,11-6-6,7-4-12,2020
Burnley,Fulham,1–1,7-5-11,3-9-11,2020
Everton,Manchester City,1–3,11-4-7,16-5-2,2020
Wolves,Leeds United,1–0,8-6-10,10-2-11,2020
Southampton,Chelsea,1–1,8-5-10,12-6-6,2020
Burnley,West Brom,0–0,7-6-11,2-7-15,2020
Liverpool,Everton,0–2,11-7-6,11-4-8,2020
Fulham,Sheffield Utd,1–0,3-10-11,3-2-19,2020
West Ham,Tottenham,2–1,12-6-6,10-6-7,2020
Aston Villa,Leicester City,1–2,11-3-8,14-4-6,2020
Arsenal,Manchester City,0–1,10-4-10,17-5-2,2020
Manchester Utd,Newcastle Utd,3–1,13-7-4,7-4-13,2020
Brighton,Crystal Palace,1–2,5-11-8,8-5-11,2020
Leeds United,Southampton,3–0,10-2-12,8-6-10,2020
Manchester City,West Ham,2–1,18-5-2,13-6-6,2020
West Brom,Brighton,1–0,2-8-15,5-11-9,2020
Leeds United,Aston Villa,0–1,11-2-12,11-3-9,2020
Newcastle Utd,Wolves,1–1,7-4-14,9-6-10,2020
Crystal Palace,Fulham,0–0,9-5-11,4-10-11,2020
Leicester City,Arsenal,1–3,15-4-6,10-4-11,2020
Tottenham,Burnley,4–0,10-6-8,7-7-11,2020
Chelsea,Manchester Utd,0–0,12-7-6,14-7-4,2020
Sheffield Utd,Liverpool,0–2,3-2-20,11-7-7,2020
Everton,Southampton,1–0,12-4-8,8-6-11,2020
Manchester City,Wolves,4–1,19-5-2,9-7-10,2020
Sheffield Utd,Aston Villa,1–0,3-2-21,12-3-9,2020
Burnley,Leicester City,1–1,7-7-12,15-4-7,2020
Crystal Palace,Manchester Utd,0–0,9-6-11,14-8-4,2020
West Brom,Everton,0–1,3-8-15,13-4-8,2020
Fulham,Tottenham,0–1,4-11-11,11-6-8,2020
Liverpool,Chelsea,0–1,12-7-7,12-8-6,2020
Burnley,Arsenal,1–1,7-8-12,11-4-11,2020
Sheffield Utd,Southampton,0–2,4-2-21,8-6-12,2020
Aston Villa,Wolves,0–0,12-3-10,9-7-11,2020
Brighton,Leicester City,1–2,5-11-10,15-5-7,2020
West Brom,Newcastle Utd,0–0,3-8-16,7-5-14,2020
Liverpool,Fulham,0–1,12-7-8,4-11-12,2020
Manchester City,Manchester Utd,0–2,20-5-2,14-9-4,2020
Tottenham,Crystal Palace,4–1,12-6-8,9-7-11,2020
Chelsea,Everton,2–0,13-8-6,14-4-8,2020
West Ham,Leeds United,2–0,13-6-7,11-2-13,2020
Manchester City,Southampton,5–2,20-5-3,9-6-12,2020
Newcastle Utd,Aston Villa,1–1,7-6-14,12-4-10,2020
Leeds United,Chelsea,0–0,11-2-14,14-8-6,2020
Crystal Palace,West Brom,1–0,9-7-12,3-9-16,2020
Everton,Burnley,1–2,14-4-9,7-9-12,2020
Fulham,Manchester City,0–3,5-11-12,21-5-3,2020
Southampton,Brighton,1–2,9-6-13,5-11-11,2020
Leicester City,Sheffield Utd,5–0,16-5-7,4-2-22,2020
Arsenal,Tottenham,2–1,11-5-11,13-6-8,2020
Manchester Utd,West Ham,1–0,15-9-4,14-6-7,2020
Wolves,Liverpool,0–1,9-8-11,12-7-9,2020
Fulham,Leeds United,1–2,5-11-13,11-3-14,2020
Brighton,Newcastle Utd,3–0,6-11-11,7-7-14,2020
West Ham,Arsenal,3–3,14-6-8,12-5-11,2020
Aston Villa,Tottenham,0–2,12-5-10,13-6-9,2020
Chelsea,West Brom,2–5,14-9-6,3-9-17,2020
Leeds United,Sheffield Utd,2–1,12-3-14,4-2-23,2020
Leicester City,Manchester City,0–2,17-5-7,22-5-3,2020
Arsenal,Liverpool,0–3,12-6-11,13-7-9,2020
Southampton,Burnley,3–2,9-6-14,8-9-12,2020
Newcastle Utd,Tottenham,2–2,7-7-15,14-6-9,2020
Aston Villa,Fulham,3–1,12-5-11,5-11-14,2020
Manchester Utd,Brighton,2–1,16-9-4,7-11-11,2020
Everton,Crystal Palace,1–1,14-4-10,10-7-12,2020
Wolves,West Ham,2–3,9-8-12,14-7-8,2020
Fulham,Wolves,0–1,5-11-15,9-8-13,2020
Manchester City,Leeds United,1–2,23-5-3,13-3-14,2020
Liverpool,Aston Villa,2–1,14-7-9,13-5-11,2020
Crystal Palace,Chelsea,1–4,10-8-12,14-9-7,2020
Burnley,Newcastle Utd,1–2,8-9-13,7-8-15,2020
West Ham,Leicester City,3–2,15-7-8,17-5-8,2020
Tottenham,Manchester Utd,1–3,14-7-9,17-9-4,2020
Sheffield Utd,Arsenal,0–3,4-2-24,12-6-12,2020
West Brom,Southampton,3–0,4-9-17,10-6-14,2020
Brighton,Everton,0–0,7-11-12,14-5-10,2020
Everton,Tottenham,2–2,14-6-10,14-7-10,2020
Newcastle Utd,West Ham,3–2,8-8-15,16-7-8,2020
Wolves,Sheffield Utd,1–0,10-8-13,4-2-25,2020
Arsenal,Fulham,1–1,13-6-12,5-11-16,2020
Manchester Utd,Burnley,3–1,18-9-4,8-9-14,2020
Leeds United,Liverpool,1–1,14-3-14,15-7-9,2020
Chelsea,Brighton,0–0,15-9-7,7-12-12,2020
Tottenham,Southampton,2–1,14-8-10,10-6-15,2020
Aston Villa,Manchester City,1–2,13-5-12,23-5-4,2020
Leicester City,West Brom,3–0,17-5-9,5-9-17,2020
Arsenal,Everton,0–1,13-7-12,14-7-10,2020
Liverpool,Newcastle Utd,1–1,15-8-9,9-8-15,2020
West Ham,Chelsea,0–1,16-7-9,15-10-7,2020
Sheffield Utd,Brighton,1–0,4-2-26,7-13-12,2020
Wolves,Burnley,0–4,11-8-13,8-9-15,2020
Leeds United,Manchester Utd,0–0,14-4-14,19-9-4,2020
Aston Villa,West Brom,2–2,13-5-13,5-9-18,2020
Leicester City,Crystal Palace,2–1,18-5-9,10-8-13,2020
Southampton,Leicester City,1–1,10-6-16,19-5-9,2020
Crystal Palace,Manchester City,0–2,10-8-14,24-5-4,2020
Brighton,Leeds United,2–0,7-13-13,14-5-14,2020
Chelsea,Fulham,2–0,16-10-7,5-12-16,2020
Everton,Aston Villa,1–2,15-7-10,13-6-13,2020
Newcastle Utd,Arsenal,0–2,9-9-15,13-7-13,2020
Tottenham,Sheffield Utd,4–0,15-8-10,5-2-26,2020
West Brom,Wolves,1–1,5-10-18,11-8-14,2020
Burnley,West Ham,1–2,9-9-15,16-7-10,2020
Leicester City,Newcastle Utd,2–4,19-6-9,9-9-16,2020
Leeds United,Tottenham,3–1,14-5-15,16-8-10,2020
Sheffield Utd,Crystal Palace,0–2,5-2-27,10-8-15,2020
Manchester City,Chelsea,1–2,25-5-4,17-10-7,2020
Liverpool,Southampton,2–0,15-9-9,10-7-16,2020
Wolves,Brighton,2–1,11-9-14,8-13-13,2020
Aston Villa,Manchester Utd,1–3,14-6-13,19-10-4,2020
West Ham,Everton,0–1,17-7-10,15-7-11,2020
Arsenal,West Brom,3–1,14-7-13,5-11-18,2020
Fulham,Burnley,0–2,5-12-17,9-9-16,2020
Manchester Utd,Leicester City,1–2,20-10-4,19-6-10,2020
Southampton,Crystal Palace,3–1,10-7-17,11-8-15,2020
Chelsea,Arsenal,0–1,18-10-7,15-7-13,2020
Aston Villa,Everton,0–0,14-6-14,16-7-11,2020
Manchester Utd,Liverpool,2–4,20-10-5,16-9-9,2020
Newcastle Utd,Manchester City,3–4,10-9-16,25-5-5,2020
Burnley,Leeds United,0–4,10-9-16,15-5-15,2020
Southampton,Fulham,3–1,11-7-17,5-12-18,2020
Brighton,West Ham,1–1,8-13-14,17-7-11,2020
Crystal Palace,Aston Villa,3–2,11-8-16,14-7-14,2020
Tottenham,Wolves,2–0,16-8-11,12-9-14,2020
West Brom,Liverpool,1–2,5-11-19,17-9-9,2020
Everton,Sheffield Utd,0–1,16-8-11,5-2-28,2020
Manchester Utd,Fulham,1–1,20-10-6,5-12-19,2020
Southampton,Leeds United,0–2,12-7-17,16-5-15,2020
Brighton,Manchester City,3–2,8-14-14,26-5-5,2020
Chelsea,Leicester City,2–1,18-10-8,20-6-10,2020
Newcastle Utd,Sheffield Utd,1–0,10-9-17,6-2-28,2020
Tottenham,Aston Villa,1–2,17-8-11,14-7-15,2020
Everton,Wolves,1–0,16-8-12,12-9-15,2020
Crystal Palace,Arsenal,1–3,12-8-16,16-7-13,2020
Burnley,Liverpool,0–3,10-9-17,18-9-9,2020
West Brom,West Ham,1–3,5-11-20,17-8-11,2020
Aston Villa,Chelsea,2–1,15-7-15,19-10-8,2020
Leicester City,Tottenham,2–4,20-6-11,17-8-12,2020
Manchester City,Everton,5–0,26-5-6,17-8-12,2020
Sheffield Utd,Burnley,1–0,6-2-29,10-9-18,2020
Wolves,Manchester Utd,1–2,12-9-16,20-11-6,2020
West Ham,Southampton,3–0,18-8-11,12-7-18,2020
Leeds United,West Brom,3–1,17-5-15,5-11-21,2020
Arsenal,Brighton,2–0,17-7-13,9-14-14,2020
Liverpool,Crystal Palace,2–0,19-9-9,12-8-17,2020
Fulham,Newcastle Utd,0–2,5-13-19,11-9-17,2020
Liverpool,Norwich City,4–1,0-0-0,0-0-0,2019
West Ham,Manchester City,0–5,0-0-0,0-0-0,2019
Burnley,Southampton,3–0,0-0-0,0-0-0,2019
Watford,Brighton,0–3,0-0-0,0-0-0,2019
Crystal Palace,Everton,0–0,0-0-0,0-0-0,2019
Bournemouth,Sheffield Utd,1–1,0-0-0,0-0-0,2019
Tottenham,Aston Villa,3–1,0-0-0,0-0-0,2019
Newcastle Utd,Arsenal,0–1,0-0-0,0-0-0,2019
Leicester City,Wolves,0–0,0-0-0,0-0-0,2019
Manchester Utd,Chelsea,4–0,0-0-0,0-0-0,2019
Arsenal,Burnley,2–1,1-0-0,1-0-0,2019
Norwich City,Newcastle Utd,3–1,0-0-1,0-0-1,2019
Aston Villa,Bournemouth,1–2,0-0-1,0-1-0,2019
Brighton,West Ham,1–1,1-0-0,0-0-1,2019
Southampton,Liverpool,1–2,0-0-1,1-0-0,2019
Everton,Watford,1–0,0-1-0,0-0-1,2019
Manchester City,Tottenham,2–2,1-0-0,1-0-0,2019
Sheffield Utd,Crystal Palace,1–0,0-1-0,0-1-0,2019
Chelsea,Leicester City,1–1,0-0-1,0-1-0,2019
Wolves,Manchester Utd,1–1,0-1-0,1-0-0,2019
Aston Villa,Everton,2–0,0-0-2,1-1-0,2019
Norwich City,Chelsea,2–3,1-0-1,0-1-1,2019
Sheffield Utd,Leicester City,1–2,1-1-0,0-2-0,2019
Manchester Utd,Crystal Palace,1–2,1-1-0,0-1-1,2019
Watford,West Ham,1–3,0-0-2,0-1-1,2019
Brighton,Southampton,0–2,1-1-0,0-0-2,2019
Liverpool,Arsenal,3–1,2-0-0,2-0-0,2019
Bournemouth,Manchester City,1–3,1-1-0,1-1-0,2019
Wolves,Burnley,1–1,0-2-0,1-0-1,2019
Tottenham,Newcastle Utd,0–1,1-1-0,0-0-2,2019
Southampton,Manchester Utd,1–1,1-0-2,1-1-1,2019
West Ham,Norwich City,2–0,1-1-1,1-0-2,2019
Crystal Palace,Aston Villa,1–0,1-1-1,1-0-2,2019
Leicester City,Bournemouth,3–1,1-2-0,1-1-1,2019
Chelsea,Sheffield Utd,2–2,1-1-1,1-1-1,2019
Newcastle Utd,Watford,1–1,1-0-2,0-0-3,2019
Manchester City,Brighton,4–0,2-1-0,1-1-1,2019
Burnley,Liverpool,0–3,1-1-1,3-0-0,2019
Everton,Wolves,3–2,1-1-1,0-3-0,2019
Arsenal,Tottenham,2–2,2-0-1,1-1-1,2019
Liverpool,Newcastle Utd,3–1,4-0-0,1-1-2,2019
Wolves,Chelsea,2–5,0-3-1,1-2-1,2019
Brighton,Burnley,1–1,1-1-2,1-1-2,2019
Tottenham,Crystal Palace,4–0,1-2-1,2-1-1,2019
Manchester Utd,Leicester City,1–0,1-2-1,2-2-0,2019
Sheffield Utd,Southampton,0–1,1-2-1,1-1-2,2019
Norwich City,Manchester City,3–2,1-0-3,3-1-0,2019
Bournemouth,Everton,3–1,1-1-2,2-1-1,2019
Watford,Arsenal,2–2,0-1-3,2-1-1,2019
Aston Villa,West Ham,0–0,1-0-3,2-1-1,2019
Southampton,Bournemouth,1–3,2-1-2,2-1-2,2019
Leicester City,Tottenham,2–1,2-2-1,2-2-1,2019
Manchester City,Watford,8–0,3-1-1,0-2-3,2019
Everton,Sheffield Utd,0–2,2-1-2,1-2-2,2019
Burnley,Norwich City,2–0,1-2-2,2-0-3,2019
Newcastle Utd,Brighton,0–0,1-1-3,1-2-2,2019
Crystal Palace,Wolves,1–1,2-1-2,0-3-2,2019
West Ham,Manchester Utd,2–0,2-2-1,2-2-1,2019
Chelsea,Liverpool,1–2,2-2-1,5-0-0,2019
Arsenal,Aston Villa,3–2,2-2-1,1-1-3,2019
Sheffield Utd,Liverpool,0–1,2-2-2,6-0-0,2019
Chelsea,Brighton,2–0,2-2-2,1-3-2,2019
Tottenham,Southampton,2–1,2-2-2,2-1-3,2019
Aston Villa,Burnley,2–2,1-1-4,2-2-2,2019
Crystal Palace,Norwich City,2–0,2-2-2,2-0-4,2019
Wolves,Watford,2–0,0-4-2,0-2-4,2019
Bournemouth,West Ham,2–2,3-1-2,3-2-1,2019
Everton,Manchester City,1–3,2-1-3,4-1-1,2019
Leicester City,Newcastle Utd,5–0,3-2-1,1-2-3,2019
Manchester Utd,Arsenal,1–1,2-2-2,3-2-1,2019
Brighton,Tottenham,3–0,1-3-3,3-2-2,2019
Watford,Sheffield Utd,0–0,0-2-5,2-2-3,2019
Burnley,Everton,1–0,2-3-2,2-1-4,2019
Liverpool,Leicester City,2–1,7-0-0,4-2-1,2019
Norwich City,Aston Villa,1–5,2-0-5,1-2-4,2019
West Ham,Crystal Palace,1–2,3-3-1,3-2-2,2019
Manchester City,Wolves,0–2,5-1-1,1-4-2,2019
Southampton,Chelsea,1–4,2-1-4,3-2-2,2019
Arsenal,Bournemouth,1–0,3-3-1,3-2-2,2019
Newcastle Utd,Manchester Utd,1–0,1-2-4,2-3-2,2019
Everton,West Ham,2–0,2-1-5,3-3-2,2019
Aston Villa,Brighton,2–1,2-2-4,2-3-3,2019
Leicester City,Burnley,2–1,4-2-2,3-3-2,2019
Tottenham,Watford,1–1,3-2-3,0-3-5,2019
Wolves,Southampton,1–1,2-4-2,2-1-5,2019
Chelsea,Newcastle Utd,1–0,4-2-2,2-2-4,2019
Bournemouth,Norwich City,0–0,3-2-3,2-0-6,2019
Crystal Palace,Manchester City,0–2,4-2-2,5-1-2,2019
Manchester Utd,Liverpool,1–1,2-3-3,8-0-0,2019
Sheffield Utd,Arsenal,1–0,2-3-3,4-3-1,2019
Southampton,Leicester City,0–9,2-2-5,5-2-2,2019
Manchester City,Aston Villa,3–0,6-1-2,3-2-4,2019
Watford,Bournemouth,0–0,0-4-5,3-3-3,2019
West Ham,Sheffield Utd,1–1,3-3-3,3-3-3,2019
Brighton,Everton,3–2,2-3-4,3-1-5,2019
Burnley,Chelsea,2–4,3-3-3,5-2-2,2019
Newcastle Utd,Wolves,1–1,2-2-5,2-5-2,2019
Arsenal,Crystal Palace,2–2,4-3-2,4-2-3,2019
Liverpool,Tottenham,2–1,8-1-0,3-3-3,2019
Norwich City,Manchester Utd,1–3,2-1-6,2-4-3,2019
Bournemouth,Manchester Utd,1–0,3-4-3,3-4-3,2019
Sheffield Utd,Burnley,3–0,3-4-3,3-3-4,2019
Brighton,Norwich City,2–0,3-3-4,2-1-7,2019
Aston Villa,Liverpool,1–2,3-2-5,9-1-0,2019
Arsenal,Wolves,1–1,4-4-2,2-6-2,2019
West Ham,Newcastle Utd,2–3,3-4-3,2-3-5,2019
Manchester City,Southampton,2–1,7-1-2,2-2-6,2019
Watford,Chelsea,1–2,0-5-5,6-2-2,2019
Crystal Palace,Leicester City,0–2,4-3-3,6-2-2,2019
Everton,Tottenham,1–1,3-1-6,3-3-4,2019
Norwich City,Watford,0–2,2-1-8,0-5-6,2019
Chelsea,Crystal Palace,2–0,7-2-2,4-3-4,2019
Southampton,Everton,1–2,2-2-7,3-2-6,2019
Burnley,West Ham,3–0,3-3-5,3-4-4,2019
Newcastle Utd,Bournemouth,2–1,3-3-5,4-4-3,2019
Tottenham,Sheffield Utd,1–1,3-4-4,4-4-3,2019
Leicester City,Arsenal,2–0,7-2-2,4-5-2,2019
Manchester Utd,Brighton,3–1,3-4-4,4-3-4,2019
Wolves,Aston Villa,2–1,2-7-2,3-2-6,2019
Liverpool,Manchester City,3–1,10-1-0,8-1-2,2019
West Ham,Tottenham,2–3,3-4-5,3-5-4,2019
Crystal Palace,Liverpool,1–2,4-3-5,11-1-0,2019
Arsenal,Southampton,2–2,4-5-3,2-2-8,2019
Bournemouth,Wolves,1–2,4-4-4,3-7-2,2019
Everton,Norwich City,0–2,4-2-6,2-1-9,2019
Brighton,Leicester City,0–2,4-3-5,8-2-2,2019
Watford,Burnley,0–3,1-5-6,4-3-5,2019
Manchester City,Chelsea,2–1,8-1-3,8-2-2,2019
Sheffield Utd,Manchester Utd,3–3,4-5-3,4-4-4,2019
Aston Villa,Newcastle Utd,2–0,3-2-7,4-3-5,2019
Newcastle Utd,Manchester City,2–2,4-3-6,9-1-3,2019
Tottenham,Bournemouth,3–2,4-5-4,4-4-5,2019
Liverpool,Brighton,2–1,12-1-0,4-3-6,2019
Burnley,Crystal Palace,0–2,5-3-5,4-3-6,2019
Chelsea,West Ham,0–1,8-2-3,3-4-6,2019
Southampton,Watford,2–1,2-3-8,1-5-7,2019
Norwich City,Arsenal,2–2,3-1-9,4-6-3,2019
Wolves,Sheffield Utd,1–1,4-7-2,4-6-3,2019
Leicester City,Everton,2–1,9-2-2,4-2-7,2019
Manchester Utd,Aston Villa,2–2,4-5-4,4-2-7,2019
Crystal Palace,Bournemouth,1–0,5-3-6,4-4-6,2019
Burnley,Manchester City,1–4,5-3-6,9-2-3,2019
Wolves,West Ham,2–0,4-8-2,4-4-6,2019
Southampton,Norwich City,2–1,3-3-8,3-2-9,2019
Chelsea,Aston Villa,2–1,8-2-4,4-3-7,2019
Manchester Utd,Tottenham,2–1,4-6-4,5-5-4,2019
Leicester City,Watford,2–0,10-2-2,1-5-8,2019
Liverpool,Everton,5–2,13-1-0,4-2-8,2019
Sheffield Utd,Newcastle Utd,0–2,4-7-3,4-4-6,2019
Arsenal,Brighton,1–2,4-7-3,4-3-7,2019
Everton,Chelsea,3–1,4-2-9,9-2-4,2019
Tottenham,Burnley,5–0,5-5-5,5-3-7,2019
Watford,Crystal Palace,0–0,1-5-9,6-3-6,2019
Bournemouth,Liverpool,0–3,4-4-7,14-1-0,2019
Manchester City,Manchester Utd,1–2,10-2-3,5-6-4,2019
Norwich City,Sheffield Utd,1–2,3-2-10,4-7-4,2019
Aston Villa,Leicester City,1–4,4-3-8,11-2-2,2019
Newcastle Utd,Southampton,2–1,5-4-6,4-3-8,2019
Brighton,Wolves,2–2,5-3-7,5-8-2,2019
West Ham,Arsenal,1–3,4-4-7,4-7-4,2019
Liverpool,Watford,2–0,15-1-0,1-6-9,2019
Leicester City,Norwich City,1–1,12-2-2,3-2-11,2019
Burnley,Newcastle Utd,1–0,5-3-8,6-4-6,2019
Sheffield Utd,Aston Villa,2–0,5-7-4,4-3-9,2019
Chelsea,Bournemouth,0–1,9-2-5,4-4-8,2019
Southampton,West Ham,0–1,4-3-9,4-4-8,2019
Manchester Utd,Everton,1–1,6-6-4,5-2-9,2019
Wolves,Tottenham,1–2,5-9-2,6-5-5,2019
Arsenal,Manchester City,0–3,5-7-4,10-2-4,2019
Crystal Palace,Brighton,1–1,6-4-6,5-4-7,2019
Everton,Arsenal,0–0,5-3-9,5-7-5,2019
Norwich City,Wolves,1–2,3-3-11,5-9-3,2019
Brighton,Sheffield Utd,0–1,5-5-7,6-7-4,2019
Newcastle Utd,Crystal Palace,1–0,6-4-7,6-5-6,2019
Aston Villa,Southampton,1–3,4-3-10,4-3-10,2019
Bournemouth,Burnley,0–1,5-4-8,6-3-8,2019
Manchester City,Leicester City,3–1,11-2-4,12-3-2,2019
Watford,Manchester Utd,2–0,1-6-10,6-7-4,2019
Tottenham,Chelsea,0–2,7-5-5,9-2-6,2019
Tottenham,Brighton,2–1,7-5-6,5-5-8,2019
Aston Villa,Norwich City,1–0,4-3-11,3-3-12,2019
Crystal Palace,West Ham,2–1,6-5-7,5-4-8,2019
Bournemouth,Arsenal,1–1,5-4-9,5-8-5,2019
Sheffield Utd,Watford,1–1,7-7-4,2-6-10,2019
Everton,Burnley,1–0,5-4-9,7-3-8,2019
Chelsea,Southampton,0–2,10-2-6,5-3-10,2019
Manchester Utd,Newcastle Utd,4–1,6-7-5,7-4-7,2019
Leicester City,Liverpool,0–4,12-3-3,16-1-0,2019
Wolves,Manchester City,3–2,6-9-3,12-2-4,2019
Brighton,Bournemouth,2–0,5-5-9,5-5-9,2019
Watford,Aston Villa,3–0,2-7-10,5-3-11,2019
Newcastle Utd,Everton,1–2,7-4-8,6-4-9,2019
Southampton,Crystal Palace,1–1,6-3-10,7-5-7,2019
West Ham,Leicester City,1–2,5-4-9,12-3-4,2019
Norwich City,Tottenham,2–2,3-3-13,8-5-6,2019
Burnley,Manchester Utd,0–2,7-3-9,7-7-5,2019
Arsenal,Chelsea,1–2,5-9-5,10-2-7,2019
Liverpool,Wolves,1–0,17-1-0,7-9-3,2019
Manchester City,Sheffield Utd,2–0,12-2-5,7-8-4,2019
Brighton,Chelsea,1–1,6-5-9,11-2-7,2019
Burnley,Aston Villa,1–2,7-3-10,5-3-12,2019
Newcastle Utd,Leicester City,0–3,7-4-9,13-3-4,2019
Southampton,Tottenham,1–0,6-4-10,8-6-6,2019
Watford,Wolves,2–1,3-7-10,7-9-4,2019
Norwich City,Crystal Palace,1–1,3-4-13,7-6-7,2019
West Ham,Bournemouth,4–0,5-4-10,5-5-10,2019
Manchester City,Everton,2–1,13-2-5,7-4-9,2019
Arsenal,Manchester Utd,2–0,5-9-6,8-7-5,2019
Liverpool,Sheffield Utd,2–0,18-1-0,7-8-5,2019
Sheffield Utd,West Ham,1–0,7-8-6,6-4-10,2019
Crystal Palace,Arsenal,1–1,7-7-7,6-9-6,2019
Chelsea,Burnley,3–0,11-3-7,7-3-11,2019
Everton,Brighton,1–0,7-4-10,6-6-9,2019
Leicester City,Southampton,1–2,14-3-4,7-4-10,2019
Wolves,Newcastle Utd,1–1,7-9-5,7-4-10,2019
Manchester Utd,Norwich City,4–0,8-7-6,3-5-13,2019
Tottenham,Liverpool,0–1,8-6-7,19-1-0,2019
Bournemouth,Watford,0–3,5-5-11,4-7-10,2019
Aston Villa,Manchester City,1–6,6-3-12,14-2-5,2019
Watford,Tottenham,0–0,5-7-10,8-6-8,2019
Arsenal,Sheffield Utd,1–1,6-10-6,8-8-6,2019
Norwich City,Bournemouth,1–0,3-5-14,5-5-12,2019
Manchester City,Crystal Palace,2–2,15-2-5,7-8-7,2019
Southampton,Wolves,2–3,8-4-10,7-10-5,2019
Brighton,Aston Villa,1–1,6-6-10,6-3-13,2019
West Ham,Everton,1–1,6-4-11,8-4-10,2019
Newcastle Utd,Chelsea,1–0,7-5-10,12-3-7,2019
Burnley,Leicester City,2–1,7-3-12,14-3-5,2019
Liverpool,Manchester Utd,2–0,20-1-0,9-7-6,2019
Crystal Palace,Southampton,0–2,7-9-7,8-4-11,2019
Everton,Newcastle Utd,2–2,8-5-10,8-5-10,2019
Aston Villa,Watford,2–1,6-4-13,5-8-10,2019
Sheffield Utd,Manchester City,0–1,8-9-6,15-3-5,2019
Bournemouth,Brighton,3–1,5-5-13,6-7-10,2019
Chelsea,Arsenal,2–2,12-3-8,6-11-6,2019
Leicester City,West Ham,4–1,14-3-6,6-5-11,2019
Tottenham,Norwich City,2–1,8-7-8,4-5-14,2019
Manchester Utd,Burnley,0–2,9-7-7,8-3-12,2019
Wolves,Liverpool,1–2,8-10-5,21-1-0,2019
West Ham,Liverpool,0–2,6-5-12,22-1-0,2019
Leicester City,Chelsea,2–2,15-3-6,12-4-8,2019
West Ham,Brighton,3–3,6-5-13,6-7-11,2019
Watford,Everton,2–3,5-8-11,8-6-10,2019
Crystal Palace,Sheffield Utd,0–1,7-9-8,8-9-7,2019
Liverpool,Southampton,4–0,23-1-0,9-4-11,2019
Bournemouth,Aston Villa,2–1,6-5-13,7-4-13,2019
Newcastle Utd,Norwich City,0–0,8-6-10,4-5-15,2019
Manchester Utd,Wolves,0–0,9-7-8,8-10-6,2019
Burnley,Arsenal,0–0,9-3-12,6-12-6,2019
Tottenham,Manchester City,2–0,9-7-8,16-3-5,2019
Everton,Crystal Palace,3–1,9-6-10,7-9-9,2019
Brighton,Watford,1–1,6-8-11,5-8-12,2019
Sheffield Utd,Bournemouth,2–1,9-9-7,7-5-13,2019
Wolves,Leicester City,0–0,8-11-6,15-4-6,2019
Southampton,Burnley,1–2,9-4-12,9-4-12,2019
Norwich City,Liverpool,0–1,4-6-15,24-1-0,2019
Aston Villa,Tottenham,2–3,7-4-14,10-7-8,2019
Arsenal,Newcastle Utd,4–0,6-13-6,8-7-10,2019
Chelsea,Manchester Utd,0–2,12-5-8,9-8-8,2019
Manchester City,West Ham,2–0,16-3-6,6-6-13,2019
Chelsea,Tottenham,2–1,12-5-9,11-7-8,2019
Crystal Palace,Newcastle Utd,1–0,7-9-10,8-7-11,2019
Southampton,Aston Villa,2–0,9-4-13,7-4-15,2019
Burnley,Bournemouth,3–0,10-4-12,7-5-14,2019
Sheffield Utd,Brighton,1–1,10-9-7,6-9-11,2019
Leicester City,Manchester City,0–1,15-5-6,17-3-6,2019
Wolves,Norwich City,3–0,8-12-6,4-6-16,2019
Manchester Utd,Watford,3–0,10-8-8,5-9-12,2019
Arsenal,Everton,3–2,7-13-6,10-6-10,2019
Liverpool,West Ham,3–2,25-1-0,6-6-14,2019
Norwich City,Leicester City,1–0,4-6-17,15-5-7,2019
Brighton,Crystal Palace,0–1,6-10-11,8-9-10,2019
West Ham,Southampton,3–1,6-6-15,10-4-13,2019
Bournemouth,Chelsea,2–2,7-5-15,13-5-9,2019
Newcastle Utd,Burnley,0–0,8-7-12,11-4-12,2019
Watford,Liverpool,3–0,5-9-13,26-1-0,2019
Tottenham,Wolves,2–3,11-7-9,9-12-6,2019
Everton,Manchester Utd,1–1,10-6-11,11-8-8,2019
Liverpool,Bournemouth,2–1,26-1-1,7-6-15,2019
Wolves,Brighton,0–0,10-12-6,6-10-12,2019
Crystal Palace,Watford,1–0,9-9-10,6-9-13,2019
Southampton,Newcastle Utd,0–1,10-4-14,8-8-12,2019
Arsenal,West Ham,1–0,8-13-6,7-6-15,2019
Sheffield Utd,Norwich City,1–0,10-10-7,5-6-17,2019
Burnley,Tottenham,1–1,11-5-12,11-7-10,2019
Chelsea,Everton,4–0,13-6-9,10-7-11,2019
Manchester Utd,Manchester City,2–0,11-9-8,18-3-6,2019
Leicester City,Aston Villa,4–0,15-5-8,7-4-16,2019
Aston Villa,Sheffield Utd,0–0,7-4-17,11-10-7,2019
Manchester City,Arsenal,3–0,18-3-7,9-13-6,2019
Norwich City,Southampton,0–3,5-6-18,10-4-15,2019
Tottenham,Manchester Utd,1–1,11-8-10,12-9-8,2019
Watford,Leicester City,1–1,6-9-14,16-5-8,2019
Brighton,Arsenal,2–1,6-11-12,9-13-7,2019
West Ham,Wolves,0–2,7-6-16,10-13-6,2019
Bournemouth,Crystal Palace,0–2,7-6-16,10-9-10,2019
Newcastle Utd,Sheffield Utd,3–0,9-8-12,11-11-7,2019
Aston Villa,Chelsea,1–2,7-5-17,14-6-9,2019
Everton,Liverpool,0–0,10-7-12,27-1-1,2019
Manchester City,Burnley,5–0,19-3-7,11-6-12,2019
Leicester City,Brighton,0–0,16-6-8,7-11-12,2019
Tottenham,West Ham,2–0,11-9-10,7-6-17,2019
Norwich City,Everton,0–1,5-6-19,10-8-12,2019
Wolves,Bournemouth,1–0,11-13-6,7-6-17,2019
Manchester Utd,Sheffield Utd,3–0,12-10-8,11-11-8,2019
Newcastle Utd,Aston Villa,1–1,10-8-12,7-5-18,2019
Liverpool,Crystal Palace,4–0,27-2-1,11-9-10,2019
Southampton,Arsenal,0–2,11-4-15,9-13-8,2019
Burnley,Watford,1–0,11-6-13,6-10-14,2019
Chelsea,Manchester City,2–1,15-6-9,20-3-7,2019
Aston Villa,Wolves,0–1,7-6-18,12-13-6,2019
Watford,Southampton,1–3,6-10-15,11-4-16,2019
Crystal Palace,Burnley,0–1,11-9-11,12-6-13,2019
Brighton,Manchester Utd,0–3,7-12-12,13-10-8,2019
Bournemouth,Newcastle Utd,1–4,7-6-18,10-9-12,2019
Everton,Leicester City,2–1,11-8-12,16-7-8,2019
Arsenal,Norwich City,4–0,10-13-8,5-6-20,2019
West Ham,Chelsea,3–2,7-6-18,16-6-9,2019
Sheffield Utd,Tottenham,3–1,11-11-9,12-9-10,2019
Manchester City,Liverpool,4–0,20-3-8,28-2-1,2019
Norwich City,Brighton,0–1,5-6-21,7-12-13,2019
Leicester City,Crystal Palace,3–0,16-7-9,11-9-12,2019
Manchester Utd,Bournemouth,5–2,14-10-8,7-6-19,2019
Wolves,Arsenal,0–2,13-13-6,11-13-8,2019
Chelsea,Watford,3–0,16-6-10,6-10-16,2019
Burnley,Sheffield Utd,1–1,13-6-13,12-11-9,2019
Newcastle Utd,West Ham,2–2,11-9-12,8-6-18,2019
Liverpool,Aston Villa,2–0,28-2-2,7-6-19,2019
Southampton,Manchester City,1–0,12-4-16,21-3-8,2019
Tottenham,Everton,1–0,12-9-11,12-8-12,2019
Crystal Palace,Chelsea,2–3,11-9-13,17-6-10,2019
Watford,Norwich City,2–1,6-10-17,5-6-22,2019
Arsenal,Leicester City,1–1,12-13-8,17-7-9,2019
Manchester City,Newcastle Utd,5–0,21-3-9,11-10-12,2019
West Ham,Burnley,0–1,8-7-18,13-7-13,2019
Sheffield Utd,Wolves,1–0,12-12-9,13-13-7,2019
Brighton,Liverpool,1–3,8-12-13,29-2-2,2019
Everton,Southampton,1–1,12-8-13,13-4-16,2019
Bournemouth,Tottenham,0–0,7-6-20,13-9-11,2019
Aston Villa,Manchester Utd,0–3,7-6-20,15-10-8,2019
Norwich City,West Ham,0–4,5-6-23,8-7-19,2019
Watford,Newcastle Utd,2–1,7-10-17,11-10-13,2019
Liverpool,Burnley,1–1,30-2-2,14-7-13,2019
Sheffield Utd,Chelsea,3–0,13-12-9,18-6-10,2019
Brighton,Manchester City,0–5,8-12-14,22-3-9,2019
Wolves,Everton,3–0,13-13-8,12-9-13,2019
Aston Villa,Crystal Palace,2–0,7-6-21,11-9-14,2019
Tottenham,Arsenal,2–1,13-10-11,12-14-8,2019
Bournemouth,Leicester City,4–1,7-7-20,17-8-9,2019
Manchester Utd,Southampton,2–2,16-10-8,13-5-16,2019
Chelsea,Norwich City,1–0,18-6-11,5-6-24,2019
Newcastle Utd,Tottenham,1–3,11-10-14,14-10-11,2019
Burnley,Wolves,1–1,14-8-13,14-13-8,2019
Manchester City,Bournemouth,2–1,23-3-9,8-7-20,2019
Arsenal,Liverpool,2–1,12-14-9,30-3-2,2019
Leicester City,Sheffield Utd,2–0,17-8-10,14-12-9,2019
Everton,Aston Villa,1–1,12-9-14,8-6-21,2019
Crystal Palace,Manchester Utd,0–2,11-9-15,16-11-8,2019
Southampton,Brighton,1–1,13-6-16,8-12-15,2019
West Ham,Watford,3–1,9-7-19,8-10-17,2019
Norwich City,Burnley,0–2,5-6-25,14-9-13,2019
Bournemouth,Southampton,0–2,8-7-21,13-7-16,2019
Tottenham,Leicester City,3–0,15-10-11,18-8-10,2019
Brighton,Newcastle Utd,0–0,8-13-15,11-10-15,2019
Sheffield Utd,Everton,0–1,14-12-10,12-10-14,2019
Wolves,Crystal Palace,2–0,14-14-8,11-9-16,2019
Watford,Manchester City,0–4,8-10-18,24-3-9,2019
Aston Villa,Arsenal,1–0,8-7-21,13-14-9,2019
Manchester Utd,West Ham,1–1,17-11-8,10-7-19,2019
Liverpool,Chelsea,5–3,30-3-3,19-6-11,2019
Everton,Bournemouth,1–3,13-10-14,8-7-22,2019
Leicester City,Manchester Utd,0–2,18-8-11,17-12-8,2019
Southampton,Sheffield Utd,3–1,14-7-16,14-12-11,2019
Arsenal,Watford,3–2,13-14-10,8-10-19,2019
Crystal Palace,Tottenham,1–1,11-9-17,16-10-11,2019
Manchester City,Norwich City,5–0,25-3-9,5-6-26,2019
Chelsea,Wolves,2–0,19-6-12,15-14-8,2019
West Ham,Aston Villa,1–1,10-8-19,9-7-21,2019
Newcastle Utd,Liverpool,1–3,11-11-15,31-3-3,2019
Burnley,Brighton,1–2,15-9-13,8-14-15,2019
Manchester Utd,Leicester City,2–1,0-0-0,0-0-0,2018
Newcastle Utd,Tottenham,1–2,0-0-0,0-0-0,2018
Fulham,Crystal Palace,0–2,0-0-0,0-0-0,2018
Bournemouth,Cardiff City,2–0,0-0-0,0-0-0,2018
Watford,Brighton,2–0,0-0-0,0-0-0,2018
Huddersfield,Chelsea,0–3,0-0-0,0-0-0,2018
Wolves,Everton,2–2,0-0-0,0-0-0,2018
Southampton,Burnley,0–0,0-0-0,0-0-0,2018
Liverpool,West Ham,4–0,0-0-0,0-0-0,2018
Arsenal,Manchester City,0–2,0-0-0,0-0-0,2018
Cardiff City,Newcastle Utd,0–0,0-0-1,0-0-1,2018
West Ham,Bournemouth,1–2,0-0-1,1-0-0,2018
Everton,Southampton,2–1,0-1-0,0-1-0,2018
Leicester City,Wolves,2–0,0-0-1,0-1-0,2018
Tottenham,Fulham,3–1,1-0-0,0-0-1,2018
Chelsea,Arsenal,3–2,1-0-0,0-0-1,2018
Burnley,Watford,1–3,0-1-0,1-0-0,2018
Manchester City,Huddersfield,6–1,1-0-0,0-0-1,2018
Brighton,Manchester Utd,3–2,0-0-1,1-0-0,2018
Crystal Palace,Liverpool,0–2,1-0-0,1-0-0,2018
Wolves,Manchester City,1–1,0-1-1,2-0-0,2018
Arsenal,West Ham,3–1,0-0-2,0-0-2,2018
Southampton,Leicester City,1–2,0-1-1,1-0-1,2018
Huddersfield,Cardiff City,0–0,0-0-2,0-1-1,2018
Bournemouth,Everton,2–2,2-0-0,1-1-0,2018
Liverpool,Brighton,1–0,2-0-0,1-0-1,2018
Watford,Crystal Palace,2–1,2-0-0,1-0-1,2018
Fulham,Burnley,4–2,0-0-2,0-1-1,2018
Newcastle Utd,Chelsea,1–2,0-1-1,2-0-0,2018
Manchester Utd,Tottenham,0–3,1-0-1,2-0-0,2018
Leicester City,Liverpool,1–2,2-0-1,3-0-0,2018
Crystal Palace,Southampton,0–2,1-0-2,0-1-2,2018
Brighton,Fulham,2–2,1-0-2,1-0-2,2018
Chelsea,Bournemouth,2–0,3-0-0,2-1-0,2018
Everton,Huddersfield,1–1,1-2-0,0-1-2,2018
West Ham,Wolves,0–1,0-0-3,0-2-1,2018
Manchester City,Newcastle Utd,2–1,2-1-0,0-1-2,2018
Cardiff City,Arsenal,2–3,0-2-1,1-0-2,2018
Watford,Tottenham,2–1,3-0-0,3-0-0,2018
Burnley,Manchester Utd,0–2,0-1-2,1-0-2,2018
Tottenham,Liverpool,1–2,3-0-1,4-0-0,2018
Manchester City,Fulham,3–0,3-1-0,1-1-2,2018
Huddersfield,Crystal Palace,0–1,0-2-2,1-0-3,2018
Newcastle Utd,Arsenal,1–2,0-1-3,2-0-2,2018
Bournemouth,Leicester City,4–2,2-1-1,2-0-2,2018
Chelsea,Cardiff City,4–1,4-0-0,0-2-2,2018
Watford,Manchester Utd,1–2,4-0-0,2-0-2,2018
Wolves,Burnley,1–0,1-2-1,0-1-3,2018
Everton,West Ham,1–3,1-3-0,0-0-4,2018
Southampton,Brighton,2–2,1-1-2,1-1-2,2018
Fulham,Watford,1–1,1-1-3,4-0-1,2018
Crystal Palace,Newcastle Utd,0–0,2-0-3,0-1-4,2018
Cardiff City,Manchester City,0–5,0-2-3,4-1-0,2018
Liverpool,Southampton,3–0,5-0-0,1-2-2,2018
Burnley,Bournemouth,4–0,0-1-4,3-1-1,2018
Manchester Utd,Wolves,1–1,3-0-2,2-2-1,2018
Leicester City,Huddersfield,3–1,2-0-3,0-2-3,2018
Brighton,Tottenham,1–2,1-2-2,3-0-2,2018
West Ham,Chelsea,0–0,1-0-4,5-0-0,2018
Arsenal,Everton,2–0,3-0-2,1-3-1,2018
West Ham,Manchester Utd,3–1,1-1-4,3-1-2,2018
Newcastle Utd,Leicester City,0–2,0-2-4,3-0-3,2018
Everton,Fulham,3–0,1-3-2,1-2-3,2018
Wolves,Southampton,2–0,2-3-1,1-2-3,2018
Arsenal,Watford,2–0,4-0-2,4-1-1,2018
Manchester City,Brighton,2–0,5-1-0,1-2-3,2018
Huddersfield,Tottenham,0–2,0-2-4,4-0-2,2018
Chelsea,Liverpool,1–1,5-1-0,6-0-0,2018
Cardiff City,Burnley,1–2,0-2-4,1-1-4,2018
Bournemouth,Crystal Palace,2–1,3-1-2,2-1-3,2018
Brighton,West Ham,1–0,1-2-4,2-1-4,2018
Leicester City,Everton,1–2,4-0-3,2-3-2,2018
Burnley,Huddersfield,1–1,2-1-4,0-2-5,2018
Tottenham,Cardiff City,1–0,5-0-2,0-2-5,2018
Watford,Bournemouth,0–4,4-1-2,4-1-2,2018
Crystal Palace,Wolves,0–1,2-1-4,3-3-1,2018
Manchester Utd,Newcastle Utd,3–2,3-1-3,0-2-5,2018
Fulham,Arsenal,1–5,1-2-4,5-0-2,2018
Southampton,Chelsea,0–3,1-2-4,5-2-0,2018
Liverpool,Manchester City,0–0,6-1-0,6-1-0,2018
Chelsea,Manchester Utd,2–2,6-2-0,4-1-3,2018
Bournemouth,Southampton,0–0,5-1-2,1-2-5,2018
Manchester City,Burnley,5–0,6-2-0,2-2-4,2018
West Ham,Tottenham,0–1,2-1-5,6-0-2,2018
Newcastle Utd,Brighton,0–1,0-2-6,2-2-4,2018
Wolves,Watford,0–2,4-3-1,4-1-3,2018
Cardiff City,Fulham,4–2,0-2-6,1-2-5,2018
Huddersfield,Liverpool,0–1,0-3-5,6-2-0,2018
Everton,Crystal Palace,2–0,3-3-2,2-1-5,2018
Arsenal,Leicester City,3–1,6-0-2,4-0-4,2018
Brighton,Wolves,1–0,3-2-4,4-3-2,2018
Southampton,Newcastle Utd,0–0,1-3-5,0-2-7,2018
Fulham,Bournemouth,0–3,1-2-6,5-2-2,2018
Liverpool,Cardiff City,4–1,7-2-0,1-2-6,2018
Watford,Huddersfield,3–0,5-1-3,0-3-6,2018
Leicester City,West Ham,1–1,4-0-5,2-1-6,2018
Burnley,Chelsea,0–4,2-2-5,6-3-0,2018
Crystal Palace,Arsenal,2–2,2-1-6,7-0-2,2018
Manchester Utd,Everton,2–1,4-2-3,4-3-2,2018
Tottenham,Manchester City,0–1,7-0-2,7-2-0,2018
Bournemouth,Manchester Utd,1–2,6-2-2,5-2-3,2018
Cardiff City,Leicester City,0–1,1-2-7,4-1-5,2018
Everton,Brighton,3–1,4-3-3,4-2-4,2018
Newcastle Utd,Watford,1–0,0-3-7,6-1-3,2018
West Ham,Burnley,4–2,2-2-6,2-2-6,2018
Arsenal,Liverpool,1–1,7-1-2,8-2-0,2018
Wolves,Tottenham,2–3,4-3-3,7-0-3,2018
Manchester City,Southampton,6–1,8-2-0,1-4-5,2018
Chelsea,Crystal Palace,3–1,7-3-0,2-2-6,2018
Huddersfield,Fulham,1–0,0-3-7,1-2-7,2018
Cardiff City,Brighton,2–1,1-2-8,4-2-5,2018
Newcastle Utd,Bournemouth,2–1,1-3-7,6-2-3,2018
Huddersfield,West Ham,1–1,1-3-7,3-2-6,2018
Leicester City,Burnley,0–0,5-1-5,2-2-7,2018
Southampton,Watford,1–1,1-4-6,6-1-4,2018
Crystal Palace,Tottenham,0–1,2-2-7,8-0-3,2018
Liverpool,Fulham,2–0,8-3-0,1-2-8,2018
Chelsea,Everton,0–0,8-3-0,5-3-3,2018
Arsenal,Wolves,1–1,7-2-2,4-3-4,2018
Manchester City,Manchester Utd,3–1,9-2-0,6-2-3,2018
Manchester Utd,Crystal Palace,0–0,6-2-4,2-2-8,2018
Fulham,Southampton,3–2,1-2-9,1-5-6,2018
West Ham,Manchester City,0–4,3-3-6,10-2-0,2018
Brighton,Leicester City,1–1,4-2-6,5-2-5,2018
Everton,Cardiff City,1–0,5-4-3,2-2-8,2018
Watford,Liverpool,0–3,6-2-4,9-3-0,2018
Tottenham,Chelsea,3–1,9-0-3,8-4-0,2018
Bournemouth,Arsenal,1–2,6-2-4,7-3-2,2018
Wolves,Huddersfield,0–2,4-4-4,1-4-7,2018
Burnley,Newcastle Utd,1–2,2-3-7,2-3-7,2018
Cardiff City,Wolves,2–1,2-2-9,4-4-5,2018
Newcastle Utd,West Ham,0–3,3-3-7,3-3-7,2018
Crystal Palace,Burnley,2–0,2-3-8,2-3-8,2018
Huddersfield,Brighton,1–2,2-4-7,4-3-6,2018
Leicester City,Watford,2–0,5-3-5,6-2-5,2018
Manchester City,Bournemouth,3–1,11-2-0,6-2-5,2018
Southampton,Manchester Utd,2–2,1-5-7,6-3-4,2018
Chelsea,Fulham,2–0,8-4-1,2-2-9,2018
Arsenal,Tottenham,4–2,8-3-2,10-0-3,2018
Liverpool,Everton,1–0,10-3-0,6-4-3,2018
West Ham,Cardiff City,3–1,4-3-7,3-2-9,2018
Brighton,Crystal Palace,3–1,5-3-6,3-3-8,2018
Bournemouth,Huddersfield,2–1,6-2-6,2-4-8,2018
Watford,Manchester City,1–2,6-2-6,12-2-0,2018
Wolves,Chelsea,2–1,4-4-6,9-4-1,2018
Fulham,Leicester City,1–1,2-2-10,6-3-5,2018
Burnley,Liverpool,1–3,2-3-9,11-3-0,2018
Everton,Newcastle Utd,1–1,6-4-4,3-3-8,2018
Manchester Utd,Arsenal,2–2,6-4-4,9-3-2,2018
Tottenham,Southampton,3–1,10-0-4,1-6-7,2018
Bournemouth,Liverpool,0–4,7-2-6,12-3-0,2018
West Ham,Crystal Palace,3–2,5-3-7,3-3-9,2018
Manchester Utd,Fulham,4–1,6-5-4,2-3-10,2018
Burnley,Brighton,1–0,2-3-10,6-3-6,2018
Cardiff City,Southampton,1–0,3-2-10,1-6-8,2018
Arsenal,Huddersfield,1–0,9-4-2,2-4-9,2018
Chelsea,Manchester City,2–0,9-4-2,13-2-0,2018
Leicester City,Tottenham,0–2,6-4-5,11-0-4,2018
Newcastle Utd,Wolves,1–2,3-4-8,5-4-6,2018
Everton,Watford,2–2,6-5-4,6-2-7,2018
Manchester City,Everton,3–1,13-2-1,6-6-4,2018
Watford,Cardiff City,3–2,6-3-7,4-2-10,2018
Tottenham,Burnley,1–0,12-0-4,3-3-10,2018
Huddersfield,Newcastle Utd,0–1,2-4-10,3-4-9,2018
Crystal Palace,Leicester City,1–0,3-3-10,6-4-6,2018
Wolves,Bournemouth,2–0,6-4-6,7-2-7,2018
Fulham,West Ham,0–2,2-3-11,6-3-7,2018
Southampton,Arsenal,3–2,1-6-9,10-4-2,2018
Brighton,Chelsea,1–2,6-3-7,10-4-2,2018
Liverpool,Manchester Utd,3–1,13-3-0,7-5-4,2018
Wolves,Liverpool,0–2,7-4-6,14-3-0,2018
Arsenal,Burnley,3–1,10-4-3,3-3-11,2018
Bournemouth,Brighton,2–0,7-2-8,6-3-8,2018
Manchester City,Crystal Palace,2–3,14-2-1,4-3-10,2018
West Ham,Watford,0–2,7-3-7,7-3-7,2018
Huddersfield,Southampton,1–3,2-4-11,2-6-9,2018
Chelsea,Leicester City,0–1,11-4-2,6-4-7,2018
Newcastle Utd,Fulham,0–0,4-4-9,2-3-12,2018
Cardiff City,Manchester Utd,1–5,4-2-11,7-5-5,2018
Everton,Tottenham,2–6,6-6-5,13-0-4,2018
Fulham,Wolves,1–1,2-4-12,7-4-7,2018
Burnley,Everton,1–5,3-3-12,6-6-6,2018
Manchester Utd,Huddersfield,3–1,8-5-5,2-4-12,2018
Liverpool,Newcastle Utd,4–0,15-3-0,4-5-9,2018
Leicester City,Manchester City,2–1,7-4-7,14-2-2,2018
Tottenham,Bournemouth,5–0,14-0-4,8-2-8,2018
Crystal Palace,Cardiff City,0–0,5-3-10,4-2-12,2018
Brighton,Arsenal,1–1,6-3-9,11-4-3,2018
Watford,Chelsea,1–2,8-3-7,11-4-3,2018
Southampton,West Ham,1–2,3-6-9,7-3-8,2018
Watford,Newcastle Utd,1–1,8-3-8,4-5-10,2018
Fulham,Huddersfield,1–0,2-5-12,2-4-13,2018
Brighton,Everton,1–0,6-4-9,7-6-6,2018
Leicester City,Cardiff City,0–1,8-4-7,4-3-12,2018
Tottenham,Wolves,1–3,15-0-4,7-5-7,2018
Liverpool,Arsenal,5–1,16-3-0,11-5-3,2018
Crystal Palace,Chelsea,0–1,5-4-10,12-4-3,2018
Southampton,Manchester City,1–3,3-6-10,14-2-3,2018
Burnley,West Ham,2–0,3-3-13,8-3-8,2018
Manchester Utd,Bournemouth,4–1,9-5-5,8-2-9,2018
Everton,Leicester City,0–1,7-6-7,8-4-8,2018
Arsenal,Fulham,4–1,11-5-4,3-5-12,2018
Cardiff City,Tottenham,0–3,5-3-12,15-0-5,2018
Wolves,Crystal Palace,0–2,8-5-7,5-4-11,2018
West Ham,Brighton,2–2,8-3-9,7-4-9,2018
Bournemouth,Watford,3–3,8-2-10,8-4-8,2018
Chelsea,Southampton,0–0,13-4-3,3-6-11,2018
Huddersfield,Burnley,1–2,2-4-14,4-3-13,2018
Newcastle Utd,Manchester Utd,0–2,4-6-10,10-5-5,2018
Manchester City,Liverpool,2–1,15-2-3,17-3-0,2018
West Ham,Arsenal,1–0,8-4-9,12-5-4,2018
Burnley,Fulham,2–1,5-3-13,3-5-13,2018
Brighton,Liverpool,0–1,7-5-9,17-3-1,2018
Crystal Palace,Watford,1–2,6-4-11,8-5-8,2018
Cardiff City,Huddersfield,0–0,5-3-13,2-4-15,2018
Leicester City,Southampton,1–2,9-4-8,3-7-11,2018
Chelsea,Newcastle Utd,2–1,13-5-3,4-6-11,2018
Everton,Bournemouth,2–0,7-6-8,8-3-10,2018
Tottenham,Manchester Utd,0–1,16-0-5,11-5-5,2018
Manchester City,Wolves,3–0,16-2-3,8-5-8,2018
Wolves,Leicester City,4–3,8-5-9,9-4-9,2018
Bournemouth,West Ham,2–0,8-3-11,9-4-9,2018
Newcastle Utd,Cardiff City,3–0,4-6-12,5-4-13,2018
Manchester Utd,Brighton,2–1,12-5-5,7-5-10,2018
Southampton,Everton,2–1,4-7-11,8-6-8,2018
Liverpool,Crystal Palace,4–3,18-3-1,6-4-12,2018
Watford,Burnley,0–0,9-5-8,6-3-13,2018
Arsenal,Chelsea,2–0,12-5-5,14-5-3,2018
Huddersfield,Manchester City,0–3,2-5-15,17-2-3,2018
Fulham,Tottenham,1–2,3-5-14,16-0-6,2018
Fulham,Brighton,4–2,3-5-15,7-5-11,2018
Huddersfield,Everton,0–1,2-5-16,8-6-9,2018
Wolves,West Ham,3–0,9-5-9,9-4-10,2018
Arsenal,Cardiff City,2–1,13-5-5,5-4-14,2018
Newcastle Utd,Manchester City,2–1,5-6-12,18-2-3,2018
Manchester Utd,Burnley,2–2,13-5-5,6-4-13,2018
Bournemouth,Chelsea,4–0,9-3-11,14-5-4,2018
Southampton,Crystal Palace,1–1,5-7-11,6-4-13,2018
Tottenham,Watford,2–1,17-0-6,9-6-8,2018
Liverpool,Leicester City,1–1,19-3-1,9-4-10,2018
Tottenham,Newcastle Utd,1–0,18-0-6,6-6-12,2018
Brighton,Watford,0–0,7-5-12,9-6-9,2018
Chelsea,Huddersfield,5–0,14-5-5,2-5-17,2018
Everton,Wolves,1–3,9-6-9,10-5-9,2018
Burnley,Southampton,1–1,6-5-13,5-8-11,2018
Crystal Palace,Fulham,2–0,6-5-13,4-5-15,2018
Cardiff City,Bournemouth,2–0,5-4-15,10-3-11,2018
Leicester City,Manchester Utd,0–1,9-5-10,13-6-5,2018
Manchester City,Arsenal,3–1,18-2-4,14-5-5,2018
West Ham,Liverpool,1–1,9-4-11,19-4-1,2018
Everton,Manchester City,0–2,9-6-10,19-2-4,2018
Fulham,Manchester Utd,0–3,4-5-16,14-6-5,2018
Crystal Palace,West Ham,1–1,7-5-13,9-5-11,2018
Liverpool,Bournemouth,3–0,19-5-1,10-3-12,2018
Southampton,Cardiff City,1–2,5-9-11,6-4-15,2018
Watford,Everton,1–0,9-7-9,9-6-11,2018
Huddersfield,Arsenal,1–2,2-5-18,14-5-6,2018
Brighton,Burnley,1–3,7-6-12,6-6-13,2018
Tottenham,Leicester City,3–1,19-0-6,9-5-11,2018
Manchester City,Chelsea,6–0,20-2-4,15-5-5,2018
Wolves,Newcastle Utd,1–1,11-5-9,6-6-13,2018
West Ham,Fulham,3–1,9-6-11,4-5-17,2018
Cardiff City,Watford,1–5,7-4-15,10-7-9,2018
Burnley,Tottenham,2–1,7-6-13,20-0-6,2018
Bournemouth,Wolves,1–1,10-3-13,11-6-9,2018
Newcastle Utd,Huddersfield,2–0,6-7-13,2-5-19,2018
Leicester City,Crystal Palace,1–4,9-5-12,7-6-13,2018
Arsenal,Southampton,2–0,15-5-6,5-9-12,2018
Manchester Utd,Liverpool,0–0,15-6-5,20-5-1,2018
Cardiff City,Everton,0–3,7-4-16,9-6-12,2018
Huddersfield,Wolves,1–0,2-5-20,11-7-9,2018
Leicester City,Brighton,2–1,9-5-13,7-6-13,2018
Newcastle Utd,Burnley,2–0,7-7-13,8-6-13,2018
Arsenal,Bournemouth,5–1,16-5-6,10-4-13,2018
Southampton,Fulham,2–0,5-9-13,4-5-18,2018
Crystal Palace,Manchester Utd,1–3,8-6-13,15-7-5,2018
Chelsea,Tottenham,2–0,15-5-6,20-0-7,2018
Liverpool,Watford,5–0,20-6-1,11-7-9,2018
Manchester City,West Ham,1–0,21-2-4,10-6-11,2018
Tottenham,Arsenal,1–1,20-0-8,17-5-6,2018
Manchester Utd,Southampton,3–2,16-7-5,6-9-13,2018
Wolves,Cardiff City,2–0,11-7-10,7-4-17,2018
Bournemouth,Manchester City,0–1,10-4-14,22-2-4,2018
Brighton,Huddersfield,1–0,7-6-14,3-5-20,2018
Burnley,Crystal Palace,1–3,8-6-14,8-6-14,2018
West Ham,Newcastle Utd,2–0,10-6-12,8-7-13,2018
Watford,Leicester City,2–1,11-7-10,10-5-13,2018
Fulham,Chelsea,1–2,4-5-19,16-5-6,2018
Everton,Liverpool,0–0,10-6-12,21-6-1,2018
Crystal Palace,Brighton,1–2,9-6-14,8-6-14,2018
Newcastle Utd,Everton,3–2,8-7-14,10-7-12,2018
Cardiff City,West Ham,2–0,7-4-18,11-6-12,2018
Huddersfield,Bournemouth,0–2,3-5-21,10-4-15,2018
Leicester City,Fulham,3–1,10-5-14,4-5-20,2018
Southampton,Tottenham,2–1,6-9-14,20-1-8,2018
Manchester City,Watford,3–1,23-2-4,12-7-10,2018
Liverpool,Burnley,4–2,21-7-1,8-6-15,2018
Chelsea,Wolves,1–1,17-5-6,12-7-10,2018
Arsenal,Manchester Utd,2–0,17-6-6,17-7-5,2018
West Ham,Huddersfield,4–3,11-6-13,3-5-22,2018
Burnley,Leicester City,1–2,8-6-16,11-5-14,2018
Bournemouth,Newcastle Utd,2–2,11-4-15,9-7-14,2018
Fulham,Liverpool,1–2,4-5-21,22-7-1,2018
Everton,Chelsea,2–0,10-7-13,17-6-6,2018
Fulham,Manchester City,0–2,4-5-22,24-2-4,2018
Burnley,Wolves,2–0,8-6-17,12-8-10,2018
Crystal Palace,Huddersfield,2–0,9-6-15,3-5-23,2018
Leicester City,Bournemouth,2–0,12-5-14,11-5-15,2018
Brighton,Southampton,0–1,9-6-14,7-9-14,2018
Manchester Utd,Watford,2–1,17-7-6,12-7-11,2018
West Ham,Everton,0–2,12-6-13,11-7-13,2018
Cardiff City,Chelsea,1–2,8-4-18,17-6-7,2018
Liverpool,Tottenham,2–1,23-7-1,20-1-9,2018
Arsenal,Newcastle Utd,2–0,18-6-6,9-8-14,2018
Wolves,Manchester Utd,2–1,12-8-11,18-7-6,2018
Watford,Fulham,4–1,12-7-12,4-5-23,2018
Chelsea,Brighton,3–0,18-6-7,9-6-15,2018
Tottenham,Crystal Palace,2–0,20-1-10,10-6-15,2018
Manchester City,Cardiff City,2–0,25-2-4,8-4-19,2018
Southampton,Liverpool,1–3,8-9-14,24-7-1,2018
Huddersfield,Leicester City,1–4,3-5-24,13-5-14,2018
Bournemouth,Burnley,1–3,11-5-16,9-6-17,2018
Newcastle Utd,Crystal Palace,0–1,9-8-15,10-6-16,2018
Everton,Arsenal,1–0,12-7-13,19-6-6,2018
Chelsea,West Ham,2–0,19-6-7,12-6-14,2018
Leicester City,Newcastle Utd,0–1,14-5-14,9-8-16,2018
Tottenham,Huddersfield,4–0,21-1-10,3-5-25,2018
Burnley,Cardiff City,2–0,10-6-17,8-4-20,2018
Fulham,Everton,2–0,4-5-24,13-7-13,2018
Southampton,Wolves,3–1,8-9-15,13-8-11,2018
Brighton,Bournemouth,0–5,9-6-16,11-5-17,2018
Manchester Utd,West Ham,2–1,18-7-7,12-6-15,2018
Crystal Palace,Manchester City,1–3,11-6-16,26-2-4,2018
Liverpool,Chelsea,2–0,25-7-1,20-6-7,2018
Watford,Arsenal,0–1,13-7-12,19-6-7,2018
Brighton,Cardiff City,0–2,9-6-17,8-4-21,2018
Manchester City,Tottenham,1–0,27-2-4,22-1-10,2018
West Ham,Leicester City,2–2,12-6-16,14-5-15,2018
Bournemouth,Fulham,0–1,12-5-17,5-5-24,2018
Huddersfield,Watford,1–2,3-5-26,13-7-13,2018
Wolves,Brighton,0–0,13-8-12,9-6-18,2018
Newcastle Utd,Southampton,3–1,10-8-16,9-9-15,2018
Everton,Manchester Utd,4–0,13-7-14,19-7-7,2018
Arsenal,Crystal Palace,2–3,20-6-7,11-6-17,2018
Cardiff City,Liverpool,0–2,9-4-21,26-7-1,2018
Chelsea,Burnley,2–2,20-6-8,11-6-17,2018
Watford,Southampton,1–1,14-7-13,9-9-16,2018
Tottenham,Brighton,1–0,22-1-11,9-7-18,2018
Wolves,Arsenal,3–1,13-9-12,20-6-8,2018
Manchester Utd,Manchester City,0–2,19-7-8,28-2-4,2018
Liverpool,Huddersfield,5–0,27-7-1,3-5-27,2018
Tottenham,West Ham,0–1,23-1-11,12-7-16,2018
Watford,Wolves,1–2,14-8-13,14-9-12,2018
Fulham,Cardiff City,1–0,6-5-24,9-4-22,2018
Southampton,Bournemouth,3–3,9-10-16,12-5-18,2018
Crystal Palace,Everton,0–0,12-6-17,14-7-14,2018
Brighton,Newcastle Utd,1–1,9-7-19,11-8-16,2018
Leicester City,Arsenal,3–0,14-6-15,20-6-9,2018
Burnley,Manchester City,0–1,11-7-17,29-2-4,2018
Manchester Utd,Chelsea,1–1,19-7-9,20-7-8,2018
Everton,Burnley,2–0,14-8-14,11-7-18,2018
Bournemouth,Tottenham,1–0,12-6-18,23-1-12,2018
Wolves,Fulham,1–0,15-9-12,7-5-24,2018
West Ham,Southampton,3–0,13-7-16,9-11-16,2018
Cardiff City,Crystal Palace,2–3,9-4-23,12-7-17,2018
Newcastle Utd,Liverpool,2–3,11-9-16,28-7-1,2018
Huddersfield,Manchester Utd,1–1,3-5-28,19-8-9,2018
Chelsea,Watford,3–0,20-8-8,14-8-14,2018
Arsenal,Brighton,1–1,20-6-10,9-8-19,2018
Manchester City,Leicester City,1–0,30-2-4,15-6-15,2018
Southampton,Huddersfield,1–1,9-11-17,3-6-28,2018
Brighton,Manchester City,1–4,9-9-19,31-2-4,2018
Leicester City,Chelsea,0–0,15-6-16,21-8-8,2018
Crystal Palace,Bournemouth,5–3,13-7-17,13-6-18,2018
Burnley,Arsenal,1–3,11-7-19,20-7-10,2018
Tottenham,Everton,2–2,23-1-13,15-8-14,2018
Liverpool,Wolves,2–0,29-7-1,16-9-12,2018
Manchester Utd,Cardiff City,0–2,19-9-9,9-4-24,2018
Fulham,Newcastle Utd,0–4,7-5-25,11-9-17,2018
Watford,West Ham,1–4,14-8-15,14-7-16,2018
Arsenal,Leicester City,4–3,0-0-0,0-0-0,2017
Watford,Liverpool,3–3,0-0-0,0-0-0,2017
Crystal Palace,Huddersfield,0–3,0-0-0,0-0-0,2017
West Brom,Bournemouth,1–0,0-0-0,0-0-0,2017
Chelsea,Burnley,2–3,0-0-0,0-0-0,2017
Everton,Stoke City,1–0,0-0-0,0-0-0,2017
Southampton,Swansea City,0–0,0-0-0,0-0-0,2017
Brighton,Manchester City,0–2,0-0-0,0-0-0,2017
Newcastle Utd,Tottenham,0–2,0-0-0,0-0-0,2017
Manchester Utd,West Ham,4–0,0-0-0,0-0-0,2017
Swansea City,Manchester Utd,0–4,0-1-0,1-0-0,2017
Bournemouth,Watford,0–2,0-0-1,0-1-0,2017
Southampton,West Ham,3–2,0-1-0,0-0-1,2017
Leicester City,Brighton,2–0,0-0-1,0-0-1,2017
Burnley,West Brom,0–1,1-0-0,1-0-0,2017
Liverpool,Crystal Palace,1–0,0-1-0,0-0-1,2017
Stoke City,Arsenal,1–0,0-0-1,1-0-0,2017
Huddersfield,Newcastle Utd,1–0,1-0-0,0-0-1,2017
Tottenham,Chelsea,1–2,1-0-0,0-0-1,2017
Manchester City,Everton,1–1,1-0-0,1-0-0,2017
Bournemouth,Manchester City,1–2,0-0-2,1-1-0,2017
Huddersfield,Southampton,0–0,2-0-0,1-1-0,2017
Watford,Brighton,0–0,1-1-0,0-0-2,2017
Crystal Palace,Swansea City,0–2,0-0-2,0-1-1,2017
Newcastle Utd,West Ham,3–0,0-0-2,0-0-2,2017
Manchester Utd,Leicester City,2–0,2-0-0,1-0-1,2017
Chelsea,Everton,2–0,1-0-1,1-1-0,2017
West Brom,Stoke City,1–1,2-0-0,1-0-1,2017
Tottenham,Burnley,1–1,1-0-1,1-0-1,2017
Liverpool,Arsenal,4–0,1-1-0,1-0-1,2017
Manchester City,Liverpool,5–0,2-1-0,2-1-0,2017
Everton,Tottenham,0–3,1-1-1,1-1-1,2017
Arsenal,Bournemouth,3–0,1-0-2,0-0-3,2017
Leicester City,Chelsea,1–2,1-0-2,2-0-1,2017
Brighton,West Brom,3–1,0-1-2,2-1-0,2017
Southampton,Watford,0–2,1-2-0,1-2-0,2017
Stoke City,Manchester Utd,2–2,1-1-1,3-0-0,2017
Burnley,Crystal Palace,1–0,1-1-1,0-0-3,2017
Swansea City,Newcastle Utd,0–1,1-1-1,1-0-2,2017
West Ham,Huddersfield,2–0,0-0-3,2-1-0,2017
Bournemouth,Brighton,2–1,0-0-4,1-1-2,2017
Crystal Palace,Southampton,0–1,0-0-4,1-2-1,2017
Newcastle Utd,Stoke City,2–1,2-0-2,1-2-1,2017
Huddersfield,Leicester City,1–1,2-1-1,1-0-3,2017
Liverpool,Burnley,1–1,2-1-1,2-1-1,2017
West Brom,West Ham,0–0,2-1-1,1-0-3,2017
Watford,Manchester City,0–6,2-2-0,3-1-0,2017
Tottenham,Swansea City,0–0,2-1-1,1-1-2,2017
Chelsea,Arsenal,0–0,3-0-1,2-0-2,2017
Manchester Utd,Everton,4–0,3-1-0,1-1-2,2017
West Ham,Tottenham,2–3,1-1-3,2-2-1,2017
Southampton,Manchester Utd,0–1,2-2-1,4-1-0,2017
Stoke City,Chelsea,0–4,1-2-2,3-1-1,2017
Manchester City,Crystal Palace,5–0,4-1-0,0-0-5,2017
Burnley,Huddersfield,0–0,2-2-1,2-2-1,2017
Swansea City,Watford,1–2,1-2-2,2-2-1,2017
Everton,Bournemouth,2–1,1-1-3,1-0-4,2017
Leicester City,Liverpool,2–3,1-1-3,2-2-1,2017
Brighton,Newcastle Utd,1–0,1-1-3,3-0-2,2017
Arsenal,West Brom,2–0,2-1-2,2-2-1,2017
Huddersfield,Tottenham,0–4,2-3-1,3-2-1,2017
Stoke City,Southampton,2–1,1-2-3,2-2-2,2017
West Ham,Swansea City,1–0,1-1-4,1-2-3,2017
Manchester Utd,Crystal Palace,4–0,5-1-0,0-0-6,2017
Bournemouth,Leicester City,0–0,1-0-5,1-1-4,2017
West Brom,Watford,2–2,2-2-2,3-2-1,2017
Chelsea,Manchester City,0–1,4-1-1,5-1-0,2017
Arsenal,Brighton,2–0,3-1-2,2-1-3,2017
Everton,Burnley,0–1,2-1-3,2-3-1,2017
Newcastle Utd,Liverpool,1–1,3-0-3,3-2-1,2017
Liverpool,Manchester Utd,0–0,3-3-1,6-1-0,2017
Tottenham,Bournemouth,1–0,4-2-1,1-1-5,2017
Burnley,West Ham,1–1,3-3-1,2-1-4,2017
Crystal Palace,Chelsea,2–1,0-0-7,4-1-2,2017
Swansea City,Huddersfield,2–0,1-2-4,2-3-2,2017
Manchester City,Stoke City,7–2,6-1-0,2-2-3,2017
Watford,Arsenal,2–1,3-3-1,4-1-2,2017
Brighton,Everton,1–1,2-1-4,2-1-4,2017
Southampton,Newcastle Utd,2–2,2-2-3,3-1-3,2017
Leicester City,West Brom,1–1,1-2-4,2-3-2,2017
West Ham,Brighton,0–3,2-2-4,2-2-4,2017
Chelsea,Watford,4–2,4-1-3,4-3-1,2017
Manchester City,Burnley,3–0,7-1-0,3-4-1,2017
Huddersfield,Manchester Utd,2–1,2-3-3,6-2-0,2017
Swansea City,Leicester City,1–2,2-2-4,1-3-4,2017
Stoke City,Bournemouth,1–2,2-2-4,1-1-6,2017
Newcastle Utd,Crystal Palace,1–0,3-2-3,1-0-7,2017
Southampton,West Brom,1–0,2-3-3,2-4-2,2017
Everton,Arsenal,2–5,2-2-4,4-1-3,2017
Tottenham,Liverpool,4–1,5-2-1,3-4-1,2017
Manchester Utd,Tottenham,1–0,6-2-1,6-2-1,2017
Arsenal,Swansea City,2–1,5-1-3,2-2-5,2017
Crystal Palace,West Ham,2–2,1-0-8,2-2-5,2017
Watford,Stoke City,0–1,4-3-2,2-2-5,2017
Liverpool,Huddersfield,3–0,3-4-2,3-3-3,2017
West Brom,Manchester City,2–3,2-4-3,8-1-0,2017
Bournemouth,Chelsea,0–1,2-1-6,5-1-3,2017
Brighton,Southampton,1–1,3-2-4,3-3-3,2017
Leicester City,Everton,2–0,2-3-4,2-2-5,2017
Burnley,Newcastle Utd,1–0,3-4-2,4-2-3,2017
Stoke City,Leicester City,2–2,3-2-5,3-3-4,2017
Southampton,Burnley,0–1,3-4-3,4-4-2,2017
Swansea City,Brighton,0–1,2-2-6,3-3-4,2017
Huddersfield,West Brom,1–0,3-3-4,2-4-4,2017
Newcastle Utd,Bournemouth,0–1,4-2-4,2-1-7,2017
West Ham,Liverpool,1–4,2-3-5,4-4-2,2017
Tottenham,Crystal Palace,1–0,6-2-2,1-1-8,2017
Manchester City,Arsenal,3–1,9-1-0,6-1-3,2017
Everton,Watford,3–2,2-2-6,4-3-3,2017
Chelsea,Manchester Utd,1–0,6-1-3,7-2-1,2017
Arsenal,Tottenham,2–0,6-1-4,7-2-2,2017
West Brom,Chelsea,0–4,2-4-5,7-1-3,2017
Bournemouth,Huddersfield,4–0,3-1-7,4-3-4,2017
Liverpool,Southampton,3–0,5-4-2,3-4-4,2017
Burnley,Swansea City,2–0,5-4-2,2-2-7,2017
Crystal Palace,Everton,2–2,1-1-9,3-2-6,2017
Leicester City,Manchester City,0–2,3-4-4,10-1-0,2017
Manchester Utd,Newcastle Utd,4–1,7-2-2,4-2-5,2017
Watford,West Ham,2–0,4-3-4,2-3-6,2017
Brighton,Stoke City,2–2,4-3-4,3-3-5,2017
West Ham,Leicester City,1–1,2-3-7,3-4-5,2017
Tottenham,West Brom,1–1,7-2-3,2-4-6,2017
Manchester Utd,Brighton,1–0,8-2-2,4-4-4,2017
Swansea City,Bournemouth,0–0,2-2-8,4-1-7,2017
Crystal Palace,Stoke City,2–1,1-2-9,3-4-5,2017
Newcastle Utd,Watford,0–3,4-2-6,5-3-4,2017
Liverpool,Chelsea,1–1,6-4-2,8-1-3,2017
Southampton,Everton,4–1,3-4-5,3-3-6,2017
Burnley,Arsenal,0–1,6-4-2,7-1-4,2017
Huddersfield,Manchester City,1–2,4-3-5,11-1-0,2017
Brighton,Crystal Palace,0–0,4-4-5,2-2-9,2017
Leicester City,Tottenham,2–1,3-5-5,7-3-3,2017
Watford,Manchester Utd,2–4,6-3-4,9-2-2,2017
West Brom,Newcastle Utd,2–2,2-5-6,4-2-7,2017
Chelsea,Swansea City,1–0,8-2-3,2-3-8,2017
Bournemouth,Burnley,1–2,4-2-7,6-4-3,2017
Arsenal,Huddersfield,5–0,8-1-4,4-3-6,2017
Stoke City,Liverpool,0–3,3-4-6,6-5-2,2017
Everton,West Ham,4–0,3-3-7,2-4-7,2017
Manchester City,Southampton,2–1,12-1-0,4-4-5,2017
Chelsea,Newcastle Utd,3–1,9-2-3,4-3-7,2017
Watford,Tottenham,1–1,6-3-5,7-3-4,2017
West Brom,Crystal Palace,0–0,2-6-6,2-3-9,2017
Stoke City,Swansea City,2–1,3-4-7,2-3-9,2017
Brighton,Liverpool,1–5,4-5-5,7-5-2,2017
Everton,Huddersfield,2–0,4-3-7,4-3-7,2017
Leicester City,Burnley,1–0,4-5-5,7-4-3,2017
Arsenal,Manchester Utd,1–3,9-1-4,10-2-2,2017
Bournemouth,Southampton,1–1,4-2-8,4-4-6,2017
Manchester City,West Ham,2–1,13-1-0,2-4-8,2017
West Ham,Chelsea,1–0,2-4-9,10-2-3,2017
Huddersfield,Brighton,2–0,4-3-8,4-5-6,2017
Crystal Palace,Bournemouth,2–2,2-4-9,4-3-8,2017
Tottenham,Stoke City,5–1,7-4-4,4-4-7,2017
Burnley,Watford,1–0,7-4-4,6-4-5,2017
Swansea City,West Brom,1–0,2-3-10,2-7-6,2017
Newcastle Utd,Leicester City,2–3,4-3-8,5-5-5,2017
Southampton,Arsenal,1–1,4-5-6,9-1-5,2017
Liverpool,Everton,1–1,8-5-2,5-3-7,2017
Manchester Utd,Manchester City,1–2,11-2-2,14-1-0,2017
Burnley,Stoke City,1–0,8-4-4,4-4-8,2017
Crystal Palace,Watford,2–1,2-5-9,6-4-6,2017
Huddersfield,Chelsea,1–3,5-3-8,10-2-4,2017
Newcastle Utd,Everton,0–1,4-3-9,5-4-7,2017
Southampton,Leicester City,1–4,4-6-6,6-5-5,2017
Swansea City,Manchester City,0–4,3-3-10,15-1-0,2017
Liverpool,West Brom,0–0,8-6-2,2-7-7,2017
West Ham,Arsenal,0–0,3-4-9,9-2-5,2017
Tottenham,Brighton,2–0,8-4-4,4-5-7,2017
Manchester Utd,Bournemouth,1–0,11-2-3,4-4-8,2017
Leicester City,Crystal Palace,0–3,7-5-5,3-5-9,2017
Watford,Huddersfield,1–4,6-4-7,5-3-9,2017
Arsenal,Newcastle Utd,1–0,9-3-5,4-3-10,2017
Brighton,Burnley,0–0,4-5-8,9-4-4,2017
Chelsea,Southampton,1–0,11-2-4,4-6-7,2017
Stoke City,West Ham,0–3,4-4-9,3-5-9,2017
Manchester City,Tottenham,4–1,16-1-0,9-4-4,2017
West Brom,Manchester Utd,1–2,2-8-7,12-2-3,2017
Bournemouth,Liverpool,0–4,4-4-9,8-7-2,2017
Everton,Swansea City,3–1,6-4-7,3-3-11,2017
Arsenal,Liverpool,3–3,10-3-5,9-7-2,2017
Everton,Chelsea,0–0,7-4-7,12-2-4,2017
Stoke City,West Brom,3–1,4-4-10,2-8-8,2017
Brighton,Watford,1–0,4-6-8,6-4-8,2017
Swansea City,Crystal Palace,1–1,3-3-12,4-5-9,2017
Southampton,Huddersfield,1–1,4-6-8,6-3-9,2017
Manchester City,Bournemouth,4–0,17-1-0,4-4-10,2017
West Ham,Newcastle Utd,2–3,4-5-9,4-3-11,2017
Burnley,Tottenham,0–3,9-5-4,9-4-5,2017
Leicester City,Manchester Utd,2–2,7-5-6,13-2-3,2017
Tottenham,Southampton,5–2,10-4-5,4-7-8,2017
Bournemouth,West Ham,3–3,4-4-11,4-5-10,2017
Watford,Leicester City,2–1,6-4-9,7-6-6,2017
West Brom,Everton,0–0,2-8-9,7-5-7,2017
Manchester Utd,Burnley,2–2,13-3-3,9-5-5,2017
Huddersfield,Stoke City,1–1,6-4-9,5-4-10,2017
Chelsea,Brighton,2–0,12-3-4,5-6-8,2017
Liverpool,Swansea City,5–0,9-8-2,3-4-12,2017
Newcastle Utd,Manchester City,0–1,5-3-11,18-1-0,2017
Crystal Palace,Arsenal,2–3,4-6-9,10-4-5,2017
Huddersfield,Burnley,0–0,6-5-9,9-6-5,2017
Chelsea,Stoke City,5–0,13-3-4,5-5-10,2017
Bournemouth,Everton,2–1,4-5-11,7-6-7,2017
Liverpool,Leicester City,2–1,10-8-2,7-6-7,2017
Watford,Swansea City,1–2,7-4-9,3-4-13,2017
Newcastle Utd,Brighton,0–0,5-3-12,5-6-9,2017
Manchester Utd,Southampton,0–0,13-4-3,4-7-9,2017
Crystal Palace,Manchester City,0–0,4-6-10,19-1-0,2017
West Brom,Arsenal,1–1,2-9-9,11-4-5,2017
Brighton,Bournemouth,2–2,5-7-9,5-5-11,2017
Leicester City,Huddersfield,3–0,7-6-8,6-6-9,2017
Burnley,Liverpool,1–2,9-7-5,11-8-2,2017
Stoke City,Newcastle Utd,0–1,5-5-11,5-4-12,2017
Everton,Manchester Utd,0–2,7-6-8,13-5-3,2017
West Ham,West Brom,2–1,4-6-10,2-10-9,2017
Swansea City,Tottenham,0–2,4-4-13,11-4-5,2017
Southampton,Crystal Palace,1–2,4-8-9,4-7-10,2017
Manchester City,Watford,3–1,19-2-0,7-4-10,2017
Arsenal,Chelsea,2–2,11-5-5,14-3-4,2017
Tottenham,West Ham,1–1,12-4-5,5-6-10,2017
Newcastle Utd,Swansea City,1–1,6-4-12,4-4-14,2017
Crystal Palace,Burnley,1–0,5-7-10,9-7-6,2017
Chelsea,Leicester City,0–0,14-4-4,8-6-8,2017
Huddersfield,West Ham,1–4,6-6-10,5-7-10,2017
West Brom,Brighton,2–0,2-10-10,5-8-9,2017
Watford,Southampton,2–2,7-4-11,4-8-10,2017
Tottenham,Everton,4–0,12-5-5,7-6-9,2017
Bournemouth,Arsenal,2–1,5-6-11,11-6-5,2017
Liverpool,Manchester City,4–3,12-8-2,20-2-0,2017
Manchester Utd,Stoke City,3–0,14-5-3,5-5-12,2017
Brighton,Chelsea,0–4,5-8-10,14-5-4,2017
Everton,West Brom,1–1,7-6-10,3-10-10,2017
Leicester City,Watford,2–0,8-7-8,7-5-11,2017
Stoke City,Huddersfield,2–0,5-5-13,6-6-11,2017
Arsenal,Crystal Palace,4–1,11-6-6,6-7-10,2017
West Ham,Bournemouth,1–1,6-7-10,6-6-11,2017
Burnley,Manchester Utd,0–1,9-7-7,15-5-3,2017
Manchester City,Newcastle Utd,3–1,20-2-1,6-5-12,2017
Southampton,Tottenham,1–1,4-9-10,13-5-5,2017
Swansea City,Liverpool,1–0,4-5-14,13-8-2,2017
West Ham,Crystal Palace,1–1,6-8-10,6-7-11,2017
Swansea City,Arsenal,3–1,5-5-14,12-6-6,2017
Huddersfield,Liverpool,0–3,6-6-12,13-8-3,2017
Southampton,Brighton,1–1,4-10-10,5-8-11,2017
Chelsea,Bournemouth,0–3,15-5-4,6-7-11,2017
Everton,Leicester City,2–1,7-7-10,9-7-8,2017
Newcastle Utd,Burnley,1–1,6-5-13,9-7-8,2017
Stoke City,Watford,0–0,6-5-13,7-5-12,2017
Manchester City,West Brom,3–0,21-2-1,3-11-10,2017
Tottenham,Manchester Utd,2–0,13-6-5,16-5-3,2017
Burnley,Manchester City,1–1,9-8-8,22-2-1,2017
West Brom,Southampton,2–3,3-11-11,4-11-10,2017
Bournemouth,Stoke City,2–1,7-7-11,6-6-13,2017
Manchester Utd,Huddersfield,2–0,16-5-4,6-6-13,2017
Brighton,West Ham,3–1,5-9-11,6-9-10,2017
Leicester City,Swansea City,1–1,9-7-9,6-5-14,2017
Arsenal,Everton,5–1,12-6-7,8-7-10,2017
Crystal Palace,Newcastle Utd,1–1,6-8-11,6-6-13,2017
Liverpool,Tottenham,2–2,14-8-3,14-6-5,2017
Watford,Chelsea,4–1,7-6-12,15-5-5,2017
Tottenham,Arsenal,1–0,14-7-5,13-6-7,2017
Everton,Crystal Palace,3–1,8-7-11,6-9-11,2017
Swansea City,Burnley,1–0,6-6-14,9-9-8,2017
Stoke City,Brighton,1–1,6-6-14,6-9-11,2017
West Ham,Watford,2–0,6-9-11,8-6-12,2017
Manchester City,Leicester City,5–1,22-3-1,9-8-9,2017
Huddersfield,Bournemouth,4–1,6-6-14,8-7-11,2017
Newcastle Utd,Manchester Utd,1–0,6-7-13,17-5-4,2017
Southampton,Liverpool,0–2,5-11-10,14-9-3,2017
Chelsea,West Brom,3–0,15-5-6,3-11-12,2017
Leicester City,Stoke City,1–1,9-8-10,6-7-14,2017
West Brom,Huddersfield,1–2,3-11-13,7-6-14,2017
Bournemouth,Newcastle Utd,2–2,8-7-12,7-7-13,2017
Liverpool,West Ham,4–1,15-9-3,7-9-11,2017
Burnley,Southampton,1–1,9-9-9,5-11-11,2017
Brighton,Swansea City,4–1,6-10-11,7-6-14,2017
Watford,Everton,1–0,8-6-13,9-7-11,2017
Crystal Palace,Tottenham,0–1,6-9-12,15-7-5,2017
Manchester Utd,Chelsea,2–1,17-5-5,16-5-6,2017
Arsenal,Manchester City,0–3,13-6-8,23-3-1,2017
Burnley,Everton,2–1,9-10-9,9-7-12,2017
Watford,West Brom,1–0,9-6-13,3-11-14,2017
Swansea City,West Ham,4–1,7-6-15,7-9-12,2017
Leicester City,Bournemouth,1–1,9-9-10,8-8-12,2017
Southampton,Stoke City,0–0,5-12-11,6-8-14,2017
Tottenham,Huddersfield,2–0,16-7-5,8-6-14,2017
Liverpool,Newcastle Utd,2–0,16-9-3,7-8-13,2017
Brighton,Arsenal,2–1,7-10-11,13-6-9,2017
Manchester City,Chelsea,1–0,24-3-1,16-5-7,2017
Crystal Palace,Manchester Utd,2–3,6-9-13,18-5-5,2017
Manchester Utd,Liverpool,2–1,19-5-5,17-9-3,2017
West Ham,Burnley,0–3,7-9-13,10-10-9,2017
Newcastle Utd,Southampton,3–0,7-8-14,5-13-11,2017
West Brom,Leicester City,1–4,3-11-15,9-10-10,2017
Everton,Brighton,2–0,9-7-13,8-10-11,2017
Huddersfield,Swansea City,0–0,8-6-15,8-6-15,2017
Chelsea,Crystal Palace,2–1,16-5-8,6-9-14,2017
Arsenal,Watford,3–0,13-6-10,10-6-13,2017
Bournemouth,Tottenham,1–4,8-9-12,17-7-5,2017
Stoke City,Manchester City,0–2,6-9-14,25-3-1,2017
Stoke City,Everton,1–2,6-9-15,10-7-13,2017
Bournemouth,West Brom,2–1,8-9-13,3-11-16,2017
Huddersfield,Crystal Palace,0–2,8-7-15,6-9-15,2017
Liverpool,Watford,5–0,17-9-4,10-6-14,2017
Crystal Palace,Liverpool,1–2,7-9-15,18-9-4,2017
Manchester Utd,Swansea City,2–0,20-5-5,8-7-15,2017
Brighton,Leicester City,0–2,8-10-12,10-10-10,2017
West Brom,Burnley,1–2,3-11-17,11-10-9,2017
West Ham,Southampton,3–0,7-9-14,5-13-12,2017
Newcastle Utd,Huddersfield,1–0,8-8-14,8-7-16,2017
Watford,Bournemouth,2–2,10-6-15,9-9-13,2017
Everton,Manchester City,1–3,11-7-13,26-3-1,2017
Arsenal,Stoke City,3–0,14-6-10,6-9-16,2017
Chelsea,Tottenham,1–3,17-5-8,18-7-5,2017
Everton,Liverpool,0–0,11-7-14,19-9-4,2017
Stoke City,Tottenham,1–2,6-9-17,19-7-5,2017
Leicester City,Newcastle Utd,1–2,11-10-10,9-8-14,2017
Watford,Burnley,1–2,10-7-15,12-10-9,2017
Brighton,Huddersfield,1–1,8-10-13,8-7-17,2017
Bournemouth,Crystal Palace,2–2,9-10-13,7-9-16,2017
West Brom,Swansea City,1–1,3-11-18,8-7-16,2017
Manchester City,Manchester Utd,2–3,27-3-1,21-5-5,2017
Arsenal,Southampton,3–2,15-6-10,5-13-13,2017
Chelsea,West Ham,1–1,17-5-9,8-9-14,2017
Southampton,Chelsea,2–3,5-13-14,17-6-9,2017
Crystal Palace,Brighton,3–2,7-10-16,8-11-13,2017
Huddersfield,Watford,1–0,8-8-17,10-7-16,2017
Burnley,Leicester City,2–1,13-10-9,11-10-11,2017
Swansea City,Everton,1–1,8-8-16,11-8-14,2017
Liverpool,Bournemouth,3–0,19-10-4,9-11-13,2017
Tottenham,Manchester City,1–3,20-7-5,27-3-2,2017
Newcastle Utd,Arsenal,2–1,10-8-14,16-6-10,2017
Manchester Utd,West Brom,0–1,22-5-5,3-12-18,2017
West Ham,Stoke City,1–1,8-10-14,6-9-18,2017
Brighton,Tottenham,1–1,8-11-14,20-7-6,2017
Bournemouth,Manchester Utd,0–2,9-11-14,22-5-6,2017
Burnley,Chelsea,1–2,14-10-9,18-6-9,2017
Leicester City,Southampton,0–0,11-10-12,5-13-15,2017
West Brom,Liverpool,2–2,4-12-18,20-10-4,2017
Watford,Crystal Palace,0–0,10-7-17,8-10-16,2017
Arsenal,West Ham,4–1,16-6-11,8-11-14,2017
Stoke City,Burnley,1–1,6-10-18,14-10-10,2017
Manchester City,Swansea City,5–0,28-3-2,8-9-16,2017
Everton,Newcastle Utd,1–0,11-9-14,11-8-14,2017
Liverpool,Stoke City,0–0,20-11-4,6-11-18,2017
Newcastle Utd,West Brom,0–1,11-8-15,4-13-18,2017
Southampton,Bournemouth,2–1,5-14-15,9-11-15,2017
Huddersfield,Everton,0–2,9-8-17,12-9-14,2017
Crystal Palace,Leicester City,5–0,8-11-16,11-11-12,2017
Burnley,Brighton,0–0,14-11-10,8-12-14,2017
Swansea City,Chelsea,0–1,8-9-17,19-6-9,2017
West Ham,Manchester City,1–4,8-11-15,29-3-2,2017
Manchester Utd,Arsenal,2–1,23-5-6,17-6-11,2017
Tottenham,Watford,2–0,20-8-6,10-8-17,2017
Brighton,Manchester Utd,1–0,8-13-14,24-5-6,2017
Stoke City,Crystal Palace,1–2,6-12-18,9-11-16,2017
Leicester City,West Ham,0–2,11-11-13,8-11-16,2017
West Brom,Tottenham,1–0,5-13-18,21-8-6,2017
Bournemouth,Swansea City,1–0,9-11-16,8-9-18,2017
Watford,Newcastle Utd,2–1,10-8-18,11-8-16,2017
Everton,Southampton,1–1,13-9-14,6-14-15,2017
Manchester City,Huddersfield,0–0,30-3-2,9-8-18,2017
Chelsea,Liverpool,1–0,20-6-9,20-12-4,2017
Arsenal,Burnley,5–0,17-6-12,14-12-10,2017
Swansea City,Southampton,0–1,8-9-19,6-15-15,2017
Leicester City,Arsenal,3–1,11-11-14,18-6-12,2017
Chelsea,Huddersfield,1–1,21-6-9,9-9-18,2017
Tottenham,Newcastle Utd,1–0,21-8-7,11-8-17,2017
Manchester City,Brighton,3–1,30-4-2,9-13-14,2017
West Ham,Manchester Utd,0–0,9-11-16,24-5-7,2017
Swansea City,Stoke City,1–2,8-9-20,6-12-19,2017
Liverpool,Brighton,4–0,20-12-5,9-13-15,2017
Burnley,Bournemouth,1–2,14-12-11,10-11-16,2017
Crystal Palace,West Brom,2–0,10-11-16,6-13-18,2017
West Ham,Everton,3–1,9-12-16,13-10-14,2017
Huddersfield,Arsenal,0–1,9-10-18,18-6-13,2017
Newcastle Utd,Chelsea,3–0,11-8-18,21-7-9,2017
Manchester Utd,Watford,1–0,24-6-7,11-8-18,2017
Southampton,Manchester City,0–1,7-15-15,31-4-2,2017
Tottenham,Leicester City,5–4,22-8-7,12-11-14,2017
Hull City,Leicester City,2–1,0-0-0,0-0-0,2016
Burnley,Swansea City,0–1,0-0-0,0-0-0,2016
Southampton,Watford,1–1,0-0-0,0-0-0,2016
Crystal Palace,West Brom,0–1,0-0-0,0-0-0,2016
Middlesbrough,Stoke City,1–1,0-0-0,0-0-0,2016
Everton,Tottenham,1–1,0-0-0,0-0-0,2016
Manchester City,Sunderland,2–1,0-0-0,0-0-0,2016
Bournemouth,Manchester Utd,1–3,0-0-0,0-0-0,2016
Arsenal,Liverpool,3–4,0-0-0,0-0-0,2016
Chelsea,West Ham,2–1,0-0-0,0-0-0,2016
Manchester Utd,Southampton,2–0,1-0-0,0-1-0,2016
Stoke City,Manchester City,1–4,0-1-0,1-0-0,2016
Swansea City,Hull City,0–2,1-0-0,1-0-0,2016
West Brom,Everton,1–2,1-0-0,0-1-0,2016
Tottenham,Crystal Palace,1–0,0-1-0,0-0-1,2016
Burnley,Liverpool,2–0,0-0-1,1-0-0,2016
Watford,Chelsea,1–2,0-1-0,1-0-0,2016
Leicester City,Arsenal,0–0,0-0-1,0-0-1,2016
Sunderland,Middlesbrough,1–2,0-0-1,0-1-0,2016
West Ham,Bournemouth,1–0,0-0-1,0-0-1,2016
Tottenham,Liverpool,1–1,1-1-0,1-0-1,2016
Everton,Stoke City,1–0,1-1-0,0-1-1,2016
Crystal Palace,Bournemouth,1–1,0-0-2,0-0-2,2016
Chelsea,Burnley,3–0,2-0-0,1-0-1,2016
Southampton,Sunderland,1–1,0-1-1,0-0-2,2016
Watford,Arsenal,1–3,0-1-1,0-1-1,2016
Leicester City,Swansea City,2–1,0-1-1,1-0-1,2016
Hull City,Manchester Utd,0–1,2-0-0,2-0-0,2016
West Brom,Middlesbrough,0–0,1-0-1,1-1-0,2016
Manchester City,West Ham,3–1,2-0-0,1-0-1,2016
Manchester Utd,Manchester City,1–2,3-0-0,3-0-0,2016
Middlesbrough,Crystal Palace,1–2,1-2-0,0-1-2,2016
West Ham,Watford,2–4,1-0-2,0-1-2,2016
Arsenal,Southampton,2–1,1-1-1,0-2-1,2016
Stoke City,Tottenham,0–4,0-1-2,1-2-0,2016
Burnley,Hull City,1–1,1-0-2,2-0-1,2016
Bournemouth,West Brom,1–0,0-1-2,1-1-1,2016
Liverpool,Leicester City,4–1,1-1-1,1-1-1,2016
Swansea City,Chelsea,2–2,1-0-2,3-0-0,2016
Sunderland,Everton,0–3,0-1-2,2-1-0,2016
Chelsea,Liverpool,1–2,3-1-0,2-1-1,2016
West Brom,West Ham,4–2,1-1-2,1-0-3,2016
Leicester City,Burnley,3–0,1-1-2,1-1-2,2016
Manchester City,Bournemouth,4–0,4-0-0,1-1-2,2016
Hull City,Arsenal,1–4,2-1-1,2-1-1,2016
Everton,Middlesbrough,3–1,3-1-0,1-2-1,2016
Watford,Manchester Utd,3–1,1-1-2,3-0-1,2016
Southampton,Swansea City,1–0,0-2-2,1-1-2,2016
Crystal Palace,Stoke City,4–1,1-1-2,0-1-3,2016
Tottenham,Sunderland,1–0,2-2-0,0-1-3,2016
Manchester Utd,Leicester City,4–1,3-0-2,2-1-2,2016
Liverpool,Hull City,5–1,3-1-1,2-1-2,2016
Middlesbrough,Tottenham,1–2,1-2-2,3-2-0,2016
Swansea City,Manchester City,1–3,1-1-3,5-0-0,2016
Sunderland,Crystal Palace,2–3,0-1-4,2-1-2,2016
Stoke City,West Brom,1–1,0-1-4,2-1-2,2016
Bournemouth,Everton,1–0,1-1-3,4-1-0,2016
Arsenal,Chelsea,3–0,3-1-1,3-1-1,2016
West Ham,Southampton,0–3,1-0-4,1-2-2,2016
Burnley,Watford,2–0,1-1-3,2-1-2,2016
Everton,Crystal Palace,1–1,4-1-1,3-1-2,2016
Swansea City,Liverpool,1–2,1-1-4,4-1-1,2016
West Ham,Middlesbrough,1–1,1-0-5,1-2-3,2016
Sunderland,West Brom,1–1,0-1-5,2-2-2,2016
Hull City,Chelsea,0–2,2-1-3,3-1-2,2016
Watford,Bournemouth,2–2,2-1-3,2-1-3,2016
Manchester Utd,Stoke City,1–1,4-0-2,0-2-4,2016
Tottenham,Manchester City,2–0,4-2-0,6-0-0,2016
Leicester City,Southampton,0–0,2-1-3,2-2-2,2016
Burnley,Arsenal,0–1,2-1-3,4-1-1,2016
Chelsea,Leicester City,3–0,4-1-2,2-2-3,2016
Stoke City,Sunderland,2–0,0-3-4,0-2-5,2016
Manchester City,Everton,1–1,6-0-1,4-2-1,2016
Bournemouth,Hull City,6–1,2-2-3,2-1-4,2016
West Brom,Tottenham,1–1,2-3-2,5-2-0,2016
Arsenal,Swansea City,3–2,5-1-1,1-1-5,2016
Crystal Palace,West Ham,0–1,3-2-2,1-1-5,2016
Middlesbrough,Watford,0–1,1-3-3,2-2-3,2016
Southampton,Burnley,3–1,2-3-2,2-1-4,2016
Liverpool,Manchester Utd,0–0,5-1-1,4-1-2,2016
Bournemouth,Tottenham,0–0,3-2-3,5-3-0,2016
Leicester City,Crystal Palace,3–1,2-2-4,3-2-3,2016
Hull City,Stoke City,0–2,2-1-5,1-3-4,2016
Arsenal,Middlesbrough,0–0,6-1-1,1-3-4,2016
West Ham,Sunderland,1–0,2-1-5,0-2-6,2016
Swansea City,Watford,0–0,1-1-6,3-2-3,2016
Burnley,Everton,2–1,2-1-5,4-3-1,2016
Liverpool,West Brom,2–1,5-2-1,2-4-2,2016
Manchester City,Southampton,1–1,6-1-1,3-3-2,2016
Chelsea,Manchester Utd,4–0,5-1-2,4-2-2,2016
Sunderland,Arsenal,1–4,0-2-7,6-2-1,2016
Manchester Utd,Burnley,0–0,4-2-3,3-1-5,2016
West Brom,Manchester City,0–4,2-4-3,6-2-1,2016
Watford,Hull City,1–0,3-3-3,2-1-6,2016
Middlesbrough,Bournemouth,2–0,1-4-4,3-3-3,2016
Tottenham,Leicester City,1–1,5-4-0,3-2-4,2016
Crystal Palace,Liverpool,2–4,3-2-4,6-2-1,2016
Everton,West Ham,2–0,4-3-2,3-1-5,2016
Southampton,Chelsea,0–2,3-4-2,6-1-2,2016
Stoke City,Swansea City,3–1,2-3-4,1-2-6,2016
Burnley,Crystal Palace,3–2,3-2-5,3-2-5,2016
West Ham,Stoke City,1–1,3-1-6,3-3-4,2016
Manchester City,Middlesbrough,1–1,7-2-1,2-4-4,2016
Bournemouth,Sunderland,1–2,3-3-4,0-2-8,2016
Chelsea,Everton,5–0,7-1-2,5-3-2,2016
Arsenal,Tottenham,1–1,7-2-1,5-5-0,2016
Liverpool,Watford,6–1,7-2-1,4-3-3,2016
Hull City,Southampton,2–1,2-1-7,3-4-3,2016
Swansea City,Manchester Utd,1–3,1-2-7,4-3-3,2016
Leicester City,West Brom,1–2,3-3-4,2-4-4,2016
Manchester Utd,Arsenal,1–1,5-3-3,7-3-1,2016
Crystal Palace,Manchester City,1–2,3-2-6,7-3-1,2016
Everton,Swansea City,1–1,5-3-3,1-2-8,2016
Sunderland,Hull City,3–0,1-2-8,3-1-7,2016
Stoke City,Bournemouth,0–1,3-4-4,3-3-5,2016
Southampton,Liverpool,0–0,3-4-4,8-2-1,2016
Watford,Leicester City,2–1,4-3-4,3-3-5,2016
Tottenham,West Ham,3–2,5-6-0,3-2-6,2016
Middlesbrough,Chelsea,0–1,2-5-4,8-1-2,2016
West Brom,Burnley,4–0,3-4-4,4-2-5,2016
Burnley,Manchester City,1–2,4-2-6,8-3-1,2016
Leicester City,Middlesbrough,2–2,3-3-6,2-5-5,2016
Hull City,West Brom,1–1,3-1-8,4-4-4,2016
Liverpool,Sunderland,2–0,8-3-1,2-2-8,2016
Swansea City,Crystal Palace,5–4,1-3-8,3-2-7,2016
Chelsea,Tottenham,2–1,9-1-2,6-6-0,2016
Watford,Stoke City,0–1,5-3-4,3-4-5,2016
Arsenal,Bournemouth,3–1,7-4-1,4-3-5,2016
Manchester Utd,West Ham,1–1,5-4-3,3-2-7,2016
Southampton,Everton,1–0,3-5-4,5-4-3,2016
Manchester City,Chelsea,1–3,9-3-1,10-1-2,2016
Crystal Palace,Southampton,3–0,3-2-8,4-5-4,2016
West Brom,Watford,3–1,4-5-4,5-3-5,2016
Stoke City,Burnley,2–0,4-4-5,4-2-7,2016
Sunderland,Leicester City,2–1,2-2-9,3-4-6,2016
Tottenham,Swansea City,5–0,6-6-1,2-3-8,2016
West Ham,Arsenal,1–5,3-3-7,8-4-1,2016
Bournemouth,Liverpool,4–3,4-3-6,9-3-1,2016
Everton,Manchester Utd,1–1,5-4-4,5-5-3,2016
Middlesbrough,Hull City,1–0,2-6-5,3-2-8,2016
Watford,Everton,3–2,5-3-6,5-5-4,2016
Hull City,Crystal Palace,3–3,3-2-9,4-2-8,2016
Swansea City,Sunderland,3–0,2-3-9,3-2-9,2016
Burnley,Bournemouth,3–2,4-2-8,5-3-6,2016
Arsenal,Stoke City,3–1,9-4-1,5-4-5,2016
Leicester City,Manchester City,4–2,3-4-7,9-3-2,2016
Chelsea,West Brom,1–0,11-1-2,5-5-4,2016
Southampton,Middlesbrough,1–0,4-5-5,3-6-5,2016
Manchester Utd,Tottenham,1–0,5-6-3,7-6-1,2016
Liverpool,West Ham,2–2,9-3-2,3-3-8,2016
Everton,Arsenal,2–1,5-5-5,10-4-1,2016
Bournemouth,Leicester City,1–0,5-3-7,4-4-7,2016
Sunderland,Chelsea,0–1,3-2-10,12-1-2,2016
Middlesbrough,Liverpool,0–3,3-6-6,9-4-2,2016
West Ham,Burnley,1–0,3-4-8,5-2-8,2016
West Brom,Swansea City,3–1,5-5-5,3-3-9,2016
Crystal Palace,Manchester Utd,1–2,4-3-8,6-6-3,2016
Tottenham,Hull City,3–0,7-6-2,3-3-9,2016
Manchester City,Watford,2–0,9-3-3,6-3-6,2016
Stoke City,Southampton,0–0,5-4-6,5-5-5,2016
Crystal Palace,Chelsea,0–1,4-3-9,13-1-2,2016
Sunderland,Watford,1–0,3-2-11,6-3-7,2016
Stoke City,Leicester City,2–2,5-5-6,4-4-8,2016
West Ham,Hull City,1–0,4-4-8,3-3-10,2016
Middlesbrough,Swansea City,3–0,3-6-7,3-3-10,2016
West Brom,Manchester Utd,0–2,6-5-5,7-6-3,2016
Bournemouth,Southampton,1–3,6-3-7,5-6-5,2016
Manchester City,Arsenal,2–1,10-3-3,10-4-2,2016
Tottenham,Burnley,2–1,8-6-2,5-2-9,2016
Everton,Liverpool,0–1,6-5-5,10-4-2,2016
Watford,Crystal Palace,1–1,6-3-8,4-3-10,2016
Chelsea,Bournemouth,3–0,14-1-2,6-3-8,2016
Arsenal,West Brom,1–0,10-4-3,6-5-6,2016
Swansea City,West Ham,1–4,3-3-11,5-4-8,2016
Leicester City,Everton,0–2,4-5-8,6-5-6,2016
Manchester Utd,Sunderland,3–1,8-6-3,4-2-11,2016
Burnley,Middlesbrough,1–0,5-2-10,4-6-7,2016
Hull City,Manchester City,0–3,3-3-11,11-3-3,2016
Liverpool,Stoke City,4–1,11-4-2,5-6-6,2016
Southampton,Tottenham,1–4,6-6-5,9-6-2,2016
Hull City,Everton,2–2,3-3-12,7-5-6,2016
Chelsea,Stoke City,4–2,15-1-2,5-6-7,2016
Leicester City,West Ham,1–0,4-5-9,6-4-8,2016
Southampton,West Brom,1–2,6-6-6,6-5-7,2016
Burnley,Sunderland,4–1,6-2-10,4-2-12,2016
Swansea City,Bournemouth,0–3,3-3-12,6-3-9,2016
Manchester Utd,Middlesbrough,2–1,9-6-3,4-6-8,2016
Liverpool,Manchester City,1–0,12-4-2,12-3-3,2016
Watford,Tottenham,1–4,6-4-8,10-6-2,2016
Arsenal,Crystal Palace,2–0,11-4-3,4-4-10,2016
Middlesbrough,Leicester City,0–0,4-6-9,5-5-9,2016
Manchester City,Burnley,2–1,12-3-4,7-2-10,2016
Everton,Southampton,3–0,7-6-6,6-6-7,2016
West Brom,Hull City,3–1,7-5-7,3-4-12,2016
Sunderland,Liverpool,2–2,4-2-13,13-4-2,2016
West Ham,Manchester Utd,0–2,6-4-9,10-6-3,2016
Bournemouth,Arsenal,3–3,7-3-9,12-4-3,2016
Crystal Palace,Swansea City,1–2,4-4-11,3-3-13,2016
Stoke City,Watford,2–0,5-6-8,6-4-9,2016
Tottenham,Chelsea,2–0,11-6-2,16-1-2,2016
Tottenham,West Brom,4–0,12-6-2,8-5-7,2016
Swansea City,Arsenal,0–4,4-3-13,12-5-3,2016
Sunderland,Stoke City,1–3,4-3-13,6-6-8,2016
Burnley,Southampton,1–0,7-2-11,6-6-8,2016
Hull City,Bournemouth,3–1,3-4-13,7-4-9,2016
Watford,Middlesbrough,0–0,6-4-10,4-7-9,2016
West Ham,Crystal Palace,3–0,6-4-10,4-4-12,2016
Leicester City,Chelsea,0–3,5-6-9,16-1-3,2016
Everton,Manchester City,4–0,8-6-6,13-3-4,2016
Manchester Utd,Liverpool,1–1,11-6-3,13-5-2,2016
Liverpool,Swansea City,2–3,13-6-2,4-3-14,2016
Bournemouth,Watford,2–2,7-4-10,6-5-10,2016
Middlesbrough,West Ham,1–3,4-8-9,7-4-10,2016
West Brom,Sunderland,2–0,8-5-8,4-3-14,2016
Crystal Palace,Everton,0–1,4-4-13,9-6-6,2016
Stoke City,Manchester Utd,1–1,7-6-8,11-7-3,2016
Manchester City,Tottenham,2–2,13-3-5,13-6-2,2016
Southampton,Leicester City,3–0,6-6-9,5-6-10,2016
Arsenal,Burnley,2–1,13-5-3,8-2-11,2016
Chelsea,Hull City,2–0,17-1-3,4-4-13,2016
Sunderland,Tottenham,0–0,4-3-15,13-7-2,2016
Middlesbrough,West Brom,1–1,4-8-10,9-5-8,2016
Burnley,Leicester City,1–0,8-2-12,5-6-11,2016
Bournemouth,Crystal Palace,0–2,7-5-10,4-4-14,2016
Arsenal,Watford,1–2,14-5-3,6-6-10,2016
Swansea City,Southampton,2–1,5-3-14,7-6-9,2016
Liverpool,Chelsea,1–1,13-6-3,18-1-3,2016
West Ham,Manchester City,0–4,8-4-10,13-4-5,2016
Manchester Utd,Hull City,0–0,11-8-3,4-4-14,2016
Stoke City,Everton,1–1,7-7-8,10-6-6,2016
Chelsea,Arsenal,3–1,18-2-3,14-5-4,2016
West Brom,Stoke City,1–0,9-6-8,7-8-8,2016
Everton,Bournemouth,6–3,10-7-6,7-5-11,2016
Crystal Palace,Sunderland,0–4,5-4-14,4-4-15,2016
Hull City,Liverpool,2–0,4-5-14,13-7-3,2016
Watford,Burnley,2–1,7-6-10,9-2-12,2016
Southampton,West Ham,1–3,7-6-10,8-4-11,2016
Tottenham,Middlesbrough,1–0,13-8-2,4-9-10,2016
Manchester City,Swansea City,2–1,14-4-5,6-3-14,2016
Leicester City,Manchester Utd,0–3,5-6-12,11-9-3,2016
Arsenal,Hull City,2–0,14-5-5,5-5-14,2016
Manchester Utd,Watford,2–0,12-9-3,8-6-10,2016
Middlesbrough,Everton,0–0,4-9-11,11-7-6,2016
Stoke City,Crystal Palace,1–0,7-8-9,5-4-15,2016
Sunderland,Southampton,0–4,5-4-15,7-6-11,2016
West Ham,West Brom,2–2,9-4-11,10-6-8,2016
Liverpool,Tottenham,2–0,13-7-4,14-8-2,2016
Burnley,Chelsea,1–1,9-2-13,19-2-3,2016
Swansea City,Leicester City,2–0,6-3-15,5-6-13,2016
Bournemouth,Manchester City,0–2,7-5-12,15-4-5,2016
Chelsea,Swansea City,3–1,19-3-3,7-3-15,2016
West Brom,Bournemouth,2–1,10-7-8,7-5-13,2016
Crystal Palace,Middlesbrough,1–0,5-4-16,4-10-11,2016
Hull City,Burnley,1–1,5-5-15,9-3-13,2016
Everton,Sunderland,2–0,11-8-6,5-4-16,2016
Watford,West Ham,1–1,8-6-11,9-5-11,2016
Tottenham,Stoke City,4–0,14-8-3,8-8-9,2016
Leicester City,Liverpool,3–1,5-6-14,14-7-4,2016
Manchester Utd,Bournemouth,1–1,13-9-3,7-5-14,2016
West Brom,Crystal Palace,0–2,11-7-8,6-4-16,2016
Swansea City,Burnley,3–2,7-3-16,9-4-13,2016
Stoke City,Middlesbrough,2–0,8-8-10,4-10-12,2016
Leicester City,Hull City,3–1,6-6-14,5-6-15,2016
Watford,Southampton,3–4,8-7-11,8-6-11,2016
Liverpool,Arsenal,3–1,14-7-5,15-5-5,2016
Tottenham,Everton,3–2,15-8-3,12-8-6,2016
Sunderland,Manchester City,0–2,5-4-17,16-4-5,2016
West Ham,Chelsea,1–2,9-6-11,20-3-3,2016
Manchester City,Stoke City,0–0,17-4-5,9-8-10,2016
Hull City,Swansea City,2–1,5-6-16,8-3-16,2016
Bournemouth,West Ham,3–2,7-6-14,9-6-12,2016
Everton,West Brom,3–0,12-8-7,11-7-9,2016
Liverpool,Burnley,2–1,15-7-5,9-4-14,2016
West Brom,Arsenal,3–1,11-7-10,15-5-6,2016
Crystal Palace,Watford,1–0,7-4-16,8-7-12,2016
Sunderland,Burnley,0–0,5-4-18,9-4-15,2016
West Ham,Leicester City,2–3,9-6-13,7-6-14,2016
Stoke City,Chelsea,1–2,9-9-10,21-3-3,2016
Everton,Hull City,4–0,13-8-7,6-6-16,2016
Bournemouth,Swansea City,2–0,8-6-14,8-3-17,2016
Middlesbrough,Manchester Utd,1–3,4-10-13,13-10-3,2016
Tottenham,Southampton,2–1,16-8-3,9-6-11,2016
Manchester City,Liverpool,1–1,17-5-5,16-7-5,2016
Liverpool,Everton,3–1,16-8-5,14-8-7,2016
Hull City,West Ham,2–1,6-6-17,9-6-14,2016
Watford,Sunderland,1–0,8-7-13,5-5-18,2016
Leicester City,Stoke City,2–0,8-6-14,9-9-11,2016
Manchester Utd,West Brom,0–0,14-10-3,12-7-10,2016
Burnley,Tottenham,0–2,9-5-15,17-8-3,2016
Chelsea,Crystal Palace,1–2,22-3-3,8-4-16,2016
Southampton,Bournemouth,0–0,9-6-12,9-6-14,2016
Swansea City,Middlesbrough,0–0,8-3-18,4-10-14,2016
Arsenal,Manchester City,2–2,15-5-7,17-6-5,2016
Watford,West Brom,2–0,9-7-13,12-8-10,2016
Leicester City,Sunderland,2–0,9-6-14,5-5-19,2016
Burnley,Stoke City,1–0,9-5-16,9-9-12,2016
Manchester Utd,Everton,1–1,14-11-3,14-8-8,2016
Southampton,Crystal Palace,3–1,9-7-12,9-4-16,2016
Arsenal,West Ham,3–0,15-6-7,9-6-15,2016
Swansea City,Tottenham,1–3,8-4-18,18-8-3,2016
Hull City,Middlesbrough,4–2,7-6-17,4-11-14,2016
Liverpool,Bournemouth,2–2,17-8-5,9-7-14,2016
Chelsea,Manchester City,2–1,22-3-4,17-7-5,2016
Tottenham,Watford,4–0,19-8-3,10-7-13,2016
Manchester City,Hull City,3–1,17-7-6,8-6-17,2016
Stoke City,Liverpool,1–2,9-9-13,17-9-5,2016
Middlesbrough,Burnley,0–0,4-11-15,10-5-16,2016
West Brom,Southampton,0–1,12-8-11,10-7-12,2016
West Ham,Swansea City,1–0,9-6-16,8-4-19,2016
Bournemouth,Chelsea,1–3,9-8-14,23-3-4,2016
Sunderland,Manchester Utd,0–3,5-5-20,14-12-3,2016
Everton,Leicester City,4–2,14-9-8,10-6-14,2016
Crystal Palace,Arsenal,3–0,9-4-17,16-6-7,2016
Tottenham,Bournemouth,4–0,20-8-3,9-8-15,2016
Crystal Palace,Leicester City,2–2,10-4-17,10-6-15,2016
Everton,Burnley,3–1,15-9-8,10-6-16,2016
Stoke City,Hull City,3–1,9-9-14,8-6-18,2016
Watford,Swansea City,1–0,10-7-14,8-4-20,2016
Sunderland,West Ham,2–2,5-5-21,10-6-16,2016
Southampton,Manchester City,0–3,11-7-12,18-7-6,2016
West Brom,Liverpool,0–1,12-8-12,18-9-5,2016
Manchester Utd,Chelsea,2–0,15-12-3,24-3-4,2016
Middlesbrough,Arsenal,1–2,4-12-15,16-6-8,2016
Hull City,Watford,2–0,8-6-19,11-7-14,2016
Swansea City,Stoke City,2–0,8-4-21,10-9-14,2016
Bournemouth,Middlesbrough,4–0,9-8-16,4-12-16,2016
West Ham,Everton,0–0,10-7-16,16-9-8,2016
Burnley,Manchester Utd,0–2,10-6-17,16-12-3,2016
Liverpool,Crystal Palace,1–2,19-9-5,10-5-17,2016
Chelsea,Southampton,4–2,24-3-5,11-7-13,2016
Middlesbrough,Sunderland,1–0,4-12-17,5-6-21,2016
Arsenal,Leicester City,1–0,17-6-8,10-7-15,2016
Crystal Palace,Tottenham,0–1,11-5-17,21-8-3,2016
Manchester City,Manchester Utd,0–0,19-7-6,17-12-3,2016
West Brom,Leicester City,0–1,12-8-13,10-7-16,2016
Southampton,Hull City,0–0,11-7-14,9-6-19,2016
Sunderland,Bournemouth,0–1,5-6-22,10-8-16,2016
Stoke City,West Ham,0–0,10-9-15,10-8-16,2016
Crystal Palace,Burnley,0–2,11-5-18,10-6-18,2016
Manchester Utd,Swansea City,1–1,17-13-3,9-4-21,2016
Middlesbrough,Manchester City,2–2,5-12-17,19-8-6,2016
Everton,Chelsea,0–3,16-10-8,25-3-5,2016
Tottenham,Arsenal,2–0,22-8-3,18-6-8,2016
Watford,Liverpool,0–1,11-7-15,19-9-6,2016
West Ham,Tottenham,1–0,10-9-16,23-8-3,2016
Manchester City,Crystal Palace,5–0,19-9-6,11-5-19,2016
Burnley,West Brom,2–2,11-6-18,12-8-14,2016
Hull City,Sunderland,0–2,9-7-19,5-6-23,2016
Leicester City,Watford,3–0,11-7-16,11-7-16,2016
Bournemouth,Stoke City,2–2,11-8-16,10-10-15,2016
Swansea City,Everton,1–0,9-5-21,16-10-9,2016
Liverpool,Southampton,0–0,20-9-6,11-8-14,2016
Arsenal,Manchester Utd,2–0,18-6-9,17-14-3,2016
Chelsea,Middlesbrough,3–0,26-3-5,5-13-17,2016
Southampton,Arsenal,0–2,11-9-14,19-6-9,2016
Everton,Watford,1–0,16-10-10,11-7-17,2016
West Brom,Chelsea,0–1,12-9-14,27-3-5,2016
Manchester City,Leicester City,2–1,20-9-6,12-7-16,2016
Middlesbrough,Southampton,1–2,5-13-18,11-9-15,2016
Bournemouth,Burnley,2–1,11-9-16,11-7-18,2016
Sunderland,Swansea City,0–2,6-6-23,10-5-21,2016
Stoke City,Arsenal,1–4,10-11-15,20-6-9,2016
Crystal Palace,Hull City,4–0,11-5-20,9-7-20,2016
West Ham,Liverpool,0–4,11-9-16,20-10-6,2016
Tottenham,Manchester Utd,2–1,23-8-4,17-14-4,2016
Chelsea,Watford,4–3,28-3-5,11-7-18,2016
Arsenal,Sunderland,2–0,21-6-9,6-6-24,2016
Manchester City,West Brom,3–1,21-9-6,12-9-15,2016
Southampton,Manchester Utd,0–0,12-9-15,17-14-5,2016
Leicester City,Tottenham,1–6,12-7-17,24-8-4,2016
Swansea City,West Brom,2–1,11-5-21,12-9-16,2016
Chelsea,Sunderland,5–1,29-3-5,6-6-25,2016
Arsenal,Everton,3–1,22-6-9,17-10-10,2016
Southampton,Stoke City,0–1,12-10-15,10-11-16,2016
Hull City,Tottenham,1–7,9-7-21,25-8-4,2016
Manchester Utd,Crystal Palace,2–0,17-15-5,12-5-20,2016
Liverpool,Middlesbrough,3–0,21-10-6,5-13-19,2016
Watford,Manchester City,0–5,11-7-19,22-9-6,2016
Burnley,West Ham,1–2,11-7-19,11-9-17,2016
Leicester City,Bournemouth,1–1,12-7-18,12-9-16,2016
Manchester Utd,Tottenham,1–0,0-0-0,0-0-0,2015
Norwich City,Crystal Palace,1–3,0-0-0,0-0-0,2015
Leicester City,Sunderland,4–2,0-0-0,0-0-0,2015
Everton,Watford,2–2,0-0-0,0-0-0,2015
Bournemouth,Aston Villa,0–1,0-0-0,0-0-0,2015
Chelsea,Swansea City,2–2,0-0-0,0-0-0,2015
Newcastle Utd,Southampton,2–2,0-0-0,0-0-0,2015
Arsenal,West Ham,0–2,0-0-0,0-0-0,2015
Stoke City,Liverpool,0–1,0-0-0,0-0-0,2015
West Brom,Manchester City,0–3,0-0-0,0-0-0,2015
Aston Villa,Manchester Utd,0–1,1-0-0,1-0-0,2015
Southampton,Everton,0–3,0-1-0,0-1-0,2015
Sunderland,Norwich City,1–3,0-0-1,0-0-1,2015
Watford,West Brom,0–0,0-1-0,0-0-1,2015
West Ham,Leicester City,1–2,1-0-0,1-0-0,2015
Swansea City,Newcastle Utd,2–0,0-1-0,0-1-0,2015
Tottenham,Stoke City,2–2,0-0-1,0-0-1,2015
Crystal Palace,Arsenal,1–2,1-0-0,0-0-1,2015
Manchester City,Chelsea,3–0,1-0-0,0-1-0,2015
Liverpool,Bournemouth,1–0,1-0-0,0-0-1,2015
Manchester Utd,Newcastle Utd,0–0,2-0-0,0-1-1,2015
Leicester City,Tottenham,1–1,2-0-0,0-1-1,2015
Crystal Palace,Aston Villa,2–1,1-0-1,1-0-1,2015
Norwich City,Stoke City,1–1,1-0-1,0-1-1,2015
West Ham,Bournemouth,3–4,1-0-1,0-0-2,2015
Sunderland,Swansea City,1–1,0-0-2,1-1-0,2015
West Brom,Chelsea,2–3,0-1-1,0-1-1,2015
Watford,Southampton,0–0,0-2-0,0-1-1,2015
Everton,Manchester City,0–2,1-1-0,2-0-0,2015
Arsenal,Liverpool,0–0,1-0-1,2-0-0,2015
Newcastle Utd,Arsenal,0–1,0-2-1,1-1-1,2015
Chelsea,Crystal Palace,1–2,1-1-1,2-0-1,2015
Bournemouth,Leicester City,1–1,1-0-2,2-1-0,2015
Stoke City,West Brom,0–1,0-2-1,0-1-2,2015
Liverpool,West Ham,0–3,2-1-0,1-0-2,2015
Aston Villa,Sunderland,2–2,1-0-2,0-1-2,2015
Manchester City,Watford,2–0,3-0-0,0-3-0,2015
Tottenham,Everton,0–0,0-2-1,1-1-1,2015
Southampton,Norwich City,3–0,0-2-1,1-1-1,2015
Swansea City,Manchester Utd,2–1,1-2-0,2-1-0,2015
Everton,Chelsea,3–1,1-2-1,1-1-2,2015
Norwich City,Bournemouth,3–1,1-1-2,1-1-2,2015
Arsenal,Stoke City,2–0,2-1-1,0-2-2,2015
Watford,Swansea City,1–0,0-3-1,2-2-0,2015
West Brom,Southampton,0–0,1-1-2,1-2-1,2015
Crystal Palace,Manchester City,0–1,3-0-1,4-0-0,2015
Manchester Utd,Liverpool,3–1,2-1-1,2-1-1,2015
Sunderland,Tottenham,0–1,0-2-2,0-3-1,2015
Leicester City,Aston Villa,3–2,2-2-0,1-1-2,2015
West Ham,Newcastle Utd,2–0,2-0-2,0-2-2,2015
Chelsea,Arsenal,2–0,1-1-3,3-1-1,2015
Newcastle Utd,Watford,1–2,0-2-3,1-3-1,2015
Swansea City,Everton,0–0,2-2-1,2-2-1,2015
Aston Villa,West Brom,0–1,1-1-3,1-2-2,2015
Bournemouth,Sunderland,2–0,1-1-3,0-2-3,2015
Stoke City,Leicester City,2–2,0-2-3,3-2-0,2015
Manchester City,West Ham,1–2,5-0-0,3-0-2,2015
Tottenham,Crystal Palace,1–0,1-3-1,3-0-2,2015
Liverpool,Norwich City,1–1,2-1-2,2-1-2,2015
Southampton,Manchester Utd,2–3,1-3-1,3-1-1,2015
Tottenham,Manchester City,4–1,2-3-1,5-0-1,2015
Stoke City,Bournemouth,2–1,0-3-3,2-1-3,2015
Manchester Utd,Sunderland,3–0,4-1-1,0-2-4,2015
Leicester City,Arsenal,2–5,3-3-0,3-1-2,2015
Southampton,Swansea City,3–1,1-3-2,2-3-1,2015
Liverpool,Aston Villa,3–2,2-2-2,1-1-4,2015
West Ham,Norwich City,2–2,4-0-2,2-2-2,2015
Newcastle Utd,Chelsea,2–2,0-2-4,2-1-3,2015
Watford,Crystal Palace,0–1,2-3-1,3-0-3,2015
West Brom,Everton,2–3,2-2-2,2-3-1,2015
Crystal Palace,West Brom,2–0,4-0-3,2-2-3,2015
Aston Villa,Stoke City,0–1,1-1-5,1-3-3,2015
Norwich City,Leicester City,1–2,2-3-2,3-3-1,2015
Manchester City,Newcastle Utd,6–1,5-0-2,0-3-4,2015
Sunderland,West Ham,2–2,0-2-5,4-1-2,2015
Bournemouth,Watford,1–1,2-1-4,2-3-2,2015
Chelsea,Southampton,1–3,2-2-3,2-3-2,2015
Everton,Liverpool,1–1,3-3-1,3-2-2,2015
Arsenal,Manchester Utd,3–0,4-1-2,5-1-1,2015
Swansea City,Tottenham,2–2,2-3-2,3-3-1,2015
Tottenham,Liverpool,0–0,3-4-1,3-3-2,2015
West Brom,Sunderland,1–0,2-2-4,0-3-5,2015
Southampton,Leicester City,2–2,3-3-2,4-3-1,2015
Chelsea,Aston Villa,2–0,2-2-4,1-1-6,2015
Manchester City,Bournemouth,5–1,6-0-2,2-2-4,2015
Crystal Palace,West Ham,1–3,5-0-3,4-2-2,2015
Everton,Manchester Utd,0–3,3-4-1,5-1-2,2015
Watford,Arsenal,0–3,2-4-2,5-1-2,2015
Newcastle Utd,Norwich City,6–2,0-3-5,2-3-3,2015
Swansea City,Stoke City,0–1,2-4-2,2-3-3,2015
Stoke City,Watford,0–2,3-3-3,2-4-3,2015
West Ham,Chelsea,2–1,5-2-2,3-2-4,2015
Norwich City,West Brom,0–1,2-3-4,3-2-4,2015
Aston Villa,Swansea City,1–2,1-1-7,2-4-3,2015
Leicester City,Crystal Palace,1–0,4-4-1,5-0-4,2015
Arsenal,Everton,2–1,6-1-2,3-4-2,2015
Sunderland,Newcastle Utd,3–0,0-3-6,1-3-5,2015
Manchester Utd,Manchester City,0–0,6-1-2,7-0-2,2015
Bournemouth,Tottenham,1–5,2-2-5,3-5-1,2015
Liverpool,Southampton,1–1,3-4-2,3-4-2,2015
Chelsea,Liverpool,1–3,3-2-5,3-5-2,2015
Crystal Palace,Manchester Utd,0–0,5-0-5,6-2-2,2015
Manchester City,Norwich City,2–1,7-1-2,2-3-5,2015
Swansea City,Arsenal,0–3,3-4-3,7-1-2,2015
Newcastle Utd,Stoke City,0–0,1-3-6,3-3-4,2015
West Brom,Leicester City,2–3,4-2-4,5-4-1,2015
Watford,West Ham,2–0,3-4-3,6-2-2,2015
Everton,Sunderland,6–2,3-4-3,1-3-6,2015
Southampton,Bournemouth,2–0,3-5-2,2-2-6,2015
Tottenham,Aston Villa,3–1,4-5-1,1-1-8,2015
Bournemouth,Newcastle Utd,0–1,2-2-7,1-4-6,2015
West Ham,Everton,1–1,6-2-3,4-4-3,2015
Sunderland,Southampton,0–1,1-3-7,4-5-2,2015
Leicester City,Watford,2–1,6-4-1,4-4-3,2015
Norwich City,Swansea City,1–0,2-3-6,3-4-4,2015
Manchester Utd,West Brom,2–0,6-3-2,4-2-5,2015
Stoke City,Chelsea,1–0,3-4-4,3-2-6,2015
Aston Villa,Manchester City,0–0,1-1-9,8-1-2,2015
Liverpool,Crystal Palace,1–2,4-5-2,5-1-5,2015
Arsenal,Tottenham,1–1,8-1-2,5-5-1,2015
Watford,Manchester Utd,1–2,4-4-4,7-3-2,2015
Newcastle Utd,Leicester City,0–3,2-4-6,7-4-1,2015
Swansea City,Bournemouth,2–2,3-4-5,2-2-8,2015
Southampton,Stoke City,0–1,5-5-2,4-4-4,2015
Everton,Aston Villa,4–0,4-5-3,1-2-9,2015
Chelsea,Norwich City,1–0,3-2-7,3-3-6,2015
West Brom,Arsenal,2–1,4-2-6,8-2-2,2015
Manchester City,Liverpool,1–4,8-2-2,4-5-3,2015
Tottenham,West Ham,4–1,5-6-1,6-3-3,2015
Crystal Palace,Sunderland,0–1,6-1-5,1-3-8,2015
Sunderland,Stoke City,2–0,2-3-8,5-4-4,2015
Bournemouth,Everton,3–3,2-3-8,5-5-3,2015
Crystal Palace,Newcastle Utd,5–1,6-1-6,2-4-7,2015
Manchester City,Southampton,3–1,8-2-3,5-5-3,2015
Aston Villa,Watford,2–3,1-2-10,4-4-5,2015
Leicester City,Manchester Utd,1–1,8-4-1,8-3-2,2015
Tottenham,Chelsea,0–0,6-6-1,4-2-7,2015
West Ham,West Brom,1–1,6-3-4,5-2-6,2015
Liverpool,Swansea City,1–0,5-5-3,3-5-5,2015
Norwich City,Arsenal,1–1,3-3-7,8-2-3,2015
Stoke City,Manchester City,2–0,5-4-5,9-2-3,2015
Southampton,Aston Villa,1–1,5-5-4,1-2-11,2015
Arsenal,Sunderland,3–1,8-3-3,3-3-8,2015
West Brom,Tottenham,1–1,5-3-6,6-7-1,2015
Manchester Utd,West Ham,0–0,8-4-2,6-4-4,2015
Swansea City,Leicester City,0–3,3-5-6,8-5-1,2015
Watford,Norwich City,2–0,5-4-5,3-4-7,2015
Chelsea,Bournemouth,0–1,4-3-7,2-4-8,2015
Newcastle Utd,Liverpool,2–0,2-4-8,6-5-3,2015
Everton,Crystal Palace,1–1,5-6-3,7-1-6,2015
Norwich City,Everton,1–1,3-4-8,5-7-3,2015
West Ham,Stoke City,0–0,6-5-4,6-4-5,2015
Crystal Palace,Southampton,1–0,7-2-6,5-6-4,2015
Sunderland,Watford,0–1,3-3-9,6-4-5,2015
Manchester City,Swansea City,2–1,9-2-4,3-5-7,2015
Bournemouth,Manchester Utd,2–1,3-4-8,8-5-2,2015
Aston Villa,Arsenal,0–2,1-3-11,9-3-3,2015
Liverpool,West Brom,2–2,6-5-4,5-4-6,2015
Tottenham,Newcastle Utd,1–2,6-8-1,3-4-8,2015
Leicester City,Chelsea,2–1,9-5-1,4-3-8,2015
Stoke City,Crystal Palace,1–2,6-5-5,8-2-6,2015
West Brom,Bournemouth,1–2,5-5-6,4-4-8,2015
Southampton,Tottenham,0–2,5-6-5,6-8-2,2015
Everton,Leicester City,2–3,5-8-3,10-5-1,2015
Chelsea,Sunderland,3–1,4-3-9,3-3-10,2015
Manchester Utd,Norwich City,1–2,8-5-3,3-5-8,2015
Newcastle Utd,Aston Villa,1–1,4-4-8,1-3-12,2015
Watford,Liverpool,3–0,7-4-5,6-6-4,2015
Swansea City,West Ham,0–0,3-5-8,6-6-4,2015
Arsenal,Manchester City,2–1,10-3-3,10-2-4,2015
Stoke City,Manchester Utd,2–0,6-5-6,8-5-4,2015
Bournemouth,Crystal Palace,0–0,5-4-8,9-2-6,2015
Tottenham,Norwich City,3–0,7-8-2,4-5-8,2015
Manchester City,Sunderland,4–1,10-2-5,3-3-11,2015
Swansea City,West Brom,1–0,3-6-8,5-5-7,2015
Liverpool,Leicester City,1–0,6-6-5,11-5-1,2015
Chelsea,Watford,2–2,5-3-9,8-4-5,2015
Aston Villa,West Ham,1–1,1-4-12,6-7-4,2015
Newcastle Utd,Everton,0–1,4-5-8,5-8-4,2015
Southampton,Arsenal,4–0,5-6-6,11-3-3,2015
Watford,Tottenham,1–2,8-5-5,8-8-2,2015
West Brom,Newcastle Utd,1–0,5-5-8,4-5-9,2015
Everton,Stoke City,3–4,6-8-4,7-5-6,2015
Norwich City,Aston Villa,2–0,4-5-9,1-5-12,2015
Crystal Palace,Swansea City,0–0,9-3-6,4-6-8,2015
West Ham,Southampton,2–1,6-8-4,6-6-6,2015
Arsenal,Bournemouth,2–0,11-3-4,5-5-8,2015
Manchester Utd,Chelsea,0–0,8-5-5,5-4-9,2015
Leicester City,Manchester City,0–0,11-5-2,11-2-5,2015
Sunderland,Liverpool,0–1,3-3-12,7-6-5,2015
West Ham,Liverpool,2–0,7-8-4,8-6-5,2015
Norwich City,Southampton,1–0,5-5-9,6-6-7,2015
Manchester Utd,Swansea City,2–1,8-6-5,4-7-8,2015
Arsenal,Newcastle Utd,1–0,12-3-4,4-5-10,2015
West Brom,Stoke City,2–1,6-5-8,8-5-6,2015
Sunderland,Aston Villa,3–1,3-3-13,1-5-13,2015
Leicester City,Bournemouth,0–0,11-6-2,5-5-9,2015
Watford,Manchester City,1–2,8-5-6,11-3-5,2015
Crystal Palace,Chelsea,0–3,9-4-6,5-5-9,2015
Everton,Tottenham,1–1,6-8-5,9-8-2,2015
Aston Villa,Crystal Palace,1–0,1-5-14,9-4-7,2015
Newcastle Utd,Manchester Utd,3–3,4-5-11,9-6-5,2015
Bournemouth,West Ham,1–3,5-6-9,8-8-4,2015
Swansea City,Sunderland,2–4,4-7-9,4-3-13,2015
Stoke City,Norwich City,3–1,8-5-7,6-5-9,2015
Southampton,Watford,2–0,6-6-8,8-5-7,2015
Chelsea,West Brom,2–2,6-5-9,7-5-8,2015
Manchester City,Everton,0–0,12-3-5,6-9-5,2015
Tottenham,Leicester City,0–1,9-9-2,11-7-2,2015
Liverpool,Arsenal,3–3,8-6-6,13-3-4,2015
Tottenham,Sunderland,4–1,9-9-3,5-3-13,2015
Bournemouth,Norwich City,3–0,5-6-10,6-5-10,2015
Southampton,West Brom,3–0,7-6-8,7-6-8,2015
Chelsea,Everton,3–3,6-6-9,6-10-5,2015
Newcastle Utd,West Ham,2–1,4-6-11,9-8-4,2015
Manchester City,Crystal Palace,4–0,12-4-5,9-4-8,2015
Aston Villa,Leicester City,1–1,2-5-14,12-7-2,2015
Liverpool,Manchester Utd,0–1,8-7-6,9-7-5,2015
Stoke City,Arsenal,0–0,9-5-7,13-4-4,2015
Swansea City,Watford,1–0,4-7-10,8-5-8,2015
Norwich City,Liverpool,4–5,6-5-11,8-7-7,2015
Manchester Utd,Southampton,0–1,10-7-5,8-6-8,2015
Watford,Newcastle Utd,2–1,8-5-9,5-6-11,2015
Leicester City,Stoke City,3–0,12-8-2,9-6-7,2015
Sunderland,Bournemouth,1–1,5-3-14,6-6-10,2015
West Brom,Aston Villa,0–0,7-6-9,2-6-14,2015
Crystal Palace,Tottenham,1–3,9-4-9,10-9-3,2015
West Ham,Manchester City,2–2,9-8-5,13-4-5,2015
Everton,Swansea City,1–2,6-11-5,5-7-10,2015
Arsenal,Chelsea,0–1,13-5-4,6-7-9,2015
Sunderland,Manchester City,0–1,5-4-14,13-5-5,2015
West Ham,Aston Villa,2–0,9-9-5,2-7-14,2015
Leicester City,Liverpool,2–0,13-8-2,9-7-7,2015
Arsenal,Southampton,0–0,13-5-5,9-6-8,2015
Norwich City,Tottenham,0–3,6-5-12,11-9-3,2015
Manchester Utd,Stoke City,3–0,10-7-6,9-6-8,2015
Crystal Palace,Bournemouth,1–2,9-4-10,6-7-10,2015
West Brom,Swansea City,1–1,7-7-9,6-7-10,2015
Watford,Chelsea,0–0,9-5-9,7-7-9,2015
Everton,Newcastle Utd,3–0,6-11-6,5-6-12,2015
Manchester City,Leicester City,1–3,14-5-5,14-8-2,2015
Stoke City,Everton,0–3,9-6-9,7-11-6,2015
Swansea City,Crystal Palace,1–1,6-8-10,9-4-11,2015
Liverpool,Sunderland,2–2,9-7-8,5-4-15,2015
Tottenham,Watford,1–0,12-9-3,9-6-9,2015
Newcastle Utd,West Brom,1–0,5-6-13,7-8-9,2015
Aston Villa,Norwich City,2–0,2-7-15,6-5-13,2015
Southampton,West Ham,1–0,9-7-8,10-9-5,2015
Bournemouth,Arsenal,0–2,7-7-10,13-6-5,2015
Chelsea,Manchester Utd,1–1,7-8-9,11-7-6,2015
Sunderland,Manchester Utd,2–1,5-5-15,11-8-6,2015
Swansea City,Southampton,0–1,6-9-10,10-7-8,2015
Crystal Palace,Watford,1–2,9-5-11,9-6-10,2015
Everton,West Brom,0–1,8-11-6,7-8-10,2015
Norwich City,West Ham,2–2,6-5-14,10-9-6,2015
Bournemouth,Stoke City,1–3,7-7-11,9-6-10,2015
Chelsea,Newcastle Utd,5–1,7-9-9,6-6-13,2015
Arsenal,Leicester City,2–1,14-6-5,15-8-2,2015
Aston Villa,Liverpool,0–6,3-7-15,9-8-8,2015
Manchester City,Tottenham,1–2,14-5-6,13-9-3,2015
West Ham,Sunderland,1–0,10-10-6,6-5-15,2015
Leicester City,Norwich City,1–0,15-8-3,6-6-14,2015
Stoke City,Aston Villa,2–1,10-6-10,3-7-16,2015
Watford,Bournemouth,0–0,10-6-10,7-7-12,2015
Southampton,Chelsea,1–2,11-7-8,8-9-9,2015
West Brom,Crystal Palace,3–2,8-8-10,9-5-12,2015
Manchester Utd,Arsenal,3–2,11-8-7,15-6-5,2015
Tottenham,Swansea City,2–1,14-9-3,6-9-11,2015
Leicester City,West Brom,2–2,16-8-3,9-8-10,2015
Norwich City,Chelsea,1–2,6-6-15,9-9-9,2015
Aston Villa,Everton,1–3,3-7-17,8-11-7,2015
Bournemouth,Southampton,2–0,7-8-12,11-7-9,2015
Sunderland,Crystal Palace,2–2,6-5-16,9-5-13,2015
Stoke City,Newcastle Utd,1–0,11-6-10,6-6-14,2015
West Ham,Tottenham,1–0,11-10-6,15-9-3,2015
Arsenal,Swansea City,1–2,15-6-6,6-9-12,2015
Manchester Utd,Watford,1–0,12-8-7,10-7-10,2015
Liverpool,Manchester City,3–0,10-8-8,14-5-7,2015
Tottenham,Arsenal,2–2,15-9-4,15-6-7,2015
Swansea City,Norwich City,1–0,7-9-12,6-6-16,2015
Manchester City,Aston Villa,4–0,14-5-8,3-7-18,2015
Everton,West Ham,2–3,9-11-7,12-10-6,2015
Newcastle Utd,Bournemouth,1–3,6-6-15,8-8-12,2015
Southampton,Sunderland,1–1,11-7-10,6-6-16,2015
Chelsea,Stoke City,1–1,10-9-9,12-6-10,2015
Watford,Leicester City,0–1,10-7-11,16-9-3,2015
Crystal Palace,Liverpool,1–2,9-6-13,11-8-8,2015
West Brom,Manchester Utd,1–0,9-9-10,13-8-7,2015
Norwich City,Manchester City,0–0,6-6-17,15-5-8,2015
Bournemouth,Swansea City,3–2,9-8-12,8-9-12,2015
Stoke City,Southampton,1–2,12-7-10,11-8-10,2015
Aston Villa,Tottenham,0–2,3-7-19,15-10-4,2015
Leicester City,Newcastle Utd,1–0,17-9-3,6-6-16,2015
Everton,Arsenal,0–2,9-11-8,15-7-7,2015
Watford,Stoke City,1–2,10-7-12,12-7-11,2015
Chelsea,West Ham,2–2,10-10-9,13-10-6,2015
Crystal Palace,Leicester City,0–1,9-6-14,18-9-3,2015
West Brom,Norwich City,0–1,10-9-10,6-7-17,2015
Swansea City,Aston Villa,1–0,8-9-13,3-7-20,2015
Newcastle Utd,Sunderland,1–1,6-6-17,6-7-16,2015
Southampton,Liverpool,3–2,12-8-10,12-8-8,2015
Tottenham,Bournemouth,3–0,16-10-4,10-8-12,2015
Manchester City,Manchester Utd,0–1,15-6-8,13-8-8,2015
Aston Villa,Chelsea,0–4,3-7-21,10-11-9,2015
Arsenal,Watford,4–0,16-7-7,10-7-13,2015
Norwich City,Newcastle Utd,3–2,7-7-17,6-7-17,2015
Stoke City,Swansea City,2–2,13-7-11,9-9-13,2015
West Ham,Crystal Palace,2–2,13-11-6,9-6-15,2015
Sunderland,West Brom,0–0,6-8-16,10-9-11,2015
Bournemouth,Manchester City,0–4,10-8-13,15-6-9,2015
Liverpool,Tottenham,1–1,12-8-9,17-10-4,2015
Leicester City,Southampton,1–0,19-9-3,13-8-10,2015
Manchester Utd,Everton,1–0,14-8-8,9-11-9,2015
West Ham,Arsenal,3–3,13-12-6,17-7-7,2015
Crystal Palace,Norwich City,1–0,9-7-15,8-7-17,2015
Swansea City,Chelsea,1–0,9-10-13,11-11-9,2015
Southampton,Newcastle Utd,3–1,13-8-11,6-7-18,2015
Aston Villa,Bournemouth,1–2,3-7-22,10-8-14,2015
Watford,Everton,1–1,10-7-14,9-11-10,2015
Manchester City,West Brom,2–1,16-6-9,10-10-11,2015
Sunderland,Leicester City,0–2,6-9-16,20-9-3,2015
Tottenham,Manchester Utd,3–0,17-11-4,15-8-8,2015
Liverpool,Stoke City,4–1,12-9-9,13-8-11,2015
Crystal Palace,Everton,0–0,10-7-15,9-12-10,2015
Norwich City,Sunderland,0–3,8-7-18,6-9-17,2015
Newcastle Utd,Swansea City,3–0,6-7-19,10-10-13,2015
Everton,Southampton,1–1,9-13-10,14-8-11,2015
Manchester Utd,Aston Villa,1–0,15-8-9,3-7-23,2015
West Brom,Watford,0–1,10-10-12,10-8-14,2015
Chelsea,Manchester City,0–3,11-11-10,17-6-9,2015
Bournemouth,Liverpool,1–2,11-8-14,13-9-9,2015
Leicester City,West Ham,2–2,21-9-3,13-13-6,2015
Arsenal,Crystal Palace,1–1,17-8-7,10-8-15,2015
Stoke City,Tottenham,0–4,13-8-12,18-11-4,2015
Newcastle Utd,Manchester City,1–1,7-7-19,18-6-9,2015
West Ham,Watford,3–1,13-14-6,11-8-14,2015
Liverpool,Everton,4–0,14-9-9,9-14-10,2015
Manchester Utd,Crystal Palace,2–0,16-8-9,10-9-15,2015
Arsenal,West Brom,2–0,17-9-7,10-10-13,2015
Manchester City,Stoke City,4–0,18-7-9,13-8-13,2015
Aston Villa,Southampton,2–4,3-7-24,14-9-11,2015
Bournemouth,Chelsea,1–4,11-8-15,11-11-11,2015
Liverpool,Newcastle Utd,2–2,15-9-9,7-8-19,2015
Sunderland,Arsenal,0–0,7-9-17,18-9-7,2015
Leicester City,Swansea City,4–0,21-10-3,10-10-14,2015
Tottenham,West Brom,1–1,19-11-4,10-10-14,2015
Everton,Bournemouth,2–1,9-14-11,11-8-16,2015
Watford,Aston Villa,3–2,11-8-15,3-7-25,2015
West Brom,West Ham,0–3,10-11-14,14-14-6,2015
Stoke City,Sunderland,1–1,13-8-14,7-10-17,2015
Newcastle Utd,Crystal Palace,1–0,7-9-19,10-9-16,2015
Arsenal,Norwich City,1–0,18-10-7,8-7-19,2015
Swansea City,Liverpool,3–1,10-10-15,15-10-9,2015
Manchester Utd,Leicester City,1–1,17-8-9,22-10-3,2015
Southampton,Manchester City,4–2,15-9-11,19-7-9,2015
Chelsea,Tottenham,2–2,12-11-11,19-12-4,2015
Norwich City,Manchester Utd,0–1,8-7-20,17-9-9,2015
Bournemouth,West Brom,1–1,11-8-17,10-11-15,2015
Sunderland,Chelsea,3–2,7-11-17,12-12-11,2015
Aston Villa,Newcastle Utd,0–0,3-7-26,8-9-19,2015
West Ham,Swansea City,1–4,15-14-6,11-10-15,2015
Crystal Palace,Stoke City,2–1,10-9-17,13-9-14,2015
Leicester City,Everton,3–1,22-11-3,10-14-11,2015
Tottenham,Southampton,1–2,19-13-4,16-9-11,2015
Liverpool,Watford,2–0,15-10-10,12-8-15,2015
Manchester City,Arsenal,2–2,19-7-10,19-10-7,2015
West Ham,Manchester Utd,3–2,15-14-7,18-9-9,2015
Sunderland,Everton,3–0,8-11-17,10-14-12,2015
Norwich City,Watford,4–2,8-7-21,12-8-16,2015
Liverpool,Chelsea,1–1,16-10-10,12-12-12,2015
Southampton,Crystal Palace,4–1,17-9-11,11-9-17,2015
Newcastle Utd,Tottenham,5–1,8-10-19,19-13-5,2015
Swansea City,Manchester City,1–1,12-10-15,19-8-10,2015
West Brom,Liverpool,1–1,10-12-15,16-11-10,2015
Watford,Sunderland,2–2,12-8-17,9-11-17,2015
Chelsea,Leicester City,1–1,12-13-12,23-11-3,2015
Everton,Norwich City,3–0,10-14-13,9-7-21,2015
Arsenal,Aston Villa,4–0,19-11-7,3-8-26,2015
Stoke City,West Ham,2–1,13-9-15,16-14-7,2015
Manchester Utd,Bournemouth,3–1,18-9-10,11-9-17,2015
Manchester Utd,Swansea City,1–2,0-0-0,0-0-0,2014
Stoke City,Aston Villa,0–1,0-0-0,0-0-0,2014
Leicester City,Everton,2–2,0-0-0,0-0-0,2014
QPR,Hull City,0–1,0-0-0,0-0-0,2014
West Ham,Tottenham,0–1,0-0-0,0-0-0,2014
West Brom,Sunderland,2–2,0-0-0,0-0-0,2014
Arsenal,Crystal Palace,2–1,0-0-0,0-0-0,2014
Liverpool,Southampton,2–1,0-0-0,0-0-0,2014
Newcastle Utd,Manchester City,0–2,0-0-0,0-0-0,2014
Burnley,Chelsea,1–3,0-0-0,0-0-0,2014
Aston Villa,Newcastle Utd,0–0,1-0-0,0-0-1,2014
Swansea City,Burnley,1–0,1-0-0,0-0-1,2014
Crystal Palace,West Ham,1–3,0-0-1,0-0-1,2014
Chelsea,Leicester City,2–0,1-0-0,0-1-0,2014
Southampton,West Brom,0–0,0-0-1,0-1-0,2014
Everton,Arsenal,2–2,0-1-0,1-0-0,2014
Tottenham,QPR,4–0,1-0-0,0-0-1,2014
Hull City,Stoke City,1–1,1-0-0,0-0-1,2014
Sunderland,Manchester Utd,1–1,0-1-0,0-0-1,2014
Manchester City,Liverpool,3–1,1-0-0,1-0-0,2014
Burnley,Manchester Utd,0–0,0-0-2,0-1-1,2014
QPR,Sunderland,1–0,0-0-2,0-2-0,2014
Manchester City,Stoke City,0–1,2-0-0,0-1-1,2014
West Ham,Southampton,1–3,1-0-1,0-1-1,2014
Swansea City,West Brom,3–0,2-0-0,0-2-0,2014
Newcastle Utd,Crystal Palace,3–3,0-1-1,0-0-2,2014
Everton,Chelsea,3–6,0-2-0,2-0-0,2014
Tottenham,Liverpool,0–3,2-0-0,1-0-1,2014
Aston Villa,Hull City,2–1,1-1-0,1-1-0,2014
Leicester City,Arsenal,1–1,0-1-1,1-1-0,2014
Arsenal,Manchester City,2–2,1-2-0,2-0-1,2014
Stoke City,Leicester City,0–1,1-1-1,0-2-1,2014
West Brom,Everton,0–2,0-2-1,0-2-1,2014
Southampton,Newcastle Utd,4–0,1-1-1,0-2-1,2014
Sunderland,Tottenham,2–2,0-2-1,2-0-1,2014
Crystal Palace,Burnley,0–0,0-1-2,0-1-2,2014
Chelsea,Swansea City,4–2,3-0-0,3-0-0,2014
Liverpool,Aston Villa,0–1,2-0-1,2-1-0,2014
Manchester Utd,QPR,4–0,0-2-1,1-0-2,2014
Hull City,West Ham,2–2,1-1-1,1-0-2,2014
QPR,Stoke City,2–2,1-0-3,1-1-2,2014
Burnley,Sunderland,0–0,0-2-2,0-3-1,2014
Newcastle Utd,Hull City,2–2,0-2-2,1-2-1,2014
Swansea City,Southampton,0–1,3-0-1,2-1-1,2014
Aston Villa,Arsenal,0–3,3-1-0,1-3-0,2014
West Ham,Liverpool,3–1,1-1-2,2-0-2,2014
Tottenham,West Brom,0–1,2-1-1,0-2-2,2014
Leicester City,Manchester Utd,5–3,1-2-1,1-2-1,2014
Everton,Crystal Palace,2–3,1-2-1,0-2-2,2014
Manchester City,Chelsea,1–1,2-1-1,4-0-0,2014
Liverpool,Everton,1–1,2-0-3,1-2-2,2014
Hull City,Manchester City,2–4,1-3-1,2-2-1,2014
Sunderland,Swansea City,0–0,0-4-1,3-0-2,2014
Crystal Palace,Leicester City,2–0,1-2-2,2-2-1,2014
Manchester Utd,West Ham,2–1,1-2-2,2-1-2,2014
Chelsea,Aston Villa,3–0,4-1-0,3-1-1,2014
Southampton,QPR,2–1,3-1-1,1-1-3,2014
Arsenal,Tottenham,1–1,2-3-0,2-1-2,2014
West Brom,Burnley,4–0,1-2-2,0-3-2,2014
Stoke City,Newcastle Utd,1–0,1-2-2,0-3-2,2014
Hull City,Crystal Palace,2–0,1-3-2,2-2-2,2014
Liverpool,West Brom,2–1,2-1-3,2-2-2,2014
Swansea City,Newcastle Utd,2–2,3-1-2,0-3-3,2014
Sunderland,Stoke City,3–1,0-5-1,2-2-2,2014
Leicester City,Burnley,2–2,2-2-2,0-3-3,2014
Aston Villa,Manchester City,0–2,3-1-2,3-2-1,2014
Manchester Utd,Everton,2–1,2-2-2,1-3-2,2014
Chelsea,Arsenal,2–0,5-1-0,2-4-0,2014
Tottenham,Southampton,1–0,2-2-2,4-1-1,2014
West Ham,QPR,2–0,2-1-3,1-1-4,2014
Manchester City,Tottenham,4–1,4-2-1,3-2-2,2014
Crystal Palace,Chelsea,1–2,2-2-3,6-1-0,2014
Everton,Aston Villa,3–0,1-3-3,3-1-3,2014
Arsenal,Hull City,2–2,2-4-1,2-3-2,2014
Burnley,West Ham,1–3,0-4-3,3-1-3,2014
Southampton,Sunderland,8–0,4-1-2,1-5-1,2014
Newcastle Utd,Leicester City,1–0,0-4-3,2-3-2,2014
QPR,Liverpool,2–3,1-1-5,3-1-3,2014
Stoke City,Swansea City,2–1,2-2-3,3-2-2,2014
West Brom,Manchester Utd,2–2,2-2-3,3-2-2,2014
West Ham,Manchester City,2–1,4-1-3,5-2-1,2014
Southampton,Stoke City,1–0,5-1-2,3-2-3,2014
Liverpool,Hull City,0–0,4-1-3,2-4-2,2014
West Brom,Crystal Palace,2–2,2-3-3,2-2-4,2014
Sunderland,Arsenal,0–2,1-5-2,2-5-1,2014
Swansea City,Leicester City,2–0,3-2-3,2-3-3,2014
Tottenham,Newcastle Utd,1–2,3-2-3,1-4-3,2014
Burnley,Everton,1–3,0-4-4,2-3-3,2014
Manchester Utd,Chelsea,1–1,3-3-2,7-1-0,2014
QPR,Aston Villa,2–0,1-1-6,3-1-4,2014
Newcastle Utd,Liverpool,1–0,2-4-3,4-2-3,2014
Hull City,Southampton,0–1,2-5-2,6-1-2,2014
Leicester City,West Brom,0–1,2-3-4,2-4-3,2014
Everton,Swansea City,0–0,3-3-3,4-2-3,2014
Stoke City,West Ham,2–2,3-2-4,5-1-3,2014
Arsenal,Burnley,3–0,3-5-1,0-4-5,2014
Chelsea,QPR,2–1,7-2-0,2-1-6,2014
Manchester City,Manchester Utd,1–0,5-2-2,3-4-2,2014
Aston Villa,Tottenham,1–2,3-1-5,3-2-4,2014
Crystal Palace,Sunderland,1–3,2-3-4,1-5-3,2014
Liverpool,Chelsea,1–2,4-2-4,8-2-0,2014
West Ham,Aston Villa,0–0,5-2-3,3-1-6,2014
Manchester Utd,Crystal Palace,1–0,3-4-3,2-3-5,2014
Southampton,Leicester City,2–0,7-1-2,2-3-5,2014
Burnley,Hull City,1–0,0-4-6,2-5-3,2014
QPR,Manchester City,2–2,2-1-7,6-2-2,2014
West Brom,Newcastle Utd,0–2,3-4-3,3-4-3,2014
Sunderland,Everton,1–1,2-5-3,3-4-3,2014
Tottenham,Stoke City,1–2,4-2-4,3-3-4,2014
Swansea City,Arsenal,2–1,4-3-3,4-5-1,2014
Leicester City,Sunderland,0–0,2-3-6,2-6-3,2014
Chelsea,West Brom,2–0,9-2-0,3-4-4,2014
Manchester City,Swansea City,2–1,6-3-2,5-3-3,2014
Newcastle Utd,QPR,1–0,4-4-3,2-2-7,2014
Everton,West Ham,2–1,3-5-3,5-3-3,2014
Stoke City,Burnley,1–2,4-3-4,1-4-6,2014
Arsenal,Manchester Utd,1–2,4-5-2,4-4-3,2014
Crystal Palace,Liverpool,3–1,2-3-6,4-2-5,2014
Hull City,Tottenham,1–2,2-5-4,4-2-5,2014
Aston Villa,Southampton,1–1,3-2-6,8-1-2,2014
West Brom,Arsenal,0–1,3-4-5,4-5-3,2014
Manchester Utd,Hull City,3–0,5-4-3,2-5-5,2014
Liverpool,Stoke City,1–0,4-2-6,4-3-5,2014
Swansea City,Crystal Palace,1–1,5-3-4,3-3-6,2014
Burnley,Aston Villa,1–1,2-4-6,3-3-6,2014
West Ham,Newcastle Utd,1–0,5-3-4,5-4-3,2014
QPR,Leicester City,3–2,2-2-8,2-4-6,2014
Sunderland,Chelsea,0–0,2-7-3,10-2-0,2014
Southampton,Manchester City,0–3,8-2-2,7-3-2,2014
Tottenham,Everton,2–1,5-2-5,4-5-3,2014
Swansea City,QPR,2–0,5-4-4,3-2-8,2014
Manchester Utd,Stoke City,2–1,6-4-3,4-3-6,2014
Burnley,Newcastle Utd,1–1,2-5-6,5-4-4,2014
Leicester City,Liverpool,1–3,2-4-7,5-2-6,2014
West Brom,West Ham,1–2,3-4-6,6-3-4,2014
Crystal Palace,Aston Villa,0–1,3-4-6,3-4-6,2014
Sunderland,Manchester City,1–4,2-8-3,8-3-2,2014
Everton,Hull City,1–1,4-5-4,2-5-6,2014
Chelsea,Tottenham,3–0,10-3-0,6-2-5,2014
Arsenal,Southampton,1–0,5-5-3,8-2-3,2014
Newcastle Utd,Chelsea,2–1,5-5-4,11-3-0,2014
QPR,Burnley,2–0,3-2-9,2-6-6,2014
Tottenham,Crystal Palace,0–0,6-2-6,3-4-7,2014
Liverpool,Sunderland,0–0,6-2-6,2-8-4,2014
Stoke City,Arsenal,3–2,4-3-7,6-5-3,2014
Hull City,West Brom,0–0,2-6-6,3-4-7,2014
Manchester City,Everton,1–0,9-3-2,4-6-4,2014
West Ham,Swansea City,3–1,7-3-4,6-4-4,2014
Aston Villa,Leicester City,2–1,4-4-6,2-4-8,2014
Southampton,Manchester Utd,1–2,8-2-4,7-4-3,2014
West Brom,Aston Villa,1–0,3-5-7,5-4-6,2014
Chelsea,Hull City,2–0,11-3-1,2-7-6,2014
Crystal Palace,Stoke City,1–1,3-5-7,5-3-7,2014
Sunderland,West Ham,1–1,2-9-4,8-3-4,2014
Burnley,Southampton,1–0,2-6-7,8-2-5,2014
Leicester City,Manchester City,0–1,2-4-9,10-3-2,2014
Arsenal,Newcastle Utd,4–1,6-5-4,6-5-4,2014
Manchester Utd,Liverpool,3–0,8-4-3,6-3-6,2014
Swansea City,Tottenham,1–2,6-4-5,6-3-6,2014
Everton,QPR,3–1,4-6-5,4-2-9,2014
Manchester City,Crystal Palace,3–0,11-3-2,3-6-7,2014
Aston Villa,Manchester Utd,1–1,5-4-7,9-4-3,2014
Southampton,Everton,3–0,8-2-6,5-6-5,2014
Tottenham,Burnley,2–1,7-3-6,3-6-7,2014
West Ham,Leicester City,2–0,8-4-4,2-4-10,2014
Hull City,Swansea City,0–1,2-7-7,6-4-6,2014
QPR,West Brom,3–2,4-2-10,4-5-7,2014
Newcastle Utd,Sunderland,0–1,6-5-5,2-10-4,2014
Liverpool,Arsenal,2–2,6-3-7,7-5-4,2014
Stoke City,Chelsea,0–2,5-4-7,12-3-1,2014
Chelsea,West Ham,2–0,13-3-1,9-4-4,2014
Leicester City,Tottenham,1–2,2-4-11,8-3-6,2014
Manchester Utd,Newcastle Utd,3–1,9-5-3,6-5-6,2014
Burnley,Liverpool,0–1,3-6-8,6-4-7,2014
West Brom,Manchester City,1–3,4-5-8,12-3-2,2014
Swansea City,Aston Villa,1–0,7-4-6,5-5-7,2014
Sunderland,Hull City,1–3,3-10-4,2-7-8,2014
Crystal Palace,Southampton,1–3,3-6-8,9-2-6,2014
Everton,Stoke City,0–1,5-6-6,5-4-8,2014
Arsenal,QPR,2–1,7-6-4,5-2-10,2014
Tottenham,Manchester Utd,0–0,9-3-6,10-5-3,2014
Southampton,Chelsea,1–1,10-2-6,14-3-1,2014
QPR,Crystal Palace,0–0,5-2-11,3-6-9,2014
Manchester City,Burnley,2–2,13-3-2,3-6-9,2014
Hull City,Leicester City,0–1,3-7-8,2-4-12,2014
West Ham,Arsenal,1–2,9-4-5,8-6-4,2014
Stoke City,West Brom,2–0,6-4-8,4-5-9,2014
Aston Villa,Sunderland,0–0,5-5-8,3-10-5,2014
Newcastle Utd,Everton,3–2,6-5-7,5-6-7,2014
Liverpool,Swansea City,4–1,7-4-7,8-4-6,2014
Stoke City,Manchester Utd,1–1,7-4-8,10-6-3,2014
West Ham,West Brom,1–1,9-4-6,4-5-10,2014
Southampton,Arsenal,2–0,10-3-6,9-6-4,2014
Aston Villa,Crystal Palace,0–0,5-6-8,3-7-9,2014
Hull City,Everton,2–0,3-7-9,5-6-8,2014
Newcastle Utd,Burnley,3–3,7-5-7,3-7-9,2014
Liverpool,Leicester City,2–2,8-4-7,3-4-12,2014
QPR,Swansea City,1–1,5-3-11,8-4-7,2014
Manchester City,Sunderland,3–2,13-4-2,3-11-5,2014
Tottenham,Chelsea,5–3,9-4-6,14-4-1,2014
Sunderland,Liverpool,0–1,3-11-6,8-5-7,2014
West Brom,Hull City,1–0,4-6-10,4-7-9,2014
Everton,Manchester City,1–1,5-6-9,14-4-2,2014
Swansea City,West Ham,1–1,8-5-7,9-5-6,2014
Leicester City,Aston Villa,1–0,3-5-12,5-7-8,2014
Chelsea,Newcastle Utd,2–0,14-4-2,7-6-7,2014
Burnley,QPR,2–1,3-8-9,5-4-11,2014
Crystal Palace,Tottenham,2–1,3-8-9,10-4-6,2014
Arsenal,Stoke City,3–0,9-6-5,7-5-8,2014
Manchester Utd,Southampton,0–1,10-7-3,11-3-6,2014
QPR,Manchester Utd,0–2,5-4-12,10-7-4,2014
Burnley,Crystal Palace,2–3,4-8-9,4-8-9,2014
Tottenham,Sunderland,2–1,10-4-7,3-11-7,2014
Aston Villa,Liverpool,0–2,5-7-9,9-5-7,2014
Swansea City,Chelsea,0–5,8-6-7,15-4-2,2014
Leicester City,Stoke City,0–1,4-5-12,7-5-9,2014
Newcastle Utd,Southampton,1–2,7-6-8,12-3-6,2014
West Ham,Hull City,3–0,9-6-6,4-7-10,2014
Manchester City,Arsenal,0–2,14-5-2,10-6-5,2014
Everton,West Brom,0–0,5-7-9,5-6-10,2014
Hull City,Newcastle Utd,0–3,4-7-11,7-6-9,2014
Manchester Utd,Leicester City,3–1,11-7-4,4-5-13,2014
Sunderland,Burnley,2–0,3-11-8,4-8-10,2014
Liverpool,West Ham,2–0,10-5-7,10-6-6,2014
Crystal Palace,Everton,0–1,5-8-9,5-8-9,2014
Stoke City,QPR,3–1,8-5-9,5-4-13,2014
West Brom,Tottenham,0–3,5-7-10,11-4-7,2014
Chelsea,Manchester City,1–1,16-4-2,14-5-3,2014
Arsenal,Aston Villa,5–0,11-6-5,5-7-10,2014
Southampton,Swansea City,0–1,13-3-6,8-6-8,2014
Tottenham,Arsenal,2–1,12-4-7,12-6-5,2014
Aston Villa,Chelsea,1–2,5-7-11,16-5-2,2014
QPR,Southampton,0–1,5-4-14,13-3-7,2014
Swansea City,Sunderland,1–1,9-6-8,4-11-8,2014
Manchester City,Hull City,1–1,14-6-3,4-7-12,2014
Leicester City,Crystal Palace,0–1,4-5-14,5-8-10,2014
Everton,Liverpool,0–0,6-8-9,11-5-7,2014
Burnley,West Brom,2–2,4-8-11,5-7-11,2014
Newcastle Utd,Stoke City,1–1,8-6-9,9-5-9,2014
West Ham,Manchester Utd,1–1,10-6-7,12-7-4,2014
Hull City,Aston Villa,2–0,4-8-12,5-7-12,2014
Arsenal,Leicester City,2–1,12-6-6,4-5-15,2014
Sunderland,QPR,0–2,4-12-8,5-4-15,2014
Liverpool,Tottenham,3–2,11-6-7,13-4-7,2014
Southampton,West Ham,0–0,14-3-7,10-7-7,2014
Chelsea,Everton,1–0,17-5-2,6-9-9,2014
Stoke City,Manchester City,1–4,9-6-9,14-7-3,2014
Manchester Utd,Burnley,3–1,12-8-4,4-9-11,2014
Crystal Palace,Newcastle Utd,1–1,6-8-10,8-7-9,2014
West Brom,Swansea City,2–0,5-8-11,9-7-8,2014
Crystal Palace,Arsenal,1–2,6-9-10,13-6-6,2014
Swansea City,Manchester Utd,2–1,9-7-9,13-8-4,2014
Sunderland,West Brom,0–0,4-12-9,6-8-11,2014
Chelsea,Burnley,1–1,18-5-2,4-9-12,2014
Hull City,QPR,2–1,5-8-12,6-4-15,2014
Aston Villa,Stoke City,1–2,5-7-13,9-6-10,2014
Manchester City,Newcastle Utd,5–0,15-7-3,8-8-9,2014
Tottenham,West Ham,2–2,13-4-8,10-8-7,2014
Everton,Leicester City,2–2,6-9-10,4-5-16,2014
Southampton,Liverpool,0–2,14-4-7,12-6-7,2014
West Ham,Crystal Palace,1–3,10-9-7,6-9-11,2014
Newcastle Utd,Aston Villa,1–0,8-8-10,5-7-14,2014
Manchester Utd,Sunderland,2–0,13-8-5,4-13-9,2014
Burnley,Swansea City,0–1,4-10-12,10-7-9,2014
Stoke City,Hull City,1–0,10-6-10,6-8-12,2014
West Brom,Southampton,1–0,6-9-11,14-4-8,2014
Liverpool,Manchester City,2–1,13-6-7,16-7-3,2014
Arsenal,Everton,2–0,14-6-6,6-10-10,2014
Aston Villa,West Brom,2–1,5-7-15,7-9-11,2014
Hull City,Sunderland,1–1,6-8-13,4-13-10,2014
Southampton,Crystal Palace,1–0,14-4-9,7-9-11,2014
Newcastle Utd,Manchester Utd,0–1,9-8-10,14-8-5,2014
QPR,Arsenal,1–2,6-4-16,15-6-6,2014
Stoke City,Everton,2–0,11-6-10,6-10-11,2014
Tottenham,Swansea City,3–2,13-5-8,11-7-9,2014
West Ham,Chelsea,0–1,10-9-8,18-6-2,2014
Manchester City,Leicester City,2–0,16-7-4,4-6-16,2014
Liverpool,Burnley,2–0,14-6-7,4-10-13,2014
QPR,Tottenham,1–2,6-4-17,14-5-8,2014
Crystal Palace,QPR,3–1,7-9-12,6-4-18,2014
West Brom,Stoke City,1–0,7-9-12,12-6-10,2014
Arsenal,West Ham,3–0,16-6-6,10-9-9,2014
Sunderland,Aston Villa,0–4,4-14-10,6-7-15,2014
Leicester City,Hull City,0–0,4-6-17,6-9-13,2014
Burnley,Manchester City,1–0,4-10-14,17-7-4,2014
Chelsea,Southampton,1–1,19-6-2,15-4-9,2014
Everton,Newcastle Utd,3–0,6-10-12,9-8-11,2014
Manchester Utd,Tottenham,3–0,15-8-5,15-5-8,2014
Swansea City,Liverpool,0–1,11-7-10,15-6-7,2014
Manchester City,West Brom,3–0,17-7-5,8-9-12,2014
Southampton,Burnley,2–0,15-5-9,5-10-14,2014
Stoke City,Crystal Palace,1–2,12-6-11,8-9-12,2014
Newcastle Utd,Arsenal,1–2,9-8-12,17-6-6,2014
Tottenham,Leicester City,4–3,15-5-9,4-7-17,2014
Aston Villa,Swansea City,0–1,7-7-15,11-7-11,2014
West Ham,Sunderland,1–0,10-9-10,4-14-11,2014
Liverpool,Manchester Utd,1–2,16-6-7,16-8-5,2014
QPR,Everton,1–2,6-4-19,7-10-12,2014
Hull City,Chelsea,2–3,6-10-13,19-7-2,2014
Arsenal,Liverpool,4–1,18-6-6,16-6-8,2014
Swansea City,Hull City,3–1,12-7-11,6-10-14,2014
Leicester City,West Ham,2–1,4-7-18,11-9-10,2014
Everton,Southampton,1–0,8-10-12,16-5-9,2014
West Brom,QPR,1–4,8-9-13,6-4-20,2014
Manchester Utd,Aston Villa,3–1,17-8-5,7-7-16,2014
Chelsea,Stoke City,2–1,20-7-2,12-6-12,2014
Burnley,Tottenham,0–0,5-10-15,16-5-9,2014
Sunderland,Newcastle Utd,1–0,4-14-12,9-8-13,2014
Crystal Palace,Manchester City,2–1,9-9-12,18-7-5,2014
Aston Villa,QPR,3–3,7-7-17,7-4-20,2014
Swansea City,Everton,1–1,13-7-11,9-10-12,2014
Southampton,Hull City,2–0,16-5-10,6-10-15,2014
Tottenham,Aston Villa,0–1,16-6-9,7-8-17,2014
West Ham,Stoke City,1–1,11-9-11,12-6-13,2014
West Brom,Leicester City,2–3,8-9-14,5-7-18,2014
Sunderland,Crystal Palace,1–4,5-14-12,10-9-12,2014
Burnley,Arsenal,0–1,5-11-15,19-6-6,2014
QPR,Chelsea,0–1,7-5-20,21-7-2,2014
Manchester Utd,Manchester City,4–2,18-8-5,18-7-6,2014
Liverpool,Newcastle Utd,2–0,16-6-9,9-8-14,2014
Everton,Burnley,1–0,9-11-12,5-11-16,2014
Leicester City,Swansea City,2–0,6-7-18,13-8-11,2014
Crystal Palace,West Brom,0–2,11-9-12,8-9-15,2014
Stoke City,Southampton,2–1,12-7-13,17-5-10,2014
Chelsea,Manchester Utd,1–0,22-7-2,19-8-5,2014
Manchester City,West Ham,2–0,18-7-7,11-10-11,2014
Newcastle Utd,Tottenham,1–3,9-8-15,16-6-10,2014
Southampton,Tottenham,2–2,17-5-11,17-6-10,2014
Burnley,Leicester City,0–1,5-11-17,7-7-18,2014
Stoke City,Sunderland,1–1,13-7-13,5-14-13,2014
QPR,West Ham,0–0,7-5-21,11-10-12,2014
Newcastle Utd,Swansea City,2–3,9-8-16,13-8-12,2014
Crystal Palace,Hull City,0–2,11-9-13,6-10-16,2014
West Brom,Liverpool,0–0,9-9-15,17-6-9,2014
Manchester City,Aston Villa,3–2,19-7-7,8-8-17,2014
Everton,Manchester Utd,3–0,10-11-12,19-8-6,2014
Arsenal,Chelsea,0–0,20-6-6,23-7-2,2014
Hull City,Liverpool,1–0,7-10-16,17-7-9,2014
Leicester City,Chelsea,1–3,8-7-18,23-8-2,2014
Leicester City,Newcastle Utd,3–0,8-7-19,9-8-17,2014
Liverpool,QPR,2–1,17-7-10,7-6-21,2014
Sunderland,Southampton,2–1,5-15-13,17-6-11,2014
Swansea City,Stoke City,2–0,14-8-12,13-8-13,2014
Aston Villa,Everton,3–2,8-8-18,11-11-12,2014
West Ham,Burnley,1–0,11-11-12,5-11-18,2014
Manchester Utd,West Brom,0–1,19-8-7,9-10-15,2014
Chelsea,Crystal Palace,1–0,24-8-2,11-9-14,2014
Tottenham,Manchester City,0–1,17-7-10,20-7-7,2014
Hull City,Arsenal,1–3,8-10-16,20-7-6,2014
Everton,Sunderland,0–2,11-11-13,6-15-13,2014
Newcastle Utd,West Brom,1–1,9-8-18,10-10-15,2014
Hull City,Burnley,0–1,8-10-17,5-11-19,2014
Aston Villa,West Ham,1–0,9-8-18,12-11-12,2014
Leicester City,Southampton,2–0,9-7-19,17-6-12,2014
Stoke City,Tottenham,3–0,13-8-14,17-7-11,2014
Crystal Palace,Manchester Utd,1–2,11-9-15,19-8-8,2014
Manchester City,QPR,6–0,21-7-7,7-6-22,2014
Chelsea,Liverpool,1–1,25-8-2,18-7-10,2014
Arsenal,Swansea City,0–1,21-7-6,15-8-12,2014
Southampton,Aston Villa,6–1,17-6-13,10-8-18,2014
Burnley,Stoke City,0–0,6-11-19,14-8-14,2014
West Ham,Everton,1–2,12-11-13,11-11-14,2014
Sunderland,Leicester City,0–0,7-15-13,10-7-19,2014
QPR,Newcastle Utd,2–1,7-6-23,9-9-18,2014
Tottenham,Hull City,2–0,17-7-12,8-10-18,2014
Liverpool,Crystal Palace,1–3,18-8-10,11-9-16,2014
Swansea City,Manchester City,2–4,16-8-12,22-7-7,2014
Manchester Utd,Arsenal,1–1,20-8-8,21-7-7,2014
West Brom,Chelsea,3–0,10-11-15,25-9-2,2014
Arsenal,Sunderland,0–0,21-8-7,7-16-13,2014
Manchester City,Southampton,2–0,23-7-7,18-6-13,2014
Newcastle Utd,West Ham,2–0,9-9-19,12-11-14,2014
Everton,Tottenham,0–1,12-11-14,18-7-12,2014
Leicester City,QPR,5–1,10-8-19,8-6-23,2014
Arsenal,West Brom,4–1,21-9-7,11-11-15,2014
Chelsea,Sunderland,3–1,25-9-3,7-17-13,2014
Hull City,Manchester Utd,0–0,8-10-19,20-9-8,2014
Stoke City,Liverpool,6–1,14-9-14,18-8-11,2014
Aston Villa,Burnley,0–1,10-8-19,6-12-19,2014
Crystal Palace,Swansea City,1–0,12-9-16,16-8-13,2014
Liverpool,Stoke City,1–0,0-0-0,0-0-0,2013
Norwich City,Everton,2–2,0-0-0,0-0-0,2013
Swansea City,Manchester Utd,1–4,0-0-0,0-0-0,2013
West Ham,Cardiff City,2–0,0-0-0,0-0-0,2013
West Brom,Southampton,0–1,0-0-0,0-0-0,2013
Sunderland,Fulham,0–1,0-0-0,0-0-0,2013
Arsenal,Aston Villa,1–3,0-0-0,0-0-0,2013
Crystal Palace,Tottenham,0–1,0-0-0,0-0-0,2013
Chelsea,Hull City,2–0,0-0-0,0-0-0,2013
Manchester City,Newcastle Utd,4–0,0-0-0,0-0-0,2013
Chelsea,Aston Villa,2–1,1-0-0,1-0-0,2013
Stoke City,Crystal Palace,2–1,0-0-1,0-0-1,2013
Newcastle Utd,West Ham,0–0,0-0-1,1-0-0,2013
Hull City,Norwich City,1–0,0-0-1,0-1-0,2013
Everton,West Brom,0–0,0-1-0,0-0-1,2013
Fulham,Arsenal,1–3,1-0-0,0-0-1,2013
Southampton,Sunderland,1–1,1-0-0,0-0-1,2013
Aston Villa,Liverpool,0–1,1-0-1,1-0-0,2013
Tottenham,Swansea City,1–0,1-0-0,0-0-1,2013
Cardiff City,Manchester City,3–2,0-0-1,1-0-0,2013
Manchester Utd,Chelsea,0–0,1-0-0,2-0-0,2013
West Ham,Stoke City,0–1,1-1-0,1-0-1,2013
Norwich City,Southampton,1–0,0-1-1,1-1-0,2013
Crystal Palace,Sunderland,3–1,0-0-2,0-1-1,2013
Cardiff City,Everton,0–0,1-0-1,0-2-0,2013
Manchester City,Hull City,2–0,1-0-1,1-0-1,2013
Newcastle Utd,Fulham,1–0,0-1-1,1-0-1,2013
Arsenal,Tottenham,1–0,1-0-1,2-0-0,2013
Liverpool,Manchester Utd,1–0,2-0-0,1-1-0,2013
West Brom,Swansea City,0–2,0-1-1,0-0-2,2013
Stoke City,Manchester City,0–0,2-0-1,2-0-1,2013
Everton,Chelsea,1–0,0-3-0,2-1-0,2013
Sunderland,Arsenal,1–3,0-1-2,2-0-1,2013
Manchester Utd,Crystal Palace,2–0,1-1-1,1-0-2,2013
Fulham,West Brom,1–1,1-0-2,0-1-2,2013
Hull City,Cardiff City,1–1,1-0-2,1-1-1,2013
Tottenham,Norwich City,2–0,2-0-1,1-1-1,2013
Aston Villa,Newcastle Utd,1–2,1-0-2,1-1-1,2013
Southampton,West Ham,0–0,1-1-1,1-1-1,2013
Swansea City,Liverpool,2–2,1-0-2,3-0-0,2013
Newcastle Utd,Hull City,2–3,2-1-1,1-1-2,2013
Liverpool,Southampton,0–1,3-1-0,1-2-1,2013
West Ham,Everton,2–3,1-2-1,1-3-0,2013
West Brom,Sunderland,3–0,0-2-2,0-1-3,2013
Norwich City,Aston Villa,0–1,1-1-2,1-0-3,2013
Chelsea,Fulham,2–0,2-1-1,1-1-2,2013
Manchester City,Manchester Utd,4–1,2-1-1,2-1-1,2013
Arsenal,Stoke City,3–1,3-0-1,2-1-1,2013
Cardiff City,Tottenham,0–1,1-2-1,3-0-1,2013
Crystal Palace,Swansea City,0–2,1-0-3,1-1-2,2013
Aston Villa,Manchester City,3–2,2-0-3,3-1-1,2013
Southampton,Crystal Palace,2–0,2-2-1,1-0-4,2013
Tottenham,Chelsea,1–1,4-0-1,3-1-1,2013
Manchester Utd,West Brom,1–2,2-1-2,1-2-2,2013
Hull City,West Ham,1–0,2-1-2,1-2-2,2013
Fulham,Cardiff City,1–2,1-1-3,1-2-2,2013
Swansea City,Arsenal,1–2,2-1-2,4-0-1,2013
Sunderland,Liverpool,1–3,0-1-4,3-1-1,2013
Stoke City,Norwich City,0–1,2-1-2,1-1-3,2013
Everton,Newcastle Utd,3–2,2-3-0,2-1-2,2013
Cardiff City,Newcastle Utd,1–2,2-2-2,2-1-3,2013
Liverpool,Crystal Palace,3–1,4-1-1,1-0-5,2013
Hull City,Aston Villa,0–0,3-1-2,3-0-3,2013
Fulham,Stoke City,1–0,1-1-4,2-1-3,2013
Manchester City,Everton,3–1,3-1-2,3-3-0,2013
Sunderland,Manchester Utd,1–2,0-1-5,2-1-3,2013
West Brom,Arsenal,1–1,2-2-2,5-0-1,2013
Tottenham,West Ham,0–3,4-1-1,1-2-3,2013
Southampton,Swansea City,2–0,3-2-1,2-1-3,2013
Norwich City,Chelsea,1–3,2-1-3,3-2-1,2013
Chelsea,Cardiff City,4–1,4-2-1,2-2-3,2013
Arsenal,Norwich City,4–1,5-1-1,2-1-4,2013
West Ham,Manchester City,1–3,2-2-3,4-1-2,2013
Swansea City,Sunderland,4–0,2-1-4,0-1-6,2013
Everton,Hull City,2–1,3-3-1,3-2-2,2013
Stoke City,West Brom,0–0,2-1-4,2-3-2,2013
Newcastle Utd,Liverpool,2–2,3-1-3,5-1-1,2013
Manchester Utd,Southampton,1–1,3-1-3,4-2-1,2013
Aston Villa,Tottenham,0–2,3-1-3,4-1-2,2013
Crystal Palace,Fulham,1–4,1-0-6,2-1-4,2013
Aston Villa,Everton,0–2,3-1-4,4-3-1,2013
Liverpool,West Brom,4–1,5-2-1,2-4-2,2013
Southampton,Fulham,2–0,4-3-1,3-1-4,2013
Manchester Utd,Stoke City,3–2,3-2-3,2-2-4,2013
Crystal Palace,Arsenal,0–2,1-0-7,6-1-1,2013
Norwich City,Cardiff City,0–0,2-1-5,2-2-4,2013
Tottenham,Hull City,1–0,5-1-2,3-2-3,2013
Sunderland,Newcastle Utd,2–1,0-1-7,3-2-3,2013
Swansea City,West Ham,0–0,3-1-4,2-2-4,2013
Chelsea,Manchester City,2–1,5-2-1,5-1-2,2013
Fulham,Manchester Utd,1–3,3-1-5,4-2-3,2013
West Ham,Aston Villa,0–0,2-3-4,3-1-5,2013
Arsenal,Liverpool,2–0,7-1-1,6-2-1,2013
Manchester City,Norwich City,7–0,5-1-3,2-2-5,2013
Stoke City,Southampton,1–1,2-2-5,5-3-1,2013
Newcastle Utd,Chelsea,2–0,3-2-4,6-2-1,2013
Hull City,Sunderland,1–0,3-2-4,1-1-7,2013
West Brom,Crystal Palace,2–0,2-4-3,1-0-8,2013
Everton,Tottenham,0–0,5-3-1,6-1-2,2013
Cardiff City,Swansea City,1–0,2-3-4,3-2-4,2013
Liverpool,Fulham,4–0,6-2-2,3-1-6,2013
Crystal Palace,Everton,0–0,1-0-9,5-4-1,2013
Chelsea,West Brom,2–2,6-2-2,3-4-3,2013
Norwich City,West Ham,3–1,2-2-6,2-4-4,2013
Southampton,Hull City,4–1,5-4-1,4-2-4,2013
Aston Villa,Cardiff City,2–0,3-2-5,3-3-4,2013
Tottenham,Newcastle Utd,0–1,6-2-2,4-2-4,2013
Manchester Utd,Arsenal,1–0,5-2-3,8-1-1,2013
Sunderland,Manchester City,1–0,1-1-8,6-1-3,2013
Swansea City,Stoke City,3–3,3-2-5,2-3-5,2013
Fulham,Swansea City,1–2,3-1-7,3-3-5,2013
Newcastle Utd,Norwich City,2–1,5-2-4,3-2-6,2013
Hull City,Crystal Palace,0–1,4-2-5,1-1-9,2013
Stoke City,Sunderland,2–0,2-4-5,2-1-8,2013
West Ham,Chelsea,0–3,2-4-5,6-3-2,2013
Arsenal,Southampton,2–0,8-1-2,6-4-1,2013
Everton,Liverpool,3–3,5-5-1,7-2-2,2013
Cardiff City,Manchester Utd,2–2,3-3-5,6-2-3,2013
Manchester City,Tottenham,6–0,6-1-4,6-2-3,2013
West Brom,Aston Villa,2–2,3-5-3,4-2-5,2013
Newcastle Utd,West Brom,2–1,6-2-4,3-6-3,2013
Everton,Stoke City,4–0,5-6-1,3-4-5,2013
West Ham,Fulham,3–0,2-4-6,3-1-8,2013
Cardiff City,Arsenal,0–3,3-4-5,9-1-2,2013
Norwich City,Crystal Palace,1–0,3-2-7,2-1-9,2013
Aston Villa,Sunderland,0–0,4-3-5,2-1-9,2013
Manchester City,Swansea City,3–0,7-1-4,4-3-5,2013
Tottenham,Manchester Utd,2–2,6-2-4,6-3-3,2013
Hull City,Liverpool,3–1,4-2-6,7-3-2,2013
Chelsea,Southampton,3–1,7-3-2,6-4-2,2013
Crystal Palace,West Ham,1–0,2-1-10,3-4-6,2013
Swansea City,Newcastle Utd,3–0,4-3-6,7-2-4,2013
Southampton,Aston Villa,2–3,6-4-3,4-4-5,2013
Liverpool,Norwich City,5–1,7-3-3,4-2-7,2013
Sunderland,Chelsea,3–4,2-2-9,8-3-2,2013
Fulham,Tottenham,1–2,3-1-9,6-3-4,2013
Manchester Utd,Everton,0–1,6-4-3,6-6-1,2013
Arsenal,Hull City,2–0,10-1-2,5-2-6,2013
West Brom,Manchester City,2–3,3-6-4,8-1-4,2013
Stoke City,Cardiff City,0–0,3-4-6,3-4-6,2013
Southampton,Manchester City,1–1,6-4-4,9-1-4,2013
Manchester Utd,Newcastle Utd,0–1,6-4-4,7-2-5,2013
Liverpool,West Ham,4–1,8-3-3,3-4-7,2013
West Brom,Norwich City,0–2,3-6-5,4-2-8,2013
Crystal Palace,Cardiff City,2–0,3-1-10,3-5-6,2013
Stoke City,Chelsea,3–2,3-5-6,9-3-2,2013
Sunderland,Tottenham,1–2,2-2-10,7-3-4,2013
Fulham,Aston Villa,2–0,3-1-10,5-4-5,2013
Arsenal,Everton,1–1,11-1-2,7-6-1,2013
Swansea City,Hull City,1–1,5-3-6,5-2-7,2013
Everton,Fulham,4–1,7-7-1,4-1-10,2013
West Ham,Sunderland,0–0,3-4-8,2-2-11,2013
Newcastle Utd,Southampton,1–1,8-2-5,6-5-4,2013
Cardiff City,West Brom,1–0,3-5-7,3-6-6,2013
Chelsea,Crystal Palace,2–1,9-3-3,4-1-10,2013
Manchester City,Arsenal,6–3,9-2-4,11-2-2,2013
Hull City,Stoke City,0–0,5-3-7,4-5-6,2013
Tottenham,Liverpool,0–5,8-3-4,9-3-3,2013
Aston Villa,Manchester Utd,0–3,5-4-6,6-4-5,2013
Norwich City,Swansea City,1–1,5-2-8,5-4-6,2013
Fulham,Manchester City,2–4,4-1-11,10-2-4,2013
Crystal Palace,Newcastle Utd,0–3,4-1-11,8-3-5,2013
Liverpool,Cardiff City,3–1,10-3-3,4-5-7,2013
Sunderland,Norwich City,0–0,2-3-11,5-3-8,2013
West Brom,Hull City,1–1,3-6-7,5-4-7,2013
Manchester Utd,West Ham,3–1,7-4-5,3-5-8,2013
Stoke City,Aston Villa,2–1,4-6-6,5-4-7,2013
Southampton,Tottenham,2–3,6-6-4,8-3-5,2013
Swansea City,Everton,1–2,5-5-6,8-7-1,2013
Arsenal,Chelsea,0–0,11-2-3,10-3-3,2013
West Ham,Arsenal,1–3,3-5-9,11-3-3,2013
Aston Villa,Crystal Palace,0–1,5-4-8,4-1-12,2013
Norwich City,Fulham,1–2,5-4-8,4-1-12,2013
Chelsea,Swansea City,1–0,10-4-3,5-5-7,2013
Manchester City,Liverpool,2–1,11-2-4,11-3-3,2013
Hull City,Manchester Utd,2–3,5-5-7,8-4-5,2013
Tottenham,West Brom,1–1,9-3-5,3-7-7,2013
Newcastle Utd,Stoke City,5–1,9-3-5,5-6-6,2013
Everton,Sunderland,0–1,9-7-1,2-4-11,2013
Cardiff City,Southampton,0–3,4-5-8,6-6-5,2013
West Ham,West Brom,3–3,3-5-10,3-8-7,2013
Aston Villa,Swansea City,1–1,5-4-9,5-5-8,2013
Cardiff City,Sunderland,2–2,4-5-9,3-4-11,2013
Norwich City,Manchester Utd,0–1,5-4-9,9-4-5,2013
Hull City,Fulham,6–0,5-5-8,5-1-12,2013
Manchester City,Crystal Palace,1–0,12-2-4,5-1-12,2013
Tottenham,Stoke City,3–0,9-4-5,5-6-7,2013
Newcastle Utd,Arsenal,0–1,10-3-5,12-3-3,2013
Everton,Southampton,2–1,9-7-2,7-6-5,2013
Chelsea,Liverpool,2–1,11-4-3,11-3-4,2013
Swansea City,Manchester City,2–3,5-6-8,13-2-4,2013
Fulham,West Ham,2–1,5-1-13,3-6-10,2013
Arsenal,Cardiff City,2–0,13-3-3,4-6-9,2013
Sunderland,Aston Villa,0–1,3-5-11,5-5-9,2013
Stoke City,Everton,1–1,5-6-8,10-7-2,2013
Manchester Utd,Tottenham,1–2,10-4-5,10-4-5,2013
West Brom,Newcastle Utd,1–0,3-9-7,10-3-6,2013
Liverpool,Hull City,2–0,11-3-5,6-5-8,2013
Southampton,Chelsea,0–3,7-6-6,12-4-3,2013
Crystal Palace,Norwich City,1–1,5-1-13,5-4-10,2013
Hull City,Chelsea,0–2,6-5-9,13-4-3,2013
Everton,Norwich City,2–0,10-8-2,5-5-10,2013
Southampton,West Brom,1–0,7-6-7,4-9-7,2013
Tottenham,Crystal Palace,2–0,11-4-5,5-2-13,2013
Cardiff City,West Ham,0–2,4-6-10,3-6-11,2013
Fulham,Sunderland,1–4,6-1-13,3-5-12,2013
Manchester Utd,Swansea City,2–0,10-4-6,5-6-9,2013
Stoke City,Liverpool,3–5,5-7-8,12-3-5,2013
Newcastle Utd,Manchester City,0–2,10-3-7,14-2-4,2013
Aston Villa,Arsenal,1–2,6-5-9,14-3-3,2013
Sunderland,Southampton,2–2,4-5-12,8-6-7,2013
Liverpool,Aston Villa,2–2,13-3-5,6-5-10,2013
Norwich City,Hull City,1–0,5-5-11,6-5-10,2013
Manchester City,Cardiff City,4–2,15-2-4,4-6-11,2013
Crystal Palace,Stoke City,1–0,5-2-14,5-7-9,2013
West Ham,Newcastle Utd,1–3,4-6-11,10-3-8,2013
Arsenal,Fulham,2–0,15-3-3,6-1-14,2013
Chelsea,Manchester Utd,3–1,14-4-3,11-4-6,2013
Swansea City,Tottenham,1–3,5-6-10,12-4-5,2013
West Brom,Everton,1–1,4-9-8,11-8-2,2013
Swansea City,Fulham,2–0,5-6-11,6-1-15,2013
Liverpool,Everton,4–0,13-4-5,11-9-2,2013
Southampton,Arsenal,2–2,8-7-7,16-3-3,2013
Norwich City,Newcastle Utd,0–0,6-5-11,11-3-8,2013
Manchester Utd,Cardiff City,2–0,11-4-7,4-6-12,2013
Crystal Palace,Hull City,1–0,6-2-14,6-5-11,2013
Chelsea,West Ham,0–0,15-4-3,4-6-12,2013
Tottenham,Manchester City,1–5,13-4-5,16-2-4,2013
Aston Villa,West Brom,4–3,6-6-10,4-10-8,2013
Sunderland,Stoke City,1–0,4-6-12,5-7-10,2013
Hull City,Tottenham,1–1,6-5-12,13-4-6,2013
Fulham,Southampton,0–3,6-1-16,8-8-7,2013
Everton,Aston Villa,2–1,11-9-3,7-6-10,2013
West Ham,Swansea City,2–0,4-7-12,6-6-11,2013
Stoke City,Manchester Utd,2–1,5-7-11,12-4-7,2013
Newcastle Utd,Sunderland,0–3,11-4-8,5-6-12,2013
Cardiff City,Norwich City,2–1,4-6-13,6-6-11,2013
West Brom,Liverpool,1–1,4-10-9,14-4-5,2013
Arsenal,Crystal Palace,2–0,16-4-3,7-2-14,2013
Manchester City,Chelsea,0–1,17-2-4,15-5-3,2013
Southampton,Stoke City,2–2,9-8-7,6-7-11,2013
Crystal Palace,West Brom,3–1,7-2-15,4-11-9,2013
Liverpool,Arsenal,5–1,14-5-5,17-4-3,2013
Chelsea,Newcastle Utd,3–0,16-5-3,11-4-9,2013
Norwich City,Manchester City,0–0,6-6-12,17-2-5,2013
Aston Villa,West Ham,0–2,7-6-11,5-7-12,2013
Swansea City,Cardiff City,3–0,6-6-12,5-6-13,2013
Sunderland,Hull City,0–2,6-6-12,6-6-12,2013
Manchester Utd,Fulham,2–2,12-4-8,6-1-17,2013
Tottenham,Everton,1–0,13-5-6,12-9-3,2013
Hull City,Southampton,0–1,7-6-12,9-9-7,2013
West Brom,Chelsea,1–1,4-11-10,17-5-3,2013
Cardiff City,Aston Villa,0–0,5-6-14,7-6-12,2013
West Ham,Norwich City,2–0,6-7-12,6-7-12,2013
Newcastle Utd,Tottenham,0–4,11-4-10,14-5-6,2013
Arsenal,Manchester Utd,0–0,17-4-4,12-5-8,2013
Stoke City,Swansea City,1–1,6-8-11,7-6-12,2013
Fulham,Liverpool,2–3,6-2-17,15-5-5,2013
Arsenal,Sunderland,4–1,17-5-4,6-6-13,2013
West Ham,Southampton,3–1,7-7-12,10-9-7,2013
Crystal Palace,Manchester Utd,0–2,8-2-15,12-6-8,2013
Cardiff City,Hull City,0–4,5-7-14,7-6-13,2013
Manchester City,Stoke City,1–0,17-3-5,6-9-11,2013
West Brom,Fulham,1–1,4-12-10,6-2-18,2013
Chelsea,Everton,1–0,17-6-3,12-9-4,2013
Norwich City,Tottenham,1–0,6-7-13,15-5-6,2013
Newcastle Utd,Aston Villa,1–0,11-4-11,7-7-12,2013
Liverpool,Swansea City,4–3,16-5-5,7-7-12,2013
Fulham,Chelsea,1–3,6-3-18,18-6-3,2013
Everton,West Ham,1–0,12-9-5,8-7-12,2013
Southampton,Liverpool,0–3,10-9-8,17-5-5,2013
Hull City,Newcastle Utd,1–4,8-6-13,12-4-11,2013
Stoke City,Arsenal,1–0,6-9-12,18-5-4,2013
Aston Villa,Norwich City,4–1,7-7-13,7-7-13,2013
Swansea City,Crystal Palace,1–1,7-7-13,8-2-16,2013
Tottenham,Cardiff City,1–0,15-5-7,5-7-15,2013
Chelsea,Tottenham,4–0,19-6-3,16-5-7,2013
Norwich City,Stoke City,1–1,7-7-14,7-9-12,2013
Crystal Palace,Southampton,0–1,8-3-16,10-9-9,2013
Cardiff City,Fulham,3–1,5-7-16,6-3-19,2013
West Brom,Manchester Utd,0–3,4-13-10,13-6-8,2013
Fulham,Newcastle Utd,1–0,6-3-20,13-4-11,2013
Sunderland,Crystal Palace,0–0,6-6-14,8-3-17,2013
Aston Villa,Chelsea,1–0,8-7-13,20-6-3,2013
Southampton,Norwich City,4–2,11-9-9,7-8-14,2013
Everton,Cardiff City,2–1,13-9-5,6-7-16,2013
Hull City,Manchester City,0–2,8-6-14,18-3-5,2013
Swansea City,West Brom,1–2,7-8-13,4-13-11,2013
Stoke City,West Ham,3–1,7-10-12,8-7-13,2013
Tottenham,Arsenal,0–1,16-5-8,18-5-5,2013
Manchester Utd,Liverpool,0–3,14-6-8,18-5-5,2013
Norwich City,Sunderland,2–0,7-8-15,6-7-14,2013
Newcastle Utd,Crystal Palace,1–0,13-4-12,8-4-17,2013
Cardiff City,Liverpool,3–6,6-7-17,19-5-5,2013
Manchester City,Fulham,5–0,19-3-5,7-3-20,2013
West Ham,Manchester Utd,0–2,8-7-14,14-6-9,2013
Chelsea,Arsenal,6–0,20-6-4,19-5-5,2013
Everton,Swansea City,3–2,14-9-5,7-8-14,2013
Hull City,West Brom,2–0,8-6-15,5-13-11,2013
Tottenham,Southampton,3–2,16-5-9,12-9-9,2013
Aston Villa,Stoke City,1–4,9-7-13,8-10-12,2013
Manchester Utd,Manchester City,0–3,15-6-9,20-3-5,2013
Arsenal,Swansea City,2–2,19-5-6,7-8-15,2013
Newcastle Utd,Everton,0–3,14-4-12,15-9-5,2013
West Ham,Hull City,2–1,8-7-15,9-6-15,2013
Liverpool,Sunderland,2–1,20-5-5,6-7-15,2013
Crystal Palace,Chelsea,1–0,8-4-18,21-6-4,2013
West Brom,Cardiff City,3–3,5-13-12,6-7-18,2013
Arsenal,Manchester City,1–1,19-6-6,21-3-5,2013
Manchester Utd,Aston Villa,4–1,15-6-10,9-7-14,2013
Stoke City,Hull City,1–0,9-10-12,9-6-16,2013
Swansea City,Norwich City,3–0,7-9-15,8-8-15,2013
Southampton,Newcastle Utd,4–0,12-9-10,14-4-13,2013
Fulham,Everton,1–3,7-3-21,16-9-5,2013
Liverpool,Tottenham,4–0,21-5-5,17-5-9,2013
Sunderland,West Ham,1–2,6-7-16,9-7-15,2013
Manchester City,Southampton,4–1,21-4-5,13-9-10,2013
Norwich City,West Brom,0–1,8-8-16,5-14-12,2013
Newcastle Utd,Manchester Utd,0–4,14-4-14,16-6-10,2013
Chelsea,Stoke City,3–0,21-6-5,10-10-12,2013
Cardiff City,Crystal Palace,0–3,6-8-18,9-4-18,2013
Hull City,Swansea City,1–0,9-6-17,8-9-15,2013
Aston Villa,Fulham,1–2,9-7-15,7-3-22,2013
Everton,Arsenal,3–0,17-9-5,19-7-6,2013
West Ham,Liverpool,1–2,10-7-15,22-5-5,2013
Tottenham,Sunderland,5–1,17-5-10,6-7-17,2013
Fulham,Norwich City,1–0,8-3-22,8-8-17,2013
Sunderland,Everton,0–1,6-7-18,18-9-5,2013
Southampton,Cardiff City,0–1,13-9-11,6-8-19,2013
West Brom,Tottenham,3–3,6-14-12,18-5-10,2013
Crystal Palace,Aston Villa,1–0,10-4-18,9-7-16,2013
Stoke City,Newcastle Utd,1–0,10-10-13,14-4-15,2013
Liverpool,Manchester City,3–2,23-5-5,22-4-5,2013
Swansea City,Chelsea,0–1,8-9-16,22-6-5,2013
Arsenal,West Ham,3–1,19-7-7,10-7-16,2013
Manchester City,Sunderland,2–2,22-4-6,6-7-19,2013
Everton,Crystal Palace,2–3,19-9-5,11-4-18,2013
Newcastle Utd,Swansea City,1–2,14-4-16,8-9-17,2013
Aston Villa,Southampton,0–0,9-7-17,13-9-12,2013
Tottenham,Fulham,3–1,18-6-10,9-3-22,2013
Chelsea,Sunderland,1–2,23-6-5,6-8-19,2013
Cardiff City,Stoke City,1–1,7-8-19,11-10-13,2013
West Ham,Crystal Palace,0–1,10-7-17,12-4-18,2013
Hull City,Arsenal,0–3,10-6-17,20-7-7,2013
Norwich City,Liverpool,2–3,8-8-18,24-5-5,2013
Everton,Manchester Utd,2–0,19-9-6,17-6-10,2013
Manchester City,West Brom,3–1,22-5-6,6-15-12,2013
West Brom,West Ham,1–0,6-15-13,10-7-18,2013
Fulham,Hull City,2–2,9-3-23,10-6-18,2013
Swansea City,Aston Villa,4–1,9-9-17,9-8-17,2013
Southampton,Everton,2–0,13-10-12,20-9-6,2013
Stoke City,Tottenham,0–1,11-11-13,19-6-10,2013
Manchester Utd,Norwich City,4–0,17-6-11,8-8-19,2013
Sunderland,Cardiff City,4–0,7-8-19,7-9-19,2013
Crystal Palace,Manchester City,0–2,13-4-18,23-5-6,2013
Liverpool,Chelsea,0–2,25-5-5,23-6-6,2013
Arsenal,Newcastle Utd,3–0,21-7-7,14-4-17,2013
Aston Villa,Hull City,3–1,9-8-18,10-7-18,2013
Newcastle Utd,Cardiff City,3–0,14-4-18,7-9-20,2013
Manchester Utd,Sunderland,0–1,18-6-11,8-8-19,2013
Everton,Manchester City,2–3,20-9-7,24-5-6,2013
Stoke City,Fulham,4–1,11-11-14,9-4-23,2013
Swansea City,Southampton,0–1,10-9-17,14-10-12,2013
West Ham,Tottenham,2–0,10-7-19,20-6-10,2013
Chelsea,Norwich City,0–0,24-6-6,8-8-20,2013
Arsenal,West Brom,1–0,22-7-7,7-15-13,2013
Crystal Palace,Liverpool,3–3,13-4-19,25-5-6,2013
Manchester Utd,Hull City,3–1,18-6-12,10-7-19,2013
Sunderland,West Brom,2–0,9-8-19,7-15-14,2013
Manchester City,Aston Villa,4–0,25-5-6,10-8-18,2013
Southampton,Manchester Utd,1–1,15-10-12,19-6-12,2013
Manchester City,West Ham,2–0,26-5-6,11-7-19,2013
Liverpool,Newcastle Utd,2–1,25-6-6,15-4-18,2013
Hull City,Everton,0–2,10-7-20,20-9-8,2013
Fulham,Crystal Palace,2–2,9-4-24,13-5-19,2013
Cardiff City,Chelsea,1–2,7-9-21,24-7-6,2013
West Brom,Stoke City,1–2,7-15-15,12-11-14,2013
Tottenham,Aston Villa,3–0,20-6-11,10-8-19,2013
Norwich City,Arsenal,0–2,8-9-20,23-7-7,2013
Sunderland,Swansea City,1–3,10-8-19,10-9-18,2013
Arsenal,Sunderland,0–0,0-0-0,0-0-0,2012
West Brom,Liverpool,3–0,0-0-0,0-0-0,2012
West Ham,Aston Villa,1–0,0-0-0,0-0-0,2012
Reading,Stoke City,1–1,0-0-0,0-0-0,2012
QPR,Swansea City,0–5,0-0-0,0-0-0,2012
Newcastle Utd,Tottenham,2–1,0-0-0,0-0-0,2012
Fulham,Norwich City,5–0,0-0-0,0-0-0,2012
Manchester City,Southampton,3–2,0-0-0,0-0-0,2012
Wigan Athletic,Chelsea,0–2,0-0-0,0-0-0,2012
Everton,Manchester Utd,1–0,0-0-0,0-0-0,2012
Chelsea,Reading,4–2,1-0-0,0-1-0,2012
Southampton,Wigan Athletic,0–2,0-0-1,0-0-1,2012
Manchester Utd,Fulham,3–2,0-0-1,1-0-0,2012
Norwich City,QPR,1–1,0-0-1,0-0-1,2012
Chelsea,Newcastle Utd,2–0,2-0-0,1-0-0,2012
Aston Villa,Everton,1–3,0-0-1,1-0-0,2012
Swansea City,West Ham,3–0,1-0-0,1-0-0,2012
Tottenham,West Brom,1–1,0-0-1,1-0-0,2012
Liverpool,Manchester City,2–2,0-0-1,1-0-0,2012
Stoke City,Arsenal,0–0,0-1-0,0-1-0,2012
Manchester City,QPR,3–1,1-1-0,0-1-1,2012
Wigan Athletic,Stoke City,2–2,1-0-1,0-2-0,2012
West Brom,Everton,2–0,1-1-0,2-0-0,2012
Swansea City,Sunderland,2–2,2-0-0,0-1-0,2012
West Ham,Fulham,3–0,1-0-1,1-0-1,2012
Tottenham,Norwich City,1–1,0-1-1,0-1-1,2012
Liverpool,Arsenal,0–2,0-1-1,0-2-0,2012
Newcastle Utd,Aston Villa,1–1,1-0-1,0-0-2,2012
Southampton,Manchester Utd,2–3,0-0-2,1-0-1,2012
Stoke City,Manchester City,1–1,0-3-0,2-1-0,2012
Fulham,West Brom,3–0,1-0-2,2-1-0,2012
QPR,Chelsea,0–0,0-1-2,3-0-0,2012
Norwich City,West Ham,0–0,0-2-1,2-0-1,2012
Sunderland,Liverpool,1–1,0-2-0,0-1-2,2012
Arsenal,Southampton,6–1,1-2-0,0-0-3,2012
Manchester Utd,Wigan Athletic,4–0,2-0-1,1-1-1,2012
Aston Villa,Swansea City,2–0,0-1-2,2-1-0,2012
Reading,Tottenham,1–3,0-1-1,0-2-1,2012
Everton,Newcastle Utd,2–2,2-0-1,1-1-1,2012
Chelsea,Stoke City,1–0,3-1-0,0-4-0,2012
Wigan Athletic,Fulham,1–2,1-1-2,2-0-2,2012
West Ham,Sunderland,1–1,2-1-1,0-3-0,2012
Swansea City,Everton,0–3,2-1-1,2-1-1,2012
West Brom,Reading,1–0,2-1-1,0-1-2,2012
Southampton,Aston Villa,4–1,0-0-4,1-1-2,2012
Manchester City,Arsenal,1–1,2-2-0,2-2-0,2012
Liverpool,Manchester Utd,1–2,0-2-2,3-0-1,2012
Tottenham,QPR,2–1,1-2-1,0-2-2,2012
Newcastle Utd,Norwich City,1–0,1-2-1,0-3-1,2012
Arsenal,Chelsea,1–2,2-3-0,4-1-0,2012
Sunderland,Wigan Athletic,1–0,0-4-0,1-1-3,2012
Norwich City,Liverpool,2–5,0-3-2,0-2-3,2012
Reading,Newcastle Utd,2–2,0-1-3,2-2-1,2012
Fulham,Manchester City,1–2,3-0-2,2-3-0,2012
Everton,Southampton,3–1,3-1-1,1-0-4,2012
Stoke City,Swansea City,2–0,0-4-1,2-1-2,2012
Manchester Utd,Tottenham,2–3,4-0-1,2-2-1,2012
Aston Villa,West Brom,1–1,1-1-3,3-1-1,2012
QPR,West Ham,1–2,0-2-3,2-2-1,2012
West Brom,QPR,3–2,3-2-1,0-2-4,2012
Chelsea,Norwich City,4–1,5-1-0,0-3-3,2012
Swansea City,Reading,2–2,2-1-3,0-2-3,2012
West Ham,Arsenal,1–3,3-2-1,2-3-1,2012
Wigan Athletic,Everton,2–2,1-1-4,4-1-1,2012
Manchester City,Sunderland,3–0,3-3-0,1-4-0,2012
Liverpool,Stoke City,0–0,1-2-3,1-4-1,2012
Newcastle Utd,Manchester Utd,0–3,2-3-1,4-0-2,2012
Tottenham,Aston Villa,2–0,3-2-1,1-2-3,2012
Southampton,Fulham,2–2,1-0-5,3-0-3,2012
Fulham,Aston Villa,1–0,3-1-3,1-2-4,2012
Norwich City,Arsenal,1–0,0-3-4,3-3-1,2012
Swansea City,Wigan Athletic,2–1,2-2-3,1-2-4,2012
Liverpool,Reading,1–0,1-3-3,0-3-3,2012
Manchester Utd,Stoke City,4–2,5-0-2,1-5-1,2012
West Ham,Southampton,4–1,3-2-2,1-1-5,2012
West Brom,Manchester City,1–2,4-2-1,4-3-0,2012
Tottenham,Chelsea,2–4,4-2-1,6-1-0,2012
QPR,Everton,1–1,0-2-5,4-2-1,2012
Sunderland,Newcastle Utd,1–1,1-4-1,2-3-2,2012
Manchester City,Swansea City,1–0,5-3-0,3-2-3,2012
Stoke City,Sunderland,0–0,1-5-2,1-5-1,2012
Aston Villa,Norwich City,1–1,1-2-5,1-3-4,2012
Arsenal,QPR,1–0,3-3-2,0-3-5,2012
Reading,Fulham,3–3,0-3-4,4-1-3,2012
Wigan Athletic,West Ham,2–1,1-2-5,4-2-2,2012
Newcastle Utd,West Brom,2–1,2-4-2,4-2-2,2012
Chelsea,Manchester Utd,2–3,7-1-0,6-0-2,2012
Southampton,Tottenham,1–2,1-1-6,4-2-2,2012
Everton,Liverpool,2–2,4-3-1,2-3-3,2012
Fulham,Everton,2–2,4-2-3,4-4-1,2012
Swansea City,Chelsea,1–1,3-2-4,7-1-1,2012
Tottenham,Wigan Athletic,0–1,5-2-2,2-2-5,2012
Sunderland,Aston Villa,0–1,1-6-1,1-3-5,2012
Manchester Utd,Arsenal,2–1,7-0-2,4-3-2,2012
West Ham,Manchester City,0–0,4-2-3,6-3-0,2012
Norwich City,Stoke City,1–0,1-4-4,1-6-2,2012
Liverpool,Newcastle Utd,1–1,2-4-3,3-4-2,2012
QPR,Reading,1–1,0-3-6,0-4-4,2012
West Brom,Southampton,2–0,4-2-3,1-1-7,2012
Wigan Athletic,West Brom,1–2,3-2-5,5-2-3,2012
Arsenal,Fulham,3–3,4-3-3,4-3-3,2012
Everton,Sunderland,2–1,4-5-1,1-6-2,2012
Stoke City,QPR,1–0,1-6-3,0-4-6,2012
Aston Villa,Manchester Utd,2–3,2-3-5,8-0-2,2012
Southampton,Swansea City,1–1,1-1-8,3-3-4,2012
Reading,Norwich City,0–0,0-5-4,2-4-4,2012
Manchester City,Tottenham,2–1,6-4-0,5-2-3,2012
Chelsea,Liverpool,1–1,7-2-1,2-5-3,2012
Newcastle Utd,West Ham,0–1,3-5-2,4-3-3,2012
Norwich City,Manchester Utd,1–0,2-5-4,9-0-2,2012
Liverpool,Wigan Athletic,3–0,2-6-3,3-2-6,2012
Manchester City,Aston Villa,5–0,7-4-0,2-3-6,2012
West Brom,Chelsea,2–1,6-2-3,7-3-1,2012
Reading,Everton,2–1,0-6-4,5-5-1,2012
QPR,Southampton,1–3,0-4-7,1-2-8,2012
Newcastle Utd,Swansea City,1–2,3-5-3,3-4-4,2012
Arsenal,Tottenham,5–2,4-4-3,5-2-4,2012
Fulham,Sunderland,1–3,4-4-3,1-6-3,2012
West Ham,Stoke City,1–1,5-3-3,2-6-3,2012
Sunderland,West Brom,2–4,2-6-3,7-2-3,2012
Wigan Athletic,Reading,3–2,3-2-7,1-6-4,2012
Manchester Utd,QPR,3–1,9-0-3,0-4-8,2012
Stoke City,Fulham,1–0,2-7-3,4-4-4,2012
Everton,Norwich City,1–1,5-5-2,3-5-4,2012
Aston Villa,Arsenal,0–0,2-3-7,5-4-3,2012
Chelsea,Manchester City,0–0,7-3-2,8-4-0,2012
Swansea City,Liverpool,0–0,4-4-4,3-6-3,2012
Southampton,Newcastle Utd,2–0,2-2-8,3-5-4,2012
Tottenham,West Ham,3–1,5-2-5,5-4-3,2012
Aston Villa,Reading,1–0,2-4-7,1-6-5,2012
Sunderland,QPR,0–0,2-6-4,0-4-9,2012
Swansea City,West Brom,3–1,4-5-4,8-2-3,2012
Manchester Utd,West Ham,1–0,10-0-3,5-4-4,2012
Stoke City,Newcastle Utd,2–1,3-7-3,3-5-5,2012
Everton,Arsenal,1–1,5-6-2,5-5-3,2012
Tottenham,Liverpool,2–1,6-2-5,3-7-3,2012
Wigan Athletic,Manchester City,0–2,4-2-7,8-5-0,2012
Southampton,Norwich City,1–1,3-2-8,3-6-4,2012
Chelsea,Fulham,0–0,7-4-2,4-4-5,2012
Fulham,Tottenham,0–3,4-5-5,7-2-5,2012
West Brom,Stoke City,0–1,8-2-4,4-7-3,2012
Liverpool,Southampton,1–0,3-7-4,3-3-8,2012
Arsenal,Swansea City,0–2,5-6-3,5-5-4,2012
QPR,Aston Villa,1–1,0-5-9,3-4-7,2012
Manchester City,Everton,1–1,9-5-0,5-7-2,2012
West Ham,Chelsea,3–1,5-4-5,7-5-2,2012
Reading,Manchester Utd,3–4,1-6-6,11-0-3,2012
Norwich City,Sunderland,2–1,3-7-4,2-7-4,2012
Newcastle Utd,Wigan Athletic,3–0,3-5-6,4-2-8,2012
Arsenal,West Brom,2–0,5-6-4,8-2-5,2012
Swansea City,Norwich City,3–4,6-5-4,4-7-4,2012
Aston Villa,Stoke City,0–0,3-5-7,5-7-3,2012
Wigan Athletic,QPR,2–2,4-2-9,0-6-9,2012
Sunderland,Chelsea,1–3,2-7-5,7-5-3,2012
Southampton,Reading,1–0,3-3-9,1-6-7,2012
Manchester City,Manchester Utd,2–3,9-6-0,12-0-3,2012
Everton,Tottenham,2–1,5-8-2,8-2-5,2012
West Ham,Liverpool,2–3,6-4-5,4-7-4,2012
Fulham,Newcastle Utd,2–1,4-5-6,4-5-6,2012
Sunderland,Reading,3–0,2-7-6,1-6-8,2012
QPR,Fulham,2–1,0-7-9,5-5-6,2012
Norwich City,Wigan Athletic,2–1,5-7-4,4-3-9,2012
Manchester Utd,Sunderland,3–1,13-0-3,3-7-6,2012
Stoke City,Everton,1–1,5-8-3,6-8-2,2012
Newcastle Utd,Manchester City,1–3,4-5-7,9-6-1,2012
Liverpool,Aston Villa,1–3,5-7-4,3-6-7,2012
Tottenham,Swansea City,1–0,8-2-6,6-5-5,2012
West Brom,West Ham,0–0,8-2-6,6-4-6,2012
Reading,Arsenal,2–5,1-6-9,6-6-4,2012
Manchester City,Reading,1–0,10-6-1,1-6-10,2012
West Brom,Norwich City,2–1,8-3-6,6-7-4,2012
Liverpool,Fulham,4–0,5-7-5,5-5-7,2012
Wigan Athletic,Arsenal,0–1,4-3-10,7-6-4,2012
West Ham,Everton,1–2,6-5-6,6-9-2,2012
Newcastle Utd,QPR,1–0,4-5-8,1-7-9,2012
Southampton,Sunderland,0–1,4-3-9,3-7-7,2012
Tottenham,Stoke City,0–0,9-2-6,5-9-3,2012
Swansea City,Manchester Utd,1–1,6-5-6,14-0-3,2012
Chelsea,Aston Villa,8–0,8-5-3,4-6-7,2012
Sunderland,Manchester City,1–0,4-7-7,11-6-1,2012
Aston Villa,Tottenham,0–4,4-6-8,9-3-6,2012
Manchester Utd,Newcastle Utd,4–3,14-1-3,5-5-8,2012
Everton,Wigan Athletic,2–1,7-9-2,4-3-11,2012
Norwich City,Chelsea,0–1,6-7-5,9-5-3,2012
Stoke City,Liverpool,3–1,5-10-3,6-7-5,2012
Reading,Swansea City,0–0,1-6-11,6-6-6,2012
QPR,West Brom,1–2,1-7-10,9-3-6,2012
Fulham,Southampton,1–1,5-5-8,4-3-10,2012
Stoke City,Southampton,3–3,6-10-3,4-4-10,2012
Manchester Utd,West Brom,2–0,15-1-3,10-3-6,2012
Fulham,Swansea City,1–2,5-6-8,6-7-6,2012
Arsenal,Newcastle Utd,7–3,8-6-4,5-5-9,2012
Aston Villa,Wigan Athletic,0–3,4-6-9,4-3-12,2012
Norwich City,Manchester City,3–4,6-7-6,11-6-2,2012
Sunderland,Tottenham,1–2,5-7-7,10-3-6,2012
Reading,West Ham,1–0,1-7-11,6-5-7,2012
Everton,Chelsea,1–2,8-9-2,10-5-3,2012
QPR,Liverpool,0–3,1-7-11,6-7-6,2012
West Ham,Norwich City,2–1,6-5-8,6-7-7,2012
Tottenham,Reading,3–1,11-3-6,2-7-11,2012
Swansea City,Aston Villa,2–2,7-7-6,4-6-10,2012
West Brom,Fulham,1–2,10-3-7,5-6-9,2012
Southampton,Arsenal,1–1,4-5-10,9-6-4,2012
Manchester City,Stoke City,3–0,12-6-2,6-11-3,2012
Wigan Athletic,Manchester Utd,0–4,5-3-12,16-1-3,2012
Newcastle Utd,Everton,1–2,5-5-10,8-9-3,2012
Liverpool,Sunderland,3–0,7-7-6,5-7-8,2012
Chelsea,QPR,0–1,11-5-3,1-7-12,2012
Norwich City,Newcastle Utd,0–0,6-7-8,5-5-11,2012
Aston Villa,Southampton,0–1,4-7-10,4-6-10,2012
Stoke City,Chelsea,0–4,6-11-4,11-5-4,2012
Sunderland,West Ham,3–0,5-7-9,7-5-8,2012
Fulham,Wigan Athletic,1–1,6-6-9,5-3-13,2012
Everton,Swansea City,0–0,9-9-3,7-8-6,2012
QPR,Tottenham,0–0,2-7-12,12-3-6,2012
Reading,West Brom,3–2,2-7-12,10-3-8,2012
Arsenal,Manchester City,0–2,9-7-4,13-6-2,2012
Manchester Utd,Liverpool,2–1,17-1-3,8-7-6,2012
Chelsea,Southampton,2–2,12-5-4,5-6-10,2012
Swansea City,Stoke City,3–1,7-9-6,6-11-5,2012
Newcastle Utd,Reading,1–2,5-6-11,3-7-12,2012
Wigan Athletic,Sunderland,2–3,5-4-13,6-7-9,2012
Manchester City,Fulham,2–0,14-6-2,6-7-9,2012
West Ham,QPR,1–1,7-5-9,2-8-12,2012
West Brom,Aston Villa,2–2,10-3-9,4-7-11,2012
Liverpool,Norwich City,5–0,8-7-7,6-8-8,2012
Tottenham,Manchester Utd,1–1,12-4-6,18-1-3,2012
Chelsea,Arsenal,2–1,12-6-4,9-7-5,2012
Southampton,Everton,0–0,5-7-10,9-10-3,2012
Arsenal,West Ham,5–1,9-7-6,7-6-9,2012
QPR,Manchester City,0–0,2-9-12,15-6-2,2012
Stoke City,Wigan Athletic,2–2,6-11-6,5-4-14,2012
Aston Villa,Newcastle Utd,1–2,4-8-11,5-6-12,2012
Sunderland,Swansea City,0–0,7-7-9,8-9-6,2012
Manchester Utd,Southampton,2–1,18-2-3,5-8-10,2012
Everton,West Brom,2–1,9-11-3,10-4-9,2012
Arsenal,Liverpool,2–2,10-7-6,9-7-7,2012
Fulham,West Ham,3–1,6-7-10,7-6-10,2012
Norwich City,Tottenham,1–1,6-8-9,12-5-6,2012
Reading,Chelsea,2–2,4-7-12,13-6-4,2012
West Ham,Swansea City,1–0,7-6-11,8-10-6,2012
Reading,Sunderland,2–1,4-8-12,7-8-9,2012
Fulham,Manchester Utd,0–1,7-7-10,19-2-3,2012
Wigan Athletic,Southampton,2–2,5-5-14,5-8-11,2012
QPR,Norwich City,0–0,2-10-12,6-9-9,2012
Everton,Aston Villa,3–3,10-11-3,4-8-12,2012
Arsenal,Stoke City,1–0,10-8-6,6-12-6,2012
Newcastle Utd,Chelsea,3–2,6-6-12,13-7-4,2012
Manchester City,Liverpool,2–2,15-7-2,9-8-7,2012
West Brom,Tottenham,0–1,10-4-10,12-6-6,2012
Tottenham,Newcastle Utd,2–1,13-6-6,7-6-12,2012
Norwich City,Fulham,0–0,6-10-9,7-7-11,2012
Stoke City,Reading,2–1,6-12-7,5-8-12,2012
Swansea City,QPR,4–1,8-10-7,2-11-12,2012
Chelsea,Wigan Athletic,4–1,13-7-5,5-6-14,2012
Southampton,Manchester City,3–1,5-9-11,15-8-2,2012
Sunderland,Arsenal,0–1,7-8-10,11-8-6,2012
Aston Villa,West Ham,2–1,4-9-12,8-6-11,2012
Manchester Utd,Everton,2–0,20-2-3,10-12-3,2012
Liverpool,West Brom,0–2,9-9-7,10-4-11,2012
Liverpool,Swansea City,5–0,9-9-8,9-10-7,2012
Reading,Wigan Athletic,0–3,5-8-13,5-6-15,2012
West Brom,Sunderland,2–1,11-4-11,7-8-11,2012
Norwich City,Everton,2–1,6-11-9,10-12-4,2012
Arsenal,Aston Villa,2–1,12-8-6,5-9-12,2012
Fulham,Stoke City,1–0,7-8-11,7-12-7,2012
QPR,Manchester Utd,0–2,2-11-13,21-2-3,2012
Newcastle Utd,Southampton,4–2,7-6-13,6-9-11,2012
Manchester City,Chelsea,2–0,15-8-3,14-7-5,2012
West Ham,Tottenham,2–3,8-6-12,14-6-6,2012
Swansea City,Newcastle Utd,1–0,9-10-8,8-6-13,2012
Everton,Reading,3–1,10-12-5,5-8-14,2012
Chelsea,West Brom,1–0,14-7-6,12-4-11,2012
Southampton,QPR,1–2,6-9-12,2-11-14,2012
Sunderland,Fulham,2–2,7-8-12,8-8-11,2012
Wigan Athletic,Liverpool,0–4,6-6-15,10-9-8,2012
Manchester Utd,Norwich City,4–0,22-2-3,7-11-9,2012
Stoke City,West Ham,0–1,7-12-8,8-6-13,2012
Tottenham,Arsenal,2–1,15-6-6,13-8-6,2012
Aston Villa,Manchester City,0–1,5-9-13,16-8-3,2012
Reading,Aston Villa,1–2,5-8-15,5-9-14,2012
West Brom,Swansea City,2–1,12-4-12,10-10-8,2012
Norwich City,Southampton,0–0,7-11-10,6-9-13,2012
QPR,Sunderland,3–1,3-11-14,7-9-12,2012
Newcastle Utd,Stoke City,2–1,8-6-14,7-12-9,2012
Liverpool,Tottenham,3–2,11-9-8,16-6-6,2012
Southampton,Liverpool,3–1,6-10-13,12-9-8,2012
Aston Villa,QPR,3–2,6-9-14,4-11-14,2012
Manchester Utd,Reading,1–0,23-2-3,5-8-16,2012
Swansea City,Arsenal,0–2,10-10-9,13-8-7,2012
Stoke City,West Brom,0–0,7-12-10,13-4-12,2012
Everton,Manchester City,2–0,11-12-5,17-8-3,2012
Sunderland,Norwich City,1–1,7-9-13,7-12-10,2012
Tottenham,Fulham,0–1,16-6-7,8-9-11,2012
Wigan Athletic,Newcastle Utd,2–1,6-6-16,9-6-14,2012
Chelsea,West Ham,2–0,15-7-6,9-6-13,2012
Wigan Athletic,Norwich City,1–0,7-6-16,7-13-10,2012
Southampton,Chelsea,2–1,7-10-13,16-7-6,2012
West Ham,West Brom,3–1,9-6-14,13-5-12,2012
Arsenal,Reading,4–1,14-8-7,5-8-17,2012
Swansea City,Tottenham,1–2,10-10-10,16-6-8,2012
Manchester City,Newcastle Utd,4–0,17-8-4,9-6-15,2012
Everton,Stoke City,1–0,12-12-5,7-13-10,2012
Sunderland,Manchester Utd,0–1,7-10-13,24-2-3,2012
Aston Villa,Liverpool,1–2,7-9-14,12-9-9,2012
Fulham,QPR,3–2,9-9-11,4-11-15,2012
Reading,Southampton,0–2,5-8-18,8-10-13,2012
Stoke City,Aston Villa,1–3,7-13-11,7-9-15,2012
Norwich City,Swansea City,2–2,7-13-11,10-10-11,2012
West Brom,Arsenal,1–2,13-5-13,15-8-7,2012
Newcastle Utd,Fulham,1–0,9-6-16,10-9-11,2012
QPR,Wigan Athletic,1–1,4-11-16,8-6-16,2012
Liverpool,West Ham,0–0,13-9-9,10-6-14,2012
Chelsea,Sunderland,2–1,16-7-7,7-10-14,2012
Tottenham,Everton,2–2,17-6-8,13-12-5,2012
Manchester Utd,Manchester City,1–2,25-2-3,18-8-4,2012
Reading,Liverpool,0–0,5-8-19,13-10-9,2012
Everton,QPR,2–0,13-13-5,4-12-16,2012
Southampton,West Ham,1–1,9-10-13,10-7-14,2012
Arsenal,Norwich City,3–1,16-8-7,7-14-11,2012
Aston Villa,Fulham,1–1,8-9-15,10-9-12,2012
Newcastle Utd,Sunderland,0–3,10-6-16,7-10-15,2012
Stoke City,Manchester Utd,0–2,7-13-12,25-2-4,2012
Arsenal,Everton,0–0,17-8-7,14-13-5,2012
Manchester City,Wigan Athletic,1–0,19-8-4,8-7-16,2012
West Ham,Manchester Utd,2–2,10-8-14,26-2-4,2012
Fulham,Chelsea,0–3,10-10-12,17-7-7,2012
QPR,Stoke City,0–2,4-12-17,7-13-13,2012
Sunderland,Everton,1–0,8-10-15,14-14-5,2012
Norwich City,Reading,2–1,7-14-12,5-9-19,2012
Swansea City,Southampton,0–0,10-11-11,9-11-13,2012
Fulham,Arsenal,0–1,10-10-13,17-9-7,2012
West Brom,Newcastle Utd,1–1,13-5-14,10-6-17,2012
West Ham,Wigan Athletic,2–0,10-9-14,8-7-17,2012
Tottenham,Manchester City,3–1,17-7-8,20-8-4,2012
Liverpool,Chelsea,2–2,13-11-9,18-7-7,2012
Manchester Utd,Aston Villa,3–0,26-3-4,8-10-15,2012
Wigan Athletic,Tottenham,2–2,8-7-18,18-7-8,2012
Newcastle Utd,Liverpool,0–6,10-7-17,13-12-9,2012
Stoke City,Norwich City,1–0,8-13-13,8-14-12,2012
Everton,Fulham,1–0,14-14-6,10-10-14,2012
Southampton,West Brom,0–3,9-12-13,13-6-14,2012
Manchester City,West Ham,2–1,20-8-5,11-9-14,2012
Reading,QPR,0–0,5-9-20,4-12-18,2012
Chelsea,Swansea City,2–0,18-8-7,10-12-11,2012
Arsenal,Manchester Utd,1–1,18-9-7,27-3-4,2012
Aston Villa,Sunderland,6–1,8-10-16,9-10-15,2012
West Brom,Wigan Athletic,2–3,14-6-14,8-8-18,2012
Swansea City,Manchester City,0–0,10-12-12,21-8-5,2012
Norwich City,Aston Villa,1–2,8-14-13,9-10-16,2012
Fulham,Reading,2–4,10-10-15,5-10-20,2012
Tottenham,Southampton,1–0,18-8-8,9-12-14,2012
QPR,Arsenal,0–1,4-13-18,18-10-7,2012
West Ham,Newcastle Utd,0–0,11-9-15,10-7-18,2012
Manchester Utd,Chelsea,0–1,27-4-4,19-8-7,2012
Liverpool,Everton,0–0,14-12-9,15-14-6,2012
Sunderland,Stoke City,1–1,9-10-16,9-13-13,2012
Manchester City,West Brom,1–0,21-9-5,14-6-15,2012
Wigan Athletic,Swansea City,2–3,9-8-18,10-13-12,2012
Chelsea,Tottenham,2–2,20-8-7,19-8-8,2012
Aston Villa,Chelsea,1–2,10-10-16,20-9-7,2012
Sunderland,Southampton,1–1,9-11-16,9-12-15,2012
Norwich City,West Brom,4–0,8-14-14,14-6-16,2012
Manchester Utd,Swansea City,2–1,27-4-5,11-13-12,2012
Stoke City,Tottenham,1–2,9-14-13,19-9-8,2012
QPR,Newcastle Utd,1–2,4-13-19,10-8-18,2012
Everton,West Ham,2–0,15-15-6,11-10-15,2012
Fulham,Liverpool,1–3,10-10-16,14-13-9,2012
Arsenal,Wigan Athletic,4–1,19-10-7,9-8-19,2012
Reading,Manchester City,0–2,6-10-20,22-9-5,2012
West Brom,Manchester Utd,5–5,14-6-17,28-4-5,2012
Manchester City,Norwich City,2–3,23-9-5,9-14-14,2012
Chelsea,Everton,2–1,21-9-7,16-15-6,2012
Wigan Athletic,Aston Villa,2–2,9-8-20,10-10-17,2012
Liverpool,QPR,1–0,15-13-9,4-13-20,2012
Newcastle Utd,Arsenal,0–1,11-8-18,20-10-7,2012
Swansea City,Fulham,0–3,11-13-13,10-10-17,2012
West Ham,Reading,4–2,11-10-16,6-10-21,2012
Tottenham,Sunderland,1–0,20-9-8,9-12-16,2012
Southampton,Stoke City,1–1,9-13-15,9-14-14,2012
QPR,Bolton,0–4,0-0-0,0-0-0,2011
Liverpool,Sunderland,1–1,0-0-0,0-0-0,2011
Wigan Athletic,Norwich City,1–1,0-0-0,0-0-0,2011
Fulham,Aston Villa,0–0,0-0-0,0-0-0,2011
Newcastle Utd,Arsenal,0–0,0-0-0,0-0-0,2011
Blackburn,Wolves,1–2,0-0-0,0-0-0,2011
West Brom,Manchester Utd,1–2,0-0-0,0-0-0,2011
Stoke City,Chelsea,0–0,0-0-0,0-0-0,2011
Manchester City,Swansea City,4–0,0-0-0,0-0-0,2011
Swansea City,Wigan Athletic,0–0,0-0-1,0-1-0,2011
Arsenal,Liverpool,0–2,0-1-0,0-1-0,2011
Chelsea,West Brom,2–1,0-1-0,0-0-1,2011
Aston Villa,Blackburn,3–1,0-1-0,0-0-1,2011
Everton,QPR,0–1,0-0-0,0-0-1,2011
Sunderland,Newcastle Utd,0–1,0-1-0,0-1-0,2011
Wolves,Fulham,2–0,1-0-0,0-1-0,2011
Bolton,Manchester City,2–3,1-0-0,1-0-0,2011
Norwich City,Stoke City,1–1,0-1-0,0-1-0,2011
Manchester Utd,Tottenham,3–0,1-0-0,0-0-0,2011
Aston Villa,Wolves,0–0,1-1-0,2-0-0,2011
Chelsea,Norwich City,3–1,1-1-0,0-2-0,2011
Liverpool,Bolton,3–1,1-1-0,1-0-1,2011
Swansea City,Sunderland,0–0,0-1-1,0-1-1,2011
Wigan Athletic,QPR,2–0,0-2-0,1-0-1,2011
Blackburn,Everton,0–1,0-0-2,0-0-1,2011
West Brom,Stoke City,0–1,0-0-2,0-2-0,2011
Tottenham,Manchester City,1–5,0-0-1,2-0-0,2011
Manchester Utd,Arsenal,8–2,2-0-0,0-1-1,2011
Newcastle Utd,Fulham,2–1,1-1-0,0-1-1,2011
Sunderland,Chelsea,1–2,0-2-1,2-1-0,2011
Arsenal,Swansea City,1–0,0-1-2,0-2-1,2011
Manchester City,Wigan Athletic,3–0,3-0-0,1-2-0,2011
Bolton,Manchester Utd,0–5,1-0-2,3-0-0,2011
Stoke City,Liverpool,1–0,1-2-0,2-1-0,2011
Wolves,Tottenham,0–2,2-1-0,0-0-2,2011
Everton,Aston Villa,2–2,1-0-1,1-2-0,2011
Fulham,Blackburn,1–1,0-1-2,0-0-3,2011
Norwich City,West Brom,0–1,0-2-1,0-0-3,2011
QPR,Newcastle Utd,0–0,1-0-2,2-1-0,2011
Aston Villa,Newcastle Utd,1–1,1-3-0,2-2-0,2011
Wolves,QPR,0–3,2-1-1,1-1-2,2011
Everton,Wigan Athletic,3–1,1-1-1,1-2-1,2011
Swansea City,West Brom,3–0,0-2-2,1-0-3,2011
Bolton,Norwich City,1–2,1-0-3,0-2-2,2011
Blackburn,Arsenal,4–3,0-1-3,1-1-2,2011
Fulham,Manchester City,2–2,0-2-2,4-0-0,2011
Manchester Utd,Chelsea,3–1,4-0-0,3-1-0,2011
Tottenham,Liverpool,4–0,1-0-2,2-1-1,2011
Sunderland,Stoke City,4–0,0-2-2,2-2-0,2011
Stoke City,Manchester Utd,1–1,2-2-1,5-0-0,2011
Liverpool,Wolves,2–1,2-1-2,2-1-2,2011
West Brom,Fulham,0–0,1-0-4,0-3-2,2011
Chelsea,Swansea City,4–1,3-1-1,1-2-2,2011
Wigan Athletic,Tottenham,1–2,1-2-2,2-0-2,2011
Newcastle Utd,Blackburn,3–1,2-3-0,1-1-3,2011
Arsenal,Bolton,3–0,1-1-3,1-0-4,2011
Manchester City,Everton,2–0,4-1-0,2-1-1,2011
QPR,Aston Villa,1–1,2-1-2,1-4-0,2011
Norwich City,Sunderland,2–1,1-2-2,1-2-2,2011
Wolves,Newcastle Utd,1–2,2-1-3,3-3-0,2011
Sunderland,West Brom,2–2,1-2-3,1-1-4,2011
Manchester Utd,Norwich City,2–0,5-1-0,2-2-2,2011
Blackburn,Manchester City,0–4,1-1-4,5-1-0,2011
Everton,Liverpool,0–2,2-1-2,3-1-2,2011
Aston Villa,Wigan Athletic,2–0,1-5-0,1-2-3,2011
Bolton,Chelsea,1–5,1-0-5,4-1-1,2011
Tottenham,Arsenal,2–1,3-0-2,2-1-3,2011
Fulham,QPR,6–0,0-4-2,2-2-2,2011
Swansea City,Stoke City,2–0,1-2-3,2-3-1,2011
Wigan Athletic,Bolton,1–3,1-2-4,1-0-6,2011
Norwich City,Swansea City,3–1,2-2-3,2-2-3,2011
Stoke City,Fulham,2–0,2-3-2,1-4-2,2011
Chelsea,Everton,3–1,5-1-1,2-1-3,2011
QPR,Blackburn,1–1,2-2-3,1-1-5,2011
Liverpool,Manchester Utd,1–1,4-1-2,6-1-0,2011
Manchester City,Aston Villa,4–1,6-1-0,2-5-0,2011
Newcastle Utd,Tottenham,2–2,4-3-0,4-0-2,2011
Arsenal,Sunderland,2–1,2-1-4,1-3-3,2011
West Brom,Wolves,2–0,1-2-4,2-1-4,2011
Liverpool,Norwich City,1–1,4-2-2,3-2-3,2011
Bolton,Sunderland,0–2,2-0-6,1-3-4,2011
Newcastle Utd,Wigan Athletic,1–0,4-4-0,1-2-5,2011
Wolves,Swansea City,2–2,2-1-5,2-2-4,2011
Aston Villa,West Brom,1–2,2-5-1,2-2-4,2011
Fulham,Everton,1–3,1-4-3,2-1-4,2011
QPR,Chelsea,1–0,2-3-3,6-1-1,2011
Blackburn,Tottenham,1–2,1-2-5,4-1-2,2011
Arsenal,Stoke City,3–1,3-1-4,3-3-2,2011
Manchester Utd,Manchester City,1–6,6-2-0,7-1-0,2011
Manchester City,Wolves,3–1,8-1-0,2-2-5,2011
West Brom,Liverpool,0–2,3-2-4,4-3-2,2011
Chelsea,Arsenal,3–5,6-1-2,4-1-4,2011
Everton,Manchester Utd,0–1,3-1-4,6-2-1,2011
Sunderland,Aston Villa,2–2,2-3-4,2-5-2,2011
Swansea City,Bolton,3–1,2-3-4,2-0-7,2011
Norwich City,Blackburn,3–3,3-3-3,1-2-6,2011
Wigan Athletic,Fulham,0–2,1-2-6,1-4-4,2011
Tottenham,QPR,3–1,5-1-2,3-3-3,2011
Stoke City,Newcastle Utd,1–3,3-3-3,5-4-0,2011
Aston Villa,Norwich City,3–2,2-6-2,3-4-3,2011
Blackburn,Chelsea,0–1,1-3-6,6-1-3,2011
Newcastle Utd,Everton,2–1,6-4-0,3-1-5,2011
Liverpool,Swansea City,0–0,5-3-2,3-3-4,2011
QPR,Manchester City,2–3,3-3-4,9-1-0,2011
Manchester Utd,Sunderland,1–0,7-2-1,2-4-4,2011
Arsenal,West Brom,3–0,5-1-4,3-2-5,2011
Fulham,Tottenham,1–3,2-4-4,6-1-2,2011
Bolton,Stoke City,5–0,2-0-8,3-3-4,2011
Wolves,Wigan Athletic,3–1,2-2-6,1-2-7,2011
West Brom,Bolton,2–1,3-2-6,3-0-8,2011
Wigan Athletic,Blackburn,3–3,1-2-8,1-3-7,2011
Norwich City,Arsenal,1–2,3-4-4,6-1-4,2011
Stoke City,QPR,2–3,3-3-5,3-3-5,2011
Sunderland,Fulham,0–0,2-4-5,2-4-5,2011
Swansea City,Manchester Utd,0–1,3-4-4,8-2-1,2011
Everton,Wolves,2–1,3-1-6,3-2-6,2011
Manchester City,Newcastle Utd,3–1,10-1-0,7-4-0,2011
Chelsea,Liverpool,1–2,7-1-3,5-4-2,2011
Tottenham,Aston Villa,2–0,7-1-2,3-6-2,2011
Norwich City,QPR,2–1,3-4-5,4-3-5,2011
Manchester Utd,Newcastle Utd,1–1,9-2-1,7-4-1,2011
Stoke City,Blackburn,3–1,3-3-6,1-4-7,2011
West Brom,Tottenham,1–3,4-2-6,8-1-2,2011
Sunderland,Wigan Athletic,1–2,2-5-5,1-3-8,2011
Arsenal,Fulham,1–1,7-1-4,2-5-5,2011
Bolton,Everton,0–2,3-0-9,4-1-6,2011
Chelsea,Wolves,3–0,7-1-4,3-2-7,2011
Liverpool,Manchester City,1–1,6-4-2,11-1-0,2011
Swansea City,Aston Villa,0–0,3-4-5,3-6-3,2011
Tottenham,Bolton,3–0,9-1-2,3-0-10,2011
Aston Villa,Manchester Utd,0–1,3-7-3,9-3-1,2011
Blackburn,Swansea City,4–2,1-4-8,3-5-5,2011
Newcastle Utd,Chelsea,0–3,7-5-1,8-1-4,2011
Wigan Athletic,Arsenal,0–4,2-3-8,7-2-4,2011
QPR,West Brom,1–1,4-3-6,4-2-7,2011
Manchester City,Norwich City,5–1,11-2-0,4-4-5,2011
Wolves,Sunderland,2–1,3-2-8,2-5-6,2011
Everton,Stoke City,0–1,5-1-6,4-3-6,2011
Fulham,Liverpool,1–0,2-6-5,6-5-2,2011
West Brom,Wigan Athletic,1–2,4-3-7,2-3-9,2011
Norwich City,Newcastle Utd,4–2,4-4-6,7-5-2,2011
Liverpool,QPR,1–0,6-5-3,4-4-6,2011
Bolton,Aston Villa,1–2,3-0-11,3-7-4,2011
Swansea City,Fulham,2–0,3-5-6,3-6-5,2011
Manchester Utd,Wolves,4–1,10-3-1,4-2-8,2011
Arsenal,Everton,1–0,8-2-4,5-1-7,2011
Sunderland,Blackburn,2–1,2-5-7,2-4-8,2011
Stoke City,Tottenham,2–1,5-3-6,10-1-2,2011
Chelsea,Manchester City,2–1,9-1-4,12-2-0,2011
Blackburn,West Brom,1–2,2-4-9,4-3-8,2011
Newcastle Utd,Swansea City,0–0,7-5-3,4-5-6,2011
Wigan Athletic,Chelsea,1–1,3-3-9,10-1-4,2011
Wolves,Stoke City,1–2,4-2-9,6-3-6,2011
Everton,Norwich City,1–1,5-1-8,5-4-6,2011
Fulham,Bolton,2–0,3-6-6,3-0-12,2011
QPR,Manchester Utd,0–2,4-4-7,11-3-1,2011
Tottenham,Sunderland,1–0,10-1-3,3-5-7,2011
Manchester City,Arsenal,1–0,12-2-1,9-2-4,2011
Aston Villa,Liverpool,0–2,4-7-4,7-5-3,2011
Wolves,Norwich City,2–2,4-2-10,5-5-6,2011
Blackburn,Bolton,1–2,2-4-10,3-0-13,2011
Everton,Swansea City,1–0,5-2-8,4-6-6,2011
Fulham,Manchester Utd,0–5,4-6-6,12-3-1,2011
QPR,Sunderland,2–3,4-4-8,3-5-8,2011
Aston Villa,Arsenal,1–2,4-7-5,9-2-5,2011
Manchester City,Stoke City,3–0,13-2-1,7-3-6,2011
Wigan Athletic,Liverpool,0–0,3-4-9,8-5-3,2011
Newcastle Utd,West Brom,2–3,7-6-3,5-3-8,2011
Tottenham,Chelsea,1–1,11-1-3,10-2-4,2011
Liverpool,Blackburn,1–1,8-6-3,2-4-11,2011
Sunderland,Everton,1–1,4-5-8,6-2-8,2011
West Brom,Manchester City,0–0,6-3-8,14-2-1,2011
Manchester Utd,Wigan Athletic,5–0,13-3-1,3-5-9,2011
Bolton,Newcastle Utd,0–2,4-0-13,7-6-4,2011
Chelsea,Fulham,1–1,10-3-4,4-6-7,2011
Stoke City,Aston Villa,0–0,7-3-7,4-7-6,2011
Arsenal,Wolves,1–1,10-2-5,4-3-10,2011
Swansea City,QPR,1–1,4-6-7,4-4-9,2011
Norwich City,Tottenham,0–2,5-6-6,11-2-3,2011
Liverpool,Newcastle Utd,3–1,8-7-3,8-6-4,2011
Arsenal,QPR,1–0,10-3-5,4-5-9,2011
Bolton,Wolves,1–1,4-0-14,4-4-10,2011
Norwich City,Fulham,1–1,5-6-7,4-7-7,2011
Chelsea,Aston Villa,1–3,10-4-4,4-8-6,2011
Manchester Utd,Blackburn,2–3,14-3-1,2-5-11,2011
Swansea City,Tottenham,1–1,4-7-7,12-2-3,2011
Stoke City,Wigan Athletic,2–2,7-4-7,3-5-10,2011
West Brom,Everton,0–1,6-4-8,6-3-8,2011
Sunderland,Manchester City,1–0,4-6-8,14-3-1,2011
Blackburn,Stoke City,1–2,3-5-11,7-5-7,2011
Aston Villa,Swansea City,0–2,5-8-6,4-8-7,2011
Wolves,Chelsea,1–2,4-5-10,10-4-5,2011
QPR,Norwich City,1–2,4-5-10,5-7-7,2011
Fulham,Arsenal,2–1,4-8-7,11-3-5,2011
Tottenham,West Brom,1–0,12-3-3,6-4-9,2011
Manchester City,Liverpool,3–0,14-3-2,9-7-3,2011
Wigan Athletic,Sunderland,1–4,3-6-10,5-6-8,2011
Everton,Bolton,1–2,7-3-8,4-1-14,2011
Newcastle Utd,Manchester Utd,3–0,8-6-5,14-3-2,2011
Tottenham,Everton,2–0,13-3-3,7-3-9,2011
Chelsea,Sunderland,1–0,11-4-5,6-6-8,2011
Tottenham,Wolves,1–1,14-3-3,4-5-11,2011
West Brom,Norwich City,1–2,6-4-10,6-7-7,2011
Liverpool,Stoke City,0–0,9-7-4,8-5-7,2011
Manchester Utd,Bolton,3–0,14-3-3,5-1-14,2011
Blackburn,Fulham,3–1,3-5-12,5-8-7,2011
Aston Villa,Everton,1–1,5-8-7,7-3-10,2011
Swansea City,Arsenal,3–2,5-8-7,11-3-6,2011
Newcastle Utd,QPR,1–0,9-6-5,4-5-11,2011
Wigan Athletic,Manchester City,0–1,3-6-11,15-3-2,2011
Bolton,Liverpool,3–1,5-1-15,9-8-4,2011
Everton,Blackburn,1–1,7-4-10,4-5-12,2011
Fulham,Newcastle Utd,5–2,5-8-8,10-6-5,2011
Norwich City,Chelsea,0–0,7-7-7,12-4-5,2011
Stoke City,West Brom,1–2,8-6-7,6-4-11,2011
Sunderland,Swansea City,2–0,6-6-9,6-8-7,2011
Wolves,Aston Villa,2–3,4-6-11,5-9-7,2011
QPR,Wigan Athletic,3–1,4-5-12,3-6-12,2011
Arsenal,Manchester Utd,1–2,11-3-7,15-3-3,2011
Manchester City,Tottenham,3–2,16-3-2,14-4-3,2011
Manchester Utd,Stoke City,2–0,16-3-3,8-6-8,2011
Everton,Manchester City,1–0,7-5-10,17-3-2,2011
Wolves,Liverpool,0–3,4-6-12,9-8-5,2011
Tottenham,Wigan Athletic,3–1,14-4-4,3-6-13,2011
Swansea City,Chelsea,1–1,6-8-8,12-5-5,2011
Sunderland,Norwich City,3–0,7-6-9,7-8-7,2011
Fulham,West Brom,1–1,6-8-8,7-4-11,2011
Aston Villa,QPR,2–2,6-9-7,5-5-12,2011
Bolton,Arsenal,0–0,6-1-15,11-3-8,2011
Blackburn,Newcastle Utd,0–2,4-6-12,10-6-6,2011
Stoke City,Sunderland,0–1,8-6-9,8-6-9,2011
Arsenal,Blackburn,7–1,11-4-8,4-6-13,2011
Wigan Athletic,Everton,1–1,3-6-14,8-5-10,2011
Norwich City,Bolton,2–0,7-8-8,6-2-15,2011
Manchester City,Fulham,3–0,17-3-3,6-9-8,2011
QPR,Wolves,1–2,5-6-12,4-6-13,2011
West Brom,Swansea City,1–2,7-5-11,6-9-8,2011
Newcastle Utd,Aston Villa,2–1,11-6-6,6-10-7,2011
Chelsea,Manchester Utd,3–3,12-6-5,17-3-3,2011
Liverpool,Tottenham,0–0,10-8-5,15-4-4,2011
Sunderland,Arsenal,1–2,9-6-9,12-4-8,2011
Blackburn,QPR,3–2,4-6-14,5-6-13,2011
Fulham,Stoke City,2–1,6-9-9,8-6-10,2011
Bolton,Wigan Athletic,1–2,6-2-16,3-7-14,2011
Manchester Utd,Liverpool,2–1,17-4-3,10-9-5,2011
Swansea City,Norwich City,2–3,7-9-8,8-8-8,2011
Everton,Chelsea,2–0,8-6-10,12-7-5,2011
Tottenham,Newcastle Utd,5–0,15-5-4,12-6-6,2011
Aston Villa,Manchester City,0–1,6-10-8,18-3-3,2011
Wolves,West Brom,1–5,5-6-13,7-5-12,2011
Manchester City,Blackburn,3–0,19-3-3,5-6-14,2011
Newcastle Utd,Wolves,2–2,12-6-7,5-6-14,2011
Chelsea,Bolton,3–0,12-7-6,6-2-17,2011
Wigan Athletic,Aston Villa,0–0,4-7-14,6-10-9,2011
QPR,Fulham,0–1,5-6-14,7-9-9,2011
West Brom,Sunderland,4–0,8-5-12,9-6-10,2011
Norwich City,Manchester Utd,1–2,9-8-8,18-4-3,2011
Arsenal,Tottenham,5–2,13-4-8,16-5-4,2011
Stoke City,Swansea City,2–0,8-6-11,7-9-9,2011
West Brom,Chelsea,1–0,9-5-12,13-7-6,2011
QPR,Everton,1–1,5-6-15,9-6-10,2011
Liverpool,Arsenal,1–2,10-9-6,14-4-8,2011
Wigan Athletic,Swansea City,0–2,4-8-14,7-9-10,2011
Stoke City,Norwich City,1–0,9-6-11,9-8-9,2011
Blackburn,Aston Villa,1–1,5-6-15,6-11-9,2011
Manchester City,Bolton,2–0,20-3-3,6-2-18,2011
Fulham,Wolves,5–0,8-9-9,5-7-14,2011
Newcastle Utd,Sunderland,1–1,12-7-7,9-6-11,2011
Tottenham,Manchester Utd,1–3,16-5-5,19-4-3,2011
Wolves,Blackburn,0–2,5-7-15,5-7-15,2011
Sunderland,Liverpool,1–0,9-7-11,10-9-7,2011
Aston Villa,Fulham,1–0,6-12-9,9-9-9,2011
Bolton,QPR,2–1,6-2-19,5-7-15,2011
Chelsea,Stoke City,1–0,13-7-7,10-6-11,2011
Everton,Tottenham,1–0,9-7-10,16-5-6,2011
Manchester Utd,West Brom,2–0,20-4-3,10-5-12,2011
Swansea City,Manchester City,1–0,8-9-10,21-3-3,2011
Norwich City,Wigan Athletic,1–1,9-8-10,4-8-15,2011
Arsenal,Newcastle Utd,2–1,15-4-8,12-8-7,2011
Liverpool,Everton,3–0,10-9-8,10-7-10,2011
Fulham,Swansea City,0–3,9-9-10,9-9-10,2011
Wigan Athletic,West Brom,1–1,4-9-15,10-5-13,2011
Wolves,Manchester Utd,0–5,5-7-16,21-4-3,2011
Newcastle Utd,Norwich City,1–0,12-8-8,9-9-10,2011
Blackburn,Sunderland,2–0,6-7-15,10-7-11,2011
Manchester City,Chelsea,2–1,21-3-4,14-7-7,2011
Everton,Arsenal,0–1,10-7-11,16-4-8,2011
Tottenham,Stoke City,1–1,16-5-7,10-6-12,2011
QPR,Liverpool,3–2,5-7-16,11-9-8,2011
Sunderland,QPR,3–1,10-7-12,6-7-16,2011
Chelsea,Tottenham,0–0,14-7-8,16-6-7,2011
Arsenal,Aston Villa,3–0,17-4-8,7-12-9,2011
Norwich City,Wolves,2–1,9-9-11,5-7-17,2011
Stoke City,Manchester City,1–1,10-7-12,22-3-4,2011
Liverpool,Wigan Athletic,1–2,11-9-9,4-10-15,2011
Bolton,Blackburn,2–1,7-2-19,7-7-15,2011
Swansea City,Everton,0–2,10-9-10,10-7-12,2011
West Brom,Newcastle Utd,1–3,10-6-13,13-8-8,2011
Manchester Utd,Fulham,1–0,22-4-3,9-9-11,2011
QPR,Arsenal,2–1,6-7-17,18-4-8,2011
Fulham,Norwich City,2–1,9-9-12,10-9-11,2011
Wigan Athletic,Stoke City,2–0,5-10-15,10-8-12,2011
Everton,West Brom,2–0,11-7-12,10-6-14,2011
Wolves,Bolton,2–3,5-7-18,8-2-19,2011
Aston Villa,Chelsea,2–4,7-12-10,14-8-8,2011
Manchester City,Sunderland,3–3,22-4-4,11-7-12,2011
Newcastle Utd,Liverpool,2–0,14-8-8,11-9-10,2011
Tottenham,Swansea City,3–1,16-7-7,10-9-11,2011
Blackburn,Manchester Utd,0–2,7-7-16,23-4-3,2011
Swansea City,Newcastle Utd,0–2,10-9-12,15-8-8,2011
Norwich City,Everton,2–2,10-9-12,12-7-12,2011
Stoke City,Wolves,2–1,10-8-13,5-7-19,2011
Sunderland,Tottenham,0–0,11-8-12,17-7-7,2011
West Brom,Blackburn,3–0,10-6-15,7-7-17,2011
Bolton,Fulham,0–3,9-2-19,10-9-12,2011
Liverpool,Aston Villa,1–1,11-9-11,7-12-11,2011
Chelsea,Wigan Athletic,2–1,15-8-8,6-10-15,2011
Arsenal,Manchester City,1–0,18-4-9,22-5-4,2011
Manchester Utd,QPR,2–0,24-4-3,7-7-17,2011
Tottenham,Norwich City,1–2,17-8-7,10-10-12,2011
Aston Villa,Stoke City,1–1,7-13-11,11-8-13,2011
Everton,Sunderland,4–0,12-8-12,11-9-12,2011
Fulham,Chelsea,1–1,11-9-12,16-8-8,2011
Newcastle Utd,Bolton,2–0,16-8-8,9-2-20,2011
Blackburn,Liverpool,2–3,7-7-18,11-10-11,2011
Wolves,Arsenal,0–3,5-7-20,19-4-9,2011
QPR,Swansea City,3–0,7-7-18,10-9-13,2011
Manchester City,West Brom,4–0,22-5-5,11-6-15,2011
Wigan Athletic,Manchester Utd,1–0,6-10-16,25-4-3,2011
Norwich City,Manchester City,1–6,11-10-12,23-5-5,2011
Swansea City,Blackburn,3–0,10-9-14,7-7-19,2011
West Brom,QPR,1–0,11-6-16,8-7-18,2011
Sunderland,Wolves,0–0,11-9-13,5-7-21,2011
Manchester Utd,Aston Villa,4–0,25-4-4,7-14-11,2011
Arsenal,Wigan Athletic,1–2,20-4-9,7-10-16,2011
QPR,Tottenham,1–0,8-7-19,17-8-8,2011
Fulham,Wigan Athletic,2–1,11-10-12,8-10-16,2011
Bolton,Swansea City,1–1,9-2-21,11-9-14,2011
Newcastle Utd,Stoke City,3–0,17-8-8,11-9-13,2011
Arsenal,Chelsea,0–0,20-4-10,16-9-8,2011
Aston Villa,Sunderland,0–0,7-14-12,11-10-13,2011
Blackburn,Norwich City,2–0,7-7-20,11-10-13,2011
Wolves,Manchester City,0–2,5-8-21,24-5-5,2011
Manchester Utd,Everton,4–4,26-4-4,13-8-12,2011
Liverpool,West Brom,0–1,12-10-11,12-6-16,2011
Aston Villa,Bolton,1–2,7-15-12,9-3-21,2011
Stoke City,Arsenal,1–1,11-9-14,20-5-10,2011
Norwich City,Liverpool,0–3,11-10-14,12-10-12,2011
Sunderland,Bolton,2–2,11-11-13,10-3-21,2011
Everton,Fulham,4–0,13-9-12,12-10-12,2011
Swansea City,Wolves,4–4,11-10-14,5-8-22,2011
West Brom,Aston Villa,0–0,13-6-16,7-15-13,2011
Wigan Athletic,Newcastle Utd,4–0,8-10-17,18-8-8,2011
Chelsea,QPR,6–1,16-10-8,9-7-19,2011
Tottenham,Blackburn,2–0,17-8-9,8-7-20,2011
Manchester City,Manchester Utd,1–0,25-5-5,26-5-4,2011
Liverpool,Fulham,0–1,13-10-12,12-10-13,2011
Stoke City,Everton,1–1,11-10-14,14-9-12,2011
Bolton,Tottenham,1–4,10-4-21,18-8-9,2011
Chelsea,Newcastle Utd,0–2,17-10-8,18-8-9,2011
Arsenal,Norwich City,3–3,20-6-10,11-10-15,2011
Manchester Utd,Swansea City,2–0,26-5-5,11-11-14,2011
Wolves,Everton,0–0,5-9-22,14-10-12,2011
Fulham,Sunderland,2–1,13-10-13,11-12-13,2011
Newcastle Utd,Manchester City,0–2,19-8-9,26-5-5,2011
Aston Villa,Tottenham,1–1,7-16-13,19-8-9,2011
Bolton,West Brom,2–2,10-4-22,13-7-16,2011
QPR,Stoke City,1–0,9-7-20,11-11-14,2011
Blackburn,Wigan Athletic,0–1,8-7-21,9-10-17,2011
Liverpool,Chelsea,4–1,13-10-13,17-10-9,2011
Norwich City,Aston Villa,2–0,11-11-15,7-17-13,2011
Sunderland,Manchester Utd,0–1,11-12-14,27-5-5,2011
Tottenham,Fulham,2–0,19-9-9,14-10-13,2011
West Brom,Arsenal,2–3,13-8-16,20-7-10,2011
Chelsea,Blackburn,2–1,17-10-10,8-7-22,2011
Wigan Athletic,Wolves,3–2,10-10-17,5-10-22,2011
Everton,Newcastle Utd,3–1,14-11-12,19-8-10,2011
Swansea City,Liverpool,1–0,11-11-15,14-10-13,2011
Stoke City,Bolton,2–2,11-11-15,10-5-22,2011
Manchester City,QPR,3–2,27-5-5,10-7-20,2011
Sunderland,Birmingham City,2–2,0-0-0,0-0-0,2010
Aston Villa,West Ham,3–0,0-0-0,0-0-0,2010
Tottenham,Manchester City,0–0,0-0-0,0-0-0,2010
Wolves,Stoke City,2–1,0-0-0,0-0-0,2010
Bolton,Fulham,0–0,0-0-0,0-0-0,2010
Wigan Athletic,Blackpool,0–4,0-0-0,0-0-0,2010
Chelsea,West Brom,6–0,0-0-0,0-0-0,2010
Blackburn,Everton,1–0,0-0-0,0-0-0,2010
Liverpool,Arsenal,1–1,0-0-0,0-0-0,2010
Manchester Utd,Newcastle Utd,3–0,0-0-0,0-0-0,2010
Birmingham City,Blackburn,2–1,0-1-0,1-0-0,2010
West Ham,Bolton,1–3,0-0-1,0-1-0,2010
West Brom,Sunderland,1–0,0-0-1,0-1-0,2010
Everton,Wolves,1–1,0-0-1,1-0-0,2010
Arsenal,Blackpool,6–0,0-1-0,1-0-0,2010
Stoke City,Tottenham,1–2,0-0-1,0-1-0,2010
Wigan Athletic,Chelsea,0–6,0-0-1,1-0-0,2010
Newcastle Utd,Aston Villa,6–0,0-0-1,1-0-0,2010
Fulham,Manchester Utd,2–2,0-1-0,1-0-0,2010
Manchester City,Liverpool,3–0,0-1-0,0-1-0,2010
Manchester Utd,West Ham,3–0,1-1-0,0-0-2,2010
Chelsea,Stoke City,2–0,2-0-0,0-0-2,2010
Blackburn,Arsenal,1–2,1-0-1,1-1-0,2010
Tottenham,Wigan Athletic,0–1,1-1-0,0-0-2,2010
Wolves,Newcastle Utd,1–1,1-1-0,1-0-1,2010
Blackpool,Fulham,2–2,1-0-1,0-2-0,2010
Liverpool,West Brom,1–0,0-1-1,1-0-1,2010
Bolton,Birmingham City,2–2,1-1-0,1-1-0,2010
Sunderland,Manchester City,1–0,0-1-1,1-1-0,2010
Aston Villa,Everton,1–0,1-0-1,0-1-1,2010
Everton,Manchester Utd,3–3,0-1-2,2-1-0,2010
Newcastle Utd,Blackpool,0–2,1-1-1,1-1-1,2010
Fulham,Wolves,2–1,0-3-0,1-2-0,2010
Wigan Athletic,Sunderland,1–1,1-0-2,1-1-1,2010
Arsenal,Bolton,4–1,2-1-0,1-2-0,2010
West Ham,Chelsea,1–3,0-0-3,3-0-0,2010
West Brom,Tottenham,1–1,1-0-2,1-1-1,2010
Manchester City,Blackburn,1–1,1-1-1,1-0-2,2010
Birmingham City,Liverpool,0–0,1-2-0,1-1-1,2010
Stoke City,Aston Villa,2–1,0-0-3,2-0-1,2010
Stoke City,West Ham,1–1,1-0-3,0-0-4,2010
West Brom,Birmingham City,3–1,1-1-2,1-3-0,2010
Everton,Newcastle Utd,0–1,0-2-2,1-1-2,2010
Sunderland,Arsenal,1–1,1-2-1,3-1-0,2010
Blackburn,Fulham,1–1,1-1-2,1-3-0,2010
Aston Villa,Bolton,1–1,2-0-2,1-2-1,2010
Tottenham,Wolves,3–1,1-2-1,1-2-1,2010
Chelsea,Blackpool,4–0,4-0-0,2-1-1,2010
Wigan Athletic,Manchester City,0–2,1-1-2,1-2-1,2010
Manchester Utd,Liverpool,3–2,2-2-0,1-2-1,2010
Fulham,Everton,0–0,1-4-0,0-2-3,2010
Blackpool,Blackburn,1–2,2-1-2,1-2-2,2010
Arsenal,West Brom,2–3,3-2-0,2-1-2,2010
Liverpool,Sunderland,2–2,1-2-2,1-3-1,2010
West Ham,Tottenham,1–0,0-1-4,2-2-1,2010
Manchester City,Chelsea,1–0,2-2-1,5-0-0,2010
Birmingham City,Wigan Athletic,0–0,1-3-1,1-1-3,2010
Bolton,Manchester Utd,2–2,1-3-1,3-2-0,2010
Newcastle Utd,Stoke City,1–2,2-1-2,1-1-3,2010
Wolves,Aston Villa,1–2,1-2-2,2-1-2,2010
West Brom,Bolton,1–1,3-1-2,1-4-1,2010
West Ham,Fulham,1–1,1-1-4,1-5-0,2010
Wigan Athletic,Wolves,2–0,1-2-3,1-2-3,2010
Tottenham,Aston Villa,2–1,2-2-2,3-1-2,2010
Stoke City,Blackburn,1–0,2-1-3,2-2-2,2010
Sunderland,Manchester Utd,0–0,1-4-1,3-3-0,2010
Birmingham City,Everton,0–2,1-4-1,0-3-3,2010
Liverpool,Blackpool,1–2,1-3-2,2-1-3,2010
Chelsea,Arsenal,2–0,5-0-1,3-2-1,2010
Manchester City,Newcastle Utd,2–1,3-2-1,2-1-3,2010
Aston Villa,Chelsea,0–0,3-1-3,6-0-1,2010
Arsenal,Birmingham City,2–1,3-2-2,1-4-2,2010
Wolves,West Ham,1–1,1-2-4,1-2-4,2010
Fulham,Tottenham,1–2,1-6-0,3-2-2,2010
Newcastle Utd,Wigan Athletic,2–2,2-1-4,2-2-3,2010
Bolton,Stoke City,2–1,1-5-1,3-1-3,2010
Manchester Utd,West Brom,2–2,3-4-0,3-2-2,2010
Everton,Liverpool,2–0,1-3-3,1-3-3,2010
Blackpool,Manchester City,2–3,3-1-3,4-2-1,2010
Blackburn,Sunderland,0–0,2-2-3,1-5-1,2010
Sunderland,Aston Villa,1–0,1-6-1,3-2-3,2010
Tottenham,Everton,1–1,4-2-2,2-3-3,2010
Birmingham City,Blackpool,2–0,1-4-3,3-1-4,2010
Wigan Athletic,Bolton,1–1,2-3-3,2-5-1,2010
West Brom,Fulham,2–1,3-3-2,1-6-1,2010
West Ham,Newcastle Utd,1–2,1-3-4,2-2-4,2010
Chelsea,Wolves,2–0,6-1-1,1-3-4,2010
Manchester City,Arsenal,0–3,5-2-1,4-2-2,2010
Liverpool,Blackburn,2–1,1-3-4,2-3-3,2010
Stoke City,Manchester Utd,1–2,3-1-4,3-5-0,2010
Blackburn,Chelsea,1–2,2-3-4,7-1-1,2010
Manchester Utd,Tottenham,2–0,4-5-0,4-3-2,2010
Arsenal,West Ham,1–0,5-2-2,1-3-5,2010
Wolves,Manchester City,2–1,1-3-5,5-2-2,2010
Fulham,Wigan Athletic,2–0,1-6-2,2-4-3,2010
Everton,Stoke City,1–0,2-4-3,3-1-5,2010
Aston Villa,Birmingham City,0–0,3-2-4,2-4-3,2010
Newcastle Utd,Sunderland,5–1,3-2-4,2-6-1,2010
Bolton,Liverpool,0–1,2-6-1,2-3-4,2010
Blackpool,West Brom,2–1,3-1-5,4-3-2,2010
Sunderland,Stoke City,2–0,2-6-2,3-1-6,2010
Birmingham City,West Ham,2–2,2-5-3,1-3-6,2010
Manchester Utd,Wolves,2–1,5-5-0,2-3-5,2010
Bolton,Tottenham,4–2,2-6-2,4-3-3,2010
Fulham,Aston Villa,1–1,2-6-2,3-3-4,2010
Blackburn,Wigan Athletic,2–1,2-3-5,2-4-4,2010
Blackpool,Everton,2–2,4-1-5,3-4-3,2010
Arsenal,Newcastle Utd,0–1,6-2-2,4-2-4,2010
West Brom,Manchester City,0–2,4-3-3,5-2-3,2010
Liverpool,Chelsea,2–0,3-3-4,8-1-1,2010
Stoke City,Birmingham City,3–2,3-1-7,2-6-3,2010
Tottenham,Sunderland,1–1,4-3-4,3-6-2,2010
Chelsea,Fulham,1–0,8-1-2,2-7-2,2010
Manchester City,Manchester Utd,0–0,6-2-3,6-5-0,2010
Wolves,Arsenal,0–2,2-3-6,6-2-3,2010
Aston Villa,Blackpool,3–2,3-4-4,4-2-5,2010
Wigan Athletic,Liverpool,1–1,2-4-5,4-3-4,2010
West Ham,West Brom,2–2,1-4-6,4-3-4,2010
Everton,Bolton,1–1,3-5-3,3-6-2,2010
Newcastle Utd,Blackburn,1–2,5-2-4,3-3-5,2010
Wigan Athletic,West Brom,1–0,2-5-5,4-4-4,2010
Manchester City,Birmingham City,0–0,6-3-3,2-6-4,2010
Newcastle Utd,Fulham,0–0,5-2-5,2-7-3,2010
Wolves,Bolton,2–3,2-3-7,3-7-2,2010
Aston Villa,Manchester Utd,2–2,4-4-4,6-6-0,2010
West Ham,Blackpool,0–0,1-5-6,4-2-6,2010
Stoke City,Liverpool,2–0,4-1-7,4-4-4,2010
Tottenham,Blackburn,4–2,4-4-4,4-3-5,2010
Everton,Arsenal,1–2,3-6-3,7-2-3,2010
Chelsea,Sunderland,0–3,9-1-2,3-7-2,2010
Blackpool,Wolves,2–1,4-3-6,2-3-8,2010
Manchester Utd,Wigan Athletic,2–0,6-7-0,3-5-5,2010
Arsenal,Tottenham,2–3,8-2-3,5-4-4,2010
Liverpool,West Ham,3–0,4-4-5,1-6-6,2010
Bolton,Newcastle Utd,5–1,4-7-2,5-3-5,2010
West Brom,Stoke City,0–3,4-4-5,5-1-7,2010
Birmingham City,Chelsea,1–0,2-7-4,9-1-3,2010
Fulham,Manchester City,1–4,2-8-3,6-4-3,2010
Blackburn,Aston Villa,2–0,4-3-6,4-5-4,2010
Sunderland,Everton,2–2,4-7-2,3-6-4,2010
Bolton,Blackpool,2–2,5-7-2,5-3-6,2010
Everton,West Brom,1–4,3-7-4,4-4-6,2010
Stoke City,Manchester City,1–1,6-1-7,7-4-3,2010
Aston Villa,Arsenal,2–4,4-5-5,8-2-4,2010
West Ham,Wigan Athletic,3–1,1-6-7,3-5-6,2010
Fulham,Birmingham City,1–1,2-8-4,3-7-4,2010
Manchester Utd,Blackburn,7–1,7-7-0,5-3-6,2010
Wolves,Sunderland,3–2,2-3-9,4-8-2,2010
Newcastle Utd,Chelsea,1–1,5-3-6,9-1-4,2010
Tottenham,Liverpool,2–1,6-4-4,5-4-5,2010
Arsenal,Fulham,2–1,9-2-4,2-9-4,2010
Chelsea,Everton,1–1,9-2-4,3-7-5,2010
Wigan Athletic,Stoke City,2–2,3-5-7,6-2-7,2010
Birmingham City,Tottenham,1–1,3-8-4,7-4-4,2010
Manchester City,Bolton,1–0,7-5-3,5-8-2,2010
Blackburn,Wolves,3–0,5-3-7,3-3-9,2010
West Brom,Newcastle Utd,3–1,5-4-6,5-4-6,2010
Sunderland,West Ham,1–0,4-8-3,2-6-7,2010
Liverpool,Aston Villa,3–0,5-4-6,4-5-6,2010
Stoke City,Blackpool,0–1,6-3-7,5-4-6,2010
Aston Villa,West Brom,2–1,4-5-7,6-4-6,2010
West Ham,Manchester City,1–3,2-6-8,8-5-3,2010
Newcastle Utd,Liverpool,3–1,5-4-7,6-4-6,2010
Everton,Wigan Athletic,0–0,3-8-5,3-6-7,2010
Fulham,Sunderland,0–0,2-9-5,5-8-3,2010
Bolton,Blackburn,2–1,5-8-3,6-3-7,2010
Tottenham,Chelsea,1–1,7-5-4,9-3-4,2010
Wolves,Birmingham City,1–0,3-3-10,3-9-4,2010
Manchester Utd,Arsenal,1–0,8-7-0,10-2-4,2010
Blackburn,West Ham,1–1,6-3-8,2-6-9,2010
Sunderland,Bolton,1–0,5-9-3,6-8-3,2010
Manchester City,Everton,1–2,9-5-3,3-9-5,2010
Bolton,West Brom,2–0,6-8-4,6-4-7,2010
Wolves,Wigan Athletic,1–2,4-3-10,3-7-7,2010
Manchester Utd,Sunderland,2–0,9-7-0,6-9-3,2010
Blackburn,Stoke City,0–2,6-4-8,6-3-8,2010
Fulham,West Ham,1–3,2-10-5,2-7-9,2010
Newcastle Utd,Manchester City,1–3,6-4-7,9-5-4,2010
Aston Villa,Tottenham,1–2,5-5-7,7-6-4,2010
Arsenal,Chelsea,3–1,10-2-5,9-4-4,2010
Tottenham,Newcastle Utd,2–0,8-6-4,6-4-8,2010
Birmingham City,Manchester Utd,1–1,3-9-5,10-7-0,2010
Stoke City,Fulham,0–2,7-3-8,2-10-6,2010
West Brom,Blackburn,1–3,6-4-8,6-4-9,2010
Manchester City,Aston Villa,4–0,10-5-4,5-5-8,2010
Sunderland,Blackpool,0–2,6-9-4,6-4-6,2010
West Ham,Everton,1–1,3-7-9,4-9-5,2010
Chelsea,Bolton,1–0,9-4-5,7-8-4,2010
Liverpool,Wolves,0–1,6-4-7,4-3-11,2010
Wigan Athletic,Arsenal,2–2,4-7-7,11-2-5,2010
Sunderland,Blackburn,3–0,6-9-5,7-4-9,2010
Manchester City,Blackpool,1–0,11-5-4,7-4-6,2010
Tottenham,Fulham,1–0,9-6-4,3-10-6,2010
Birmingham City,Arsenal,0–3,3-10-5,11-3-5,2010
West Ham,Wolves,2–0,3-8-9,5-3-11,2010
Stoke City,Everton,2–0,7-3-9,4-10-5,2010
Liverpool,Bolton,2–1,6-4-8,7-8-5,2010
West Brom,Manchester Utd,1–2,6-4-9,10-8-0,2010
Wigan Athletic,Newcastle Utd,0–1,4-8-7,6-4-9,2010
Chelsea,Aston Villa,3–3,10-4-5,5-5-9,2010
Manchester Utd,Stoke City,2–1,11-8-0,8-3-9,2010
Blackpool,Birmingham City,1–2,7-4-7,3-10-6,2010
Fulham,West Brom,3–0,3-10-7,6-4-10,2010
Blackburn,Liverpool,3–1,7-4-10,7-4-8,2010
Aston Villa,Sunderland,0–1,5-6-9,7-9-5,2010
Arsenal,Manchester City,0–0,12-3-5,12-5-4,2010
Everton,Tottenham,2–1,4-10-6,10-6-4,2010
Wolves,Chelsea,1–0,5-3-12,10-5-5,2010
Bolton,Wigan Athletic,1–1,7-8-6,4-8-8,2010
Newcastle Utd,West Ham,5–0,7-4-9,4-8-9,2010
Blackpool,Liverpool,2–1,7-4-8,7-4-9,2010
West Brom,Blackpool,3–2,6-4-11,8-4-8,2010
Manchester City,Wolves,4–3,12-6-4,6-3-12,2010
Chelsea,Blackburn,2–0,10-5-6,8-4-10,2010
Stoke City,Bolton,2–0,8-3-10,7-9-6,2010
Wigan Athletic,Fulham,1–1,4-9-8,4-10-7,2010
West Ham,Arsenal,0–3,4-8-10,12-4-5,2010
Sunderland,Newcastle Utd,1–1,8-9-5,8-4-9,2010
Birmingham City,Aston Villa,1–1,4-10-6,5-6-10,2010
Liverpool,Everton,2–2,7-4-10,5-10-6,2010
Tottenham,Manchester Utd,0–0,10-6-5,12-8-0,2010
Newcastle Utd,Tottenham,1–1,8-5-9,10-7-5,2010
Wolves,Liverpool,0–3,6-3-13,7-5-10,2010
Aston Villa,Manchester City,1–0,5-7-10,13-6-4,2010
Blackpool,Sunderland,1–2,8-4-9,8-10-5,2010
Arsenal,Wigan Athletic,3–0,13-4-5,4-10-8,2010
Fulham,Stoke City,2–0,4-11-7,9-3-10,2010
Manchester Utd,Birmingham City,5–0,12-9-0,4-11-6,2010
Everton,West Ham,2–2,5-11-6,4-8-11,2010
Blackburn,West Brom,2–0,8-4-11,7-4-11,2010
Bolton,Chelsea,0–4,7-9-7,11-5-6,2010
Blackpool,Manchester Utd,2–3,8-4-10,13-9-0,2010
Wigan Athletic,Aston Villa,1–2,4-10-9,6-7-10,2010
Liverpool,Fulham,1–0,8-5-10,5-11-7,2010
Sunderland,Chelsea,2–4,9-10-5,12-5-6,2010
West Brom,Wigan Athletic,2–2,7-4-12,4-10-10,2010
Arsenal,Everton,2–1,14-4-5,5-12-6,2010
Manchester Utd,Aston Villa,3–1,14-9-0,7-7-10,2010
Birmingham City,Manchester City,2–2,4-11-7,13-6-5,2010
Bolton,Wolves,1–0,7-9-8,6-3-14,2010
Fulham,Newcastle Utd,1–0,5-11-8,8-6-9,2010
Blackburn,Tottenham,0–1,9-4-11,10-8-5,2010
Liverpool,Stoke City,2–0,9-5-10,9-3-11,2010
Blackpool,West Ham,1–3,8-4-11,4-9-11,2010
Newcastle Utd,Arsenal,4–4,8-6-10,15-4-5,2010
Wigan Athletic,Blackburn,4–3,4-11-10,9-4-12,2010
Wolves,Manchester Utd,2–1,6-3-15,15-9-0,2010
Stoke City,Sunderland,3–2,9-3-12,9-10-6,2010
Tottenham,Bolton,2–1,11-8-5,8-9-8,2010
Aston Villa,Fulham,2–2,7-7-11,6-11-8,2010
Manchester City,West Brom,3–0,13-7-5,7-5-12,2010
Everton,Blackpool,5–3,5-12-7,8-4-12,2010
Chelsea,Liverpool,0–1,13-5-6,10-5-10,2010
West Ham,Birmingham City,0–1,5-9-11,4-12-7,2010
Blackburn,Newcastle Utd,0–0,9-4-13,8-7-10,2010
Arsenal,Wolves,2–0,15-5-5,7-3-15,2010
Blackpool,Aston Villa,1–1,8-4-13,7-8-11,2010
Liverpool,Wigan Athletic,1–1,11-5-10,5-11-10,2010
Sunderland,Tottenham,1–2,9-10-7,12-8-5,2010
Birmingham City,Stoke City,1–0,5-12-7,10-3-12,2010
Manchester Utd,Manchester City,2–1,15-9-1,14-7-5,2010
West Brom,West Ham,3–3,7-5-13,5-9-12,2010
Bolton,Everton,2–0,8-9-9,6-12-7,2010
Fulham,Chelsea,0–0,6-12-8,13-5-7,2010
Birmingham City,Newcastle Utd,0–2,6-12-7,8-8-10,2010
West Brom,Wolves,1–1,7-6-13,7-3-16,2010
Blackpool,Tottenham,3–1,8-5-13,13-8-5,2010
Arsenal,Stoke City,1–0,16-5-5,10-3-13,2010
Wolves,Blackpool,4–0,7-4-16,9-5-13,2010
Wigan Athletic,Manchester Utd,0–4,5-12-10,16-9-1,2010
Everton,Sunderland,2–0,6-12-8,9-10-8,2010
Newcastle Utd,Bolton,1–1,9-8-10,9-9-9,2010
Aston Villa,Blackburn,4–1,7-9-11,9-5-13,2010
West Ham,Liverpool,3–1,5-10-12,11-6-10,2010
Manchester City,Fulham,1–1,14-7-6,6-13-8,2010
Stoke City,West Brom,1–1,10-3-14,7-7-13,2010
Chelsea,Manchester Utd,2–1,13-6-7,17-9-1,2010
Bolton,Aston Villa,3–2,9-10-9,8-9-11,2010
Arsenal,Sunderland,0–0,17-5-5,9-10-9,2010
Birmingham City,West Brom,1–3,6-12-8,7-8-13,2010
Fulham,Blackburn,3–2,6-14-8,9-5-14,2010
Manchester City,Wigan Athletic,1–0,14-8-6,5-12-11,2010
Newcastle Utd,Everton,1–2,9-9-10,7-12-8,2010
West Ham,Stoke City,3–0,6-10-12,10-4-14,2010
Liverpool,Manchester Utd,3–1,11-6-11,17-9-2,2010
Wolves,Tottenham,3–3,8-4-16,13-8-6,2010
Blackpool,Chelsea,1–3,9-5-14,14-6-7,2010
Everton,Birmingham City,1–1,8-12-8,6-12-9,2010
Blackburn,Blackpool,2–2,9-5-15,9-5-15,2010
Manchester Utd,Bolton,1–0,17-9-3,10-10-9,2010
Everton,Fulham,2–1,8-13-8,7-14-8,2010
West Brom,Arsenal,2–2,8-8-13,17-6-5,2010
Wigan Athletic,Birmingham City,2–1,5-12-12,6-13-9,2010
Aston Villa,Wolves,0–1,8-9-12,8-5-16,2010
Tottenham,West Ham,0–0,13-9-6,7-10-12,2010
Stoke City,Newcastle Utd,4–0,10-4-15,9-9-11,2010
Sunderland,Liverpool,0–2,9-11-9,12-6-11,2010
Chelsea,Manchester City,2–0,15-6-7,15-8-6,2010
Newcastle Utd,Wolves,4–1,9-9-12,9-5-16,2010
West Ham,Manchester Utd,2–4,7-11-12,18-9-3,2010
West Brom,Liverpool,2–1,8-9-13,13-6-11,2010
Stoke City,Chelsea,1–1,11-4-15,16-6-7,2010
Birmingham City,Bolton,2–1,6-13-10,10-10-10,2010
Arsenal,Blackburn,0–0,17-7-5,9-6-15,2010
Wigan Athletic,Tottenham,0–0,6-12-12,13-10-6,2010
Everton,Aston Villa,2–2,9-13-8,8-9-13,2010
Fulham,Blackpool,3–0,7-14-9,9-6-15,2010
Manchester City,Sunderland,5–0,15-8-7,9-11-10,2010
Manchester Utd,Fulham,2–0,19-9-3,8-14-9,2010
Wolves,Everton,0–3,9-5-17,9-14-8,2010
Sunderland,West Brom,2–3,9-11-11,9-9-13,2010
Bolton,West Ham,3–0,10-10-11,7-11-13,2010
Tottenham,Stoke City,3–2,13-11-6,11-5-15,2010
Chelsea,Wigan Athletic,1–0,16-7-7,6-13-12,2010
Blackburn,Birmingham City,1–1,9-7-15,7-13-10,2010
Aston Villa,Newcastle Utd,1–0,8-10-13,10-9-12,2010
Blackpool,Arsenal,1–3,9-6-16,17-8-5,2010
Liverpool,Manchester City,3–0,13-6-12,16-8-7,2010
Everton,Blackburn,2–0,10-14-8,9-8-15,2010
Birmingham City,Sunderland,2–0,7-14-10,9-11-12,2010
West Brom,Chelsea,1–3,10-9-13,17-7-7,2010
West Ham,Aston Villa,1–2,7-11-14,9-10-13,2010
Blackpool,Wigan Athletic,1–3,9-6-17,6-13-13,2010
Arsenal,Liverpool,1–1,18-8-5,14-6-12,2010
Newcastle Utd,Manchester Utd,0–0,10-9-13,20-9-3,2010
Chelsea,Birmingham City,3–1,18-7-7,8-14-10,2010
Tottenham,Arsenal,3–3,14-11-6,18-9-5,2010
Chelsea,West Ham,3–0,19-7-7,7-11-15,2010
Blackpool,Newcastle Utd,1–1,9-6-18,10-10-13,2010
Sunderland,Wigan Athletic,4–2,9-11-13,7-13-13,2010
Liverpool,Birmingham City,5–0,14-7-12,8-14-11,2010
Tottenham,West Brom,2–2,14-12-6,10-9-14,2010
Manchester Utd,Everton,1–0,20-10-3,11-14-8,2010
Wolves,Fulham,1–1,9-5-18,8-14-10,2010
Aston Villa,Stoke City,1–1,10-10-13,11-5-16,2010
Bolton,Arsenal,2–1,11-10-11,18-10-5,2010
Blackburn,Manchester City,0–1,9-8-16,16-8-8,2010
Stoke City,Wolves,3–0,11-6-16,9-6-18,2010
Fulham,Bolton,3–0,8-15-10,12-10-11,2010
Blackburn,Bolton,1–0,9-8-17,12-10-12,2010
Sunderland,Fulham,0–3,10-11-13,9-15-10,2010
Chelsea,Tottenham,2–1,20-7-7,14-13-6,2010
Blackpool,Stoke City,0–0,9-7-18,12-6-16,2010
West Brom,Aston Villa,2–1,10-10-14,10-11-13,2010
Wigan Athletic,Everton,1–1,7-13-14,11-14-9,2010
Arsenal,Manchester Utd,1–0,18-10-6,21-10-3,2010
Birmingham City,Wolves,1–1,8-14-12,9-6-19,2010
Liverpool,Newcastle Utd,3–0,15-7-12,10-11-13,2010
Manchester City,West Ham,2–1,17-8-8,7-11-16,2010
West Ham,Blackburn,1–1,7-11-17,10-8-17,2010
Newcastle Utd,Birmingham City,2–1,10-11-14,8-15-12,2010
Everton,Manchester City,2–1,11-15-9,18-8-8,2010
Bolton,Sunderland,1–2,12-10-13,10-11-14,2010
Aston Villa,Wigan Athletic,1–1,10-11-14,7-14-14,2010
Tottenham,Blackpool,1–1,14-13-7,9-8-18,2010
Stoke City,Arsenal,3–1,12-7-16,19-10-6,2010
Wolves,West Brom,3–1,9-7-19,11-10-14,2010
Manchester Utd,Chelsea,2–1,21-10-4,21-7-7,2010
Fulham,Liverpool,2–5,10-15-10,16-7-12,2010
Manchester City,Tottenham,1–0,18-8-9,14-14-7,2010
West Brom,Everton,1–0,11-10-15,12-15-9,2010
Sunderland,Wolves,1–3,11-11-14,10-7-19,2010
Blackburn,Manchester Utd,1–1,10-9-17,22-10-4,2010
Blackpool,Bolton,4–3,9-9-18,12-10-14,2010
Birmingham City,Fulham,0–2,8-15-13,10-15-11,2010
Liverpool,Tottenham,0–2,17-7-12,14-14-8,2010
Wigan Athletic,West Ham,3–2,7-15-14,7-12-17,2010
Arsenal,Aston Villa,1–2,19-10-7,10-12-14,2010
Chelsea,Newcastle Utd,2–2,21-7-8,11-11-14,2010
Manchester City,Stoke City,3–0,19-8-9,13-7-16,2010
Aston Villa,Liverpool,1–0,11-12-14,17-7-13,2010
Newcastle Utd,West Brom,3–3,11-12-14,12-10-15,2010
Everton,Chelsea,1–0,12-15-10,21-8-8,2010
Bolton,Manchester City,0–2,12-10-15,20-8-9,2010
Stoke City,Wigan Athletic,0–1,13-7-17,8-15-14,2010
Manchester Utd,Blackpool,4–2,22-11-4,10-9-18,2010
Wolves,Blackburn,2–3,11-7-19,10-10-17,2010
West Ham,Sunderland,0–3,7-12-18,11-11-15,2010
Fulham,Arsenal,2–2,11-15-11,19-10-8,2010
Tottenham,Birmingham City,2–1,15-14-8,8-15-14,2010
Chelsea,Hull City,2–1,0-0-0,0-0-0,2009
Stoke City,Burnley,2–0,0-0-0,0-0-0,2009
Everton,Arsenal,1–6,0-0-0,0-0-0,2009
Portsmouth,Fulham,0–1,0-0-0,0-0-0,2009
Blackburn,Manchester City,0–2,0-0-0,0-0-0,2009
Bolton,Sunderland,0–1,0-0-0,0-0-0,2009
Aston Villa,Wigan Athletic,0–2,0-0-0,0-0-0,2009
Wolves,West Ham,0–2,0-0-0,0-0-0,2009
Tottenham,Liverpool,2–1,0-0-0,0-0-0,2009
Manchester Utd,Birmingham City,1–0,0-0-0,0-0-0,2009
Wigan Athletic,Wolves,0–1,1-0-0,0-0-1,2009
Sunderland,Chelsea,1–3,1-0-0,1-0-0,2009
Burnley,Manchester Utd,1–0,0-0-1,1-0-0,2009
Hull City,Tottenham,1–5,0-0-1,1-0-0,2009
Liverpool,Stoke City,4–0,0-0-1,1-0-0,2009
Birmingham City,Portsmouth,1–0,0-0-1,0-0-1,2009
Arsenal,Portsmouth,4–1,1-0-0,0-0-2,2009
Sunderland,Blackburn,2–1,1-0-1,0-0-1,2009
Manchester City,Wolves,1–0,1-0-0,1-0-1,2009
Wigan Athletic,Manchester Utd,0–5,1-0-1,1-0-1,2009
Hull City,Bolton,1–0,0-0-2,0-0-1,2009
Birmingham City,Stoke City,0–0,1-0-1,1-0-1,2009
Fulham,Chelsea,0–2,1-0-0,2-0-0,2009
West Ham,Tottenham,1–2,1-0-0,2-0-0,2009
Burnley,Everton,1–0,1-0-1,0-0-1,2009
Liverpool,Aston Villa,1–3,1-0-1,0-0-1,2009
Manchester Utd,Arsenal,2–1,2-0-1,2-0-0,2009
Blackburn,West Ham,0–0,0-0-2,1-0-1,2009
Bolton,Liverpool,2–3,0-0-2,1-0-2,2009
Wolves,Hull City,1–1,1-0-2,1-0-2,2009
Stoke City,Sunderland,1–0,1-1-1,2-0-1,2009
Chelsea,Burnley,3–0,3-0-0,2-0-1,2009
Tottenham,Birmingham City,2–1,3-0-0,1-1-1,2009
Aston Villa,Fulham,2–0,1-0-1,1-0-1,2009
Portsmouth,Manchester City,0–1,0-0-3,2-0-0,2009
Everton,Wigan Athletic,2–1,0-0-2,1-0-2,2009
Liverpool,Burnley,4–0,2-0-2,2-0-2,2009
Manchester City,Arsenal,4–2,3-0-0,2-0-1,2009
Sunderland,Hull City,4–1,2-0-2,1-1-2,2009
Tottenham,Manchester Utd,1–3,4-0-0,3-0-1,2009
Portsmouth,Bolton,2–3,0-0-4,0-0-3,2009
Wigan Athletic,West Ham,1–0,1-0-3,1-1-1,2009
Blackburn,Wolves,3–1,0-1-2,1-1-2,2009
Stoke City,Chelsea,1–2,2-1-1,4-0-0,2009
Fulham,Everton,2–1,1-0-2,1-0-2,2009
Birmingham City,Aston Villa,0–1,1-1-2,2-0-1,2009
Aston Villa,Portsmouth,2–0,3-0-1,0-0-5,2009
Bolton,Stoke City,1–1,1-0-3,2-1-2,2009
Hull City,Birmingham City,0–1,1-1-3,1-1-3,2009
Burnley,Sunderland,3–1,2-0-3,3-0-2,2009
West Ham,Liverpool,2–3,1-1-2,3-0-2,2009
Arsenal,Wigan Athletic,4–0,2-0-2,2-0-3,2009
Manchester Utd,Manchester City,4–3,4-0-1,4-0-0,2009
Wolves,Fulham,2–1,1-1-3,2-0-2,2009
Chelsea,Tottenham,3–0,5-0-0,4-0-1,2009
Everton,Blackburn,3–0,1-0-3,1-1-2,2009
Liverpool,Hull City,6–1,4-0-2,1-1-4,2009
Birmingham City,Bolton,1–2,2-1-3,1-1-3,2009
Portsmouth,Everton,0–1,0-0-6,2-0-3,2009
Stoke City,Manchester Utd,0–2,2-2-2,5-0-1,2009
Blackburn,Aston Villa,2–1,1-1-3,4-0-1,2009
Wigan Athletic,Chelsea,3–1,2-0-4,6-0-0,2009
Tottenham,Burnley,5–0,4-0-2,3-0-3,2009
Fulham,Arsenal,0–1,2-0-3,3-0-2,2009
Sunderland,Wolves,5–2,3-0-3,2-1-3,2009
Manchester City,West Ham,3–1,4-0-1,1-1-3,2009
Burnley,Birmingham City,2–1,3-0-4,2-1-4,2009
Bolton,Tottenham,2–2,2-1-3,5-0-2,2009
Hull City,Wigan Athletic,2–1,1-1-5,3-0-4,2009
Manchester Utd,Sunderland,2–2,6-0-1,4-0-3,2009
Wolves,Portsmouth,0–1,2-1-4,0-0-7,2009
Everton,Stoke City,1–1,3-0-3,2-2-3,2009
Arsenal,Blackburn,6–2,4-0-2,2-1-3,2009
West Ham,Fulham,2–2,1-1-4,2-0-4,2009
Chelsea,Liverpool,2–0,6-0-1,5-0-2,2009
Aston Villa,Manchester City,1–1,4-0-2,5-0-1,2009
Portsmouth,Tottenham,1–2,1-0-7,5-1-2,2009
Aston Villa,Chelsea,2–1,4-1-2,7-0-1,2009
Everton,Wolves,1–1,3-1-3,2-1-5,2009
Sunderland,Liverpool,1–0,4-1-3,5-0-3,2009
Arsenal,Birmingham City,3–1,5-0-2,2-1-5,2009
Stoke City,West Ham,2–1,2-3-3,1-2-4,2009
Manchester Utd,Bolton,2–1,6-1-1,2-2-3,2009
Wigan Athletic,Manchester City,1–1,3-0-5,5-1-1,2009
Blackburn,Burnley,3–2,2-1-4,4-0-4,2009
Fulham,Hull City,2–0,2-1-4,2-1-5,2009
Hull City,Portsmouth,0–0,2-1-6,1-0-8,2009
Chelsea,Blackburn,5–0,7-0-2,3-1-4,2009
Tottenham,Stoke City,0–1,6-1-2,3-3-3,2009
Wolves,Aston Villa,1–1,2-2-5,5-1-2,2009
Burnley,Wigan Athletic,1–3,4-0-5,3-1-5,2009
Birmingham City,Sunderland,2–1,2-1-6,5-1-3,2009
Liverpool,Manchester Utd,2–0,5-0-4,7-1-1,2009
Manchester City,Fulham,2–2,5-2-1,3-1-4,2009
Bolton,Everton,3–2,2-2-4,3-2-3,2009
West Ham,Arsenal,2–2,1-2-5,6-0-2,2009
Everton,Aston Villa,1–1,3-2-4,5-2-2,2009
Sunderland,West Ham,2–2,5-1-4,1-3-5,2009
Bolton,Chelsea,0–4,3-2-4,8-0-2,2009
Arsenal,Tottenham,3–0,6-1-2,6-1-3,2009
Fulham,Liverpool,3–1,3-2-4,6-0-4,2009
Manchester Utd,Blackburn,2–0,7-1-2,3-1-5,2009
Burnley,Hull City,2–0,4-0-6,2-2-6,2009
Portsmouth,Wigan Athletic,4–0,1-1-8,4-1-5,2009
Stoke City,Wolves,2–2,4-3-3,2-3-5,2009
Birmingham City,Manchester City,0–0,3-1-6,5-3-1,2009
West Ham,Aston Villa,2–1,1-4-5,5-3-2,2009
Tottenham,Sunderland,2–0,6-1-4,5-2-4,2009
Aston Villa,Bolton,5–1,5-3-3,3-2-5,2009
Manchester City,Burnley,3–3,5-4-1,5-0-6,2009
Wolves,Arsenal,1–4,2-4-5,7-1-2,2009
Blackburn,Portsmouth,3–1,3-1-6,2-1-8,2009
Hull City,Stoke City,2–1,2-2-7,4-4-3,2009
Wigan Athletic,Fulham,1–1,4-1-6,4-2-4,2009
West Ham,Everton,1–2,2-4-5,3-3-4,2009
Chelsea,Manchester Utd,1–0,9-0-2,8-1-2,2009
Liverpool,Birmingham City,2–2,6-0-5,3-2-6,2009
Sunderland,Arsenal,1–0,5-2-5,8-1-2,2009
Manchester Utd,Everton,3–0,8-1-3,4-3-4,2009
Birmingham City,Fulham,1–0,3-3-6,4-3-4,2009
Chelsea,Wolves,4–0,10-0-2,2-4-6,2009
Hull City,West Ham,3–3,3-2-7,2-4-6,2009
Liverpool,Manchester City,2–2,6-1-5,5-5-1,2009
Burnley,Aston Villa,1–1,5-1-6,6-3-3,2009
Stoke City,Portsmouth,1–0,4-4-4,2-1-9,2009
Tottenham,Wigan Athletic,9–1,7-1-4,4-2-6,2009
Bolton,Blackburn,0–2,3-2-6,4-1-6,2009
Fulham,Blackburn,3–0,4-3-5,5-1-6,2009
Hull City,Everton,3–2,3-3-7,4-3-5,2009
Aston Villa,Tottenham,1–1,6-4-3,8-1-4,2009
Portsmouth,Manchester Utd,1–4,2-1-10,9-1-3,2009
Fulham,Bolton,1–1,5-3-5,3-2-7,2009
Blackburn,Stoke City,0–0,5-1-7,5-4-4,2009
West Ham,Burnley,5–3,2-5-6,5-2-6,2009
Manchester City,Hull City,1–1,5-6-1,4-3-7,2009
Wigan Athletic,Sunderland,1–0,4-2-7,6-2-5,2009
Everton,Liverpool,0–2,4-3-6,6-2-5,2009
Wolves,Birmingham City,0–1,2-4-7,4-3-6,2009
Arsenal,Chelsea,0–3,8-1-3,11-0-2,2009
Aston Villa,Hull City,3–0,6-5-3,4-4-7,2009
Arsenal,Stoke City,2–0,8-1-4,5-5-4,2009
Wigan Athletic,Birmingham City,2–3,5-2-7,5-3-6,2009
Wolves,Bolton,2–1,2-4-8,3-3-7,2009
West Ham,Manchester Utd,0–4,3-5-6,10-1-3,2009
Manchester City,Chelsea,2–1,5-7-1,12-0-2,2009
Portsmouth,Burnley,2–0,2-1-11,5-2-7,2009
Blackburn,Liverpool,0–0,5-2-7,7-2-5,2009
Fulham,Sunderland,1–0,5-4-5,6-2-6,2009
Everton,Tottenham,2–2,4-3-7,8-2-4,2009
Birmingham City,West Ham,1–0,6-3-6,3-5-7,2009
Chelsea,Everton,3–3,12-0-3,4-4-7,2009
Bolton,Manchester City,3–3,3-3-8,6-7-1,2009
Stoke City,Wigan Athletic,2–2,5-5-5,5-2-8,2009
Burnley,Fulham,1–1,5-2-8,6-4-5,2009
Sunderland,Portsmouth,1–1,6-2-7,3-1-11,2009
Tottenham,Wolves,0–1,8-3-4,3-4-8,2009
Hull City,Blackburn,0–0,4-4-8,5-3-7,2009
Manchester Utd,Aston Villa,0–1,11-1-3,7-5-3,2009
Liverpool,Arsenal,1–2,7-3-5,9-1-4,2009
Manchester Utd,Wolves,3–0,11-1-4,4-4-8,2009
Birmingham City,Blackburn,2–1,7-3-6,5-4-7,2009
Sunderland,Aston Villa,0–2,6-3-7,8-5-3,2009
Bolton,West Ham,3–1,3-4-8,3-5-8,2009
Tottenham,Manchester City,3–0,8-3-5,6-8-1,2009
Chelsea,Portsmouth,2–1,12-1-3,3-2-11,2009
Liverpool,Wigan Athletic,2–1,7-3-6,5-3-8,2009
Burnley,Arsenal,1–1,5-3-8,10-1-4,2009
Arsenal,Hull City,3–0,10-2-4,4-5-8,2009
Fulham,Manchester Utd,3–0,6-5-5,12-1-4,2009
Blackburn,Tottenham,0–2,5-4-8,9-3-5,2009
Aston Villa,Stoke City,1–0,9-5-3,5-6-5,2009
Manchester City,Sunderland,4–3,6-8-2,6-3-8,2009
Portsmouth,Liverpool,2–0,3-2-12,8-3-6,2009
Wolves,Burnley,2–0,4-4-9,5-4-8,2009
West Ham,Chelsea,1–1,3-5-9,13-1-3,2009
Everton,Birmingham City,1–1,4-5-7,8-3-6,2009
West Ham,Portsmouth,2–0,3-6-9,4-2-12,2009
Birmingham City,Chelsea,0–0,8-4-6,13-2-3,2009
Fulham,Tottenham,0–0,7-5-5,10-3-5,2009
Sunderland,Everton,1–1,6-3-9,4-6-7,2009
Burnley,Bolton,1–1,5-4-9,4-4-8,2009
Manchester City,Stoke City,2–0,7-8-2,5-6-6,2009
Liverpool,Wolves,2–0,8-3-7,5-4-9,2009
Wigan Athletic,Blackburn,1–1,5-3-9,5-4-9,2009
Hull City,Manchester Utd,1–3,4-5-9,12-1-5,2009
Arsenal,Aston Villa,3–0,11-2-4,10-5-3,2009
Stoke City,Birmingham City,0–1,5-6-7,8-5-6,2009
Wolves,Manchester City,0–3,5-4-10,8-8-2,2009
Chelsea,Fulham,2–1,13-3-3,7-6-5,2009
Tottenham,West Ham,2–0,10-4-5,4-6-9,2009
Everton,Burnley,2–0,4-7-7,5-5-9,2009
Blackburn,Sunderland,2–2,5-5-9,6-4-9,2009
Aston Villa,Liverpool,0–1,10-5-4,9-3-7,2009
Bolton,Hull City,2–2,4-5-8,4-5-10,2009
Manchester Utd,Wigan Athletic,5–0,13-1-5,5-4-9,2009
Portsmouth,Arsenal,1–4,4-2-13,12-2-4,2009
Stoke City,Fulham,3–2,5-6-8,7-6-6,2009
Birmingham City,Manchester Utd,1–1,9-5-6,14-1-5,2009
Arsenal,Everton,2–2,13-2-4,5-7-7,2009
Manchester City,Blackburn,4–1,9-8-2,5-6-9,2009
Everton,Manchester City,2–0,5-8-7,10-8-2,2009
Wolves,Wigan Athletic,0–2,5-4-11,5-4-10,2009
Manchester Utd,Burnley,3–0,14-2-5,5-5-10,2009
Chelsea,Sunderland,7–2,14-3-3,6-5-9,2009
Tottenham,Hull City,0–0,11-4-5,4-6-10,2009
Stoke City,Liverpool,1–1,6-6-8,10-3-7,2009
Bolton,Arsenal,0–2,4-6-8,13-3-4,2009
Aston Villa,West Ham,0–0,10-5-5,4-6-10,2009
Blackburn,Fulham,2–0,5-6-10,7-6-7,2009
Arsenal,Bolton,4–2,14-3-4,4-6-9,2009
Liverpool,Tottenham,2–0,10-4-7,11-5-5,2009
Manchester Utd,Hull City,4–0,15-2-5,4-7-10,2009
Portsmouth,West Ham,1–1,4-2-14,4-7-10,2009
Bolton,Burnley,1–0,4-6-10,5-5-11,2009
Tottenham,Fulham,2–0,11-5-6,7-6-8,2009
Wolves,Liverpool,0–0,5-4-12,11-4-7,2009
Chelsea,Birmingham City,3–0,15-3-3,9-6-6,2009
Blackburn,Wigan Athletic,2–1,6-6-10,6-4-10,2009
Aston Villa,Arsenal,0–0,10-6-5,15-3-4,2009
Everton,Sunderland,2–0,6-8-7,6-5-10,2009
Birmingham City,Tottenham,1–1,9-6-7,12-5-6,2009
West Ham,Blackburn,0–0,4-8-10,7-6-10,2009
Hull City,Wolves,2–2,4-7-11,5-5-12,2009
Fulham,Aston Villa,0–2,7-6-9,10-7-5,2009
Burnley,Chelsea,1–2,5-5-12,16-3-3,2009
Liverpool,Bolton,2–0,11-5-7,5-6-10,2009
Wigan Athletic,Everton,0–1,6-4-11,7-8-7,2009
Manchester City,Portsmouth,2–0,10-8-3,4-3-14,2009
Arsenal,Manchester Utd,1–3,15-4-4,16-2-5,2009
Sunderland,Stoke City,0–0,6-5-11,6-7-8,2009
Hull City,Chelsea,1–1,4-8-11,17-3-3,2009
Fulham,Portsmouth,1–0,7-6-10,4-3-15,2009
Stoke City,Blackburn,3–0,6-8-8,7-7-10,2009
Burnley,West Ham,2–1,5-5-13,4-9-10,2009
Sunderland,Wigan Athletic,1–1,6-6-11,6-4-12,2009
Tottenham,Aston Villa,0–0,12-6-6,11-7-5,2009
Bolton,Fulham,0–0,5-6-11,8-6-10,2009
Manchester Utd,Portsmouth,5–0,17-2-5,4-3-16,2009
Hull City,Manchester City,2–1,4-9-11,11-8-3,2009
Liverpool,Everton,1–0,12-5-7,8-8-7,2009
Chelsea,Arsenal,2–0,17-4-3,15-4-5,2009
Birmingham City,Wolves,2–1,9-7-7,5-6-12,2009
Fulham,Burnley,3–0,8-7-10,6-5-13,2009
Wigan Athletic,Stoke City,1–1,6-5-12,7-8-8,2009
Manchester City,Bolton,2–0,11-8-4,5-7-11,2009
Portsmouth,Sunderland,1–1,4-3-17,6-7-11,2009
Aston Villa,Manchester Utd,1–1,11-8-5,18-2-5,2009
West Ham,Birmingham City,2–0,4-9-11,10-7-7,2009
Arsenal,Liverpool,1–0,15-4-6,13-5-7,2009
Everton,Chelsea,2–1,8-8-8,18-4-3,2009
Blackburn,Hull City,1–0,7-7-11,5-9-11,2009
Wolves,Tottenham,1–0,5-6-13,12-7-6,2009
Stoke City,Manchester City,1–1,7-9-8,12-8-4,2009
Wigan Athletic,Bolton,0–0,6-6-12,5-7-12,2009
Arsenal,Sunderland,2–0,16-4-6,6-8-11,2009
Wolves,Chelsea,0–2,6-6-13,18-4-4,2009
Everton,Manchester Utd,3–1,9-8-8,18-3-5,2009
Portsmouth,Stoke City,1–2,4-4-17,7-10-8,2009
West Ham,Hull City,3–0,5-9-11,5-9-12,2009
Manchester City,Liverpool,0–0,12-9-4,13-5-8,2009
Aston Villa,Burnley,5–2,11-9-5,6-5-14,2009
Wigan Athletic,Tottenham,0–3,6-7-12,12-7-7,2009
Fulham,Birmingham City,2–1,9-7-10,10-7-8,2009
Blackburn,Bolton,3–0,8-7-11,5-8-12,2009
Manchester Utd,West Ham,3–0,18-3-6,6-9-11,2009
Stoke City,Arsenal,1–3,8-10-8,17-4-6,2009
Burnley,Portsmouth,1–2,6-5-15,4-4-18,2009
Chelsea,Manchester City,2–4,19-4-4,12-10-4,2009
Bolton,Wolves,1–0,5-8-13,6-6-14,2009
Birmingham City,Wigan Athletic,1–0,10-7-9,6-7-13,2009
Tottenham,Everton,2–1,13-7-7,10-8-8,2009
Liverpool,Blackburn,2–1,13-6-8,9-7-11,2009
Sunderland,Fulham,0–0,6-8-12,10-7-10,2009
West Ham,Bolton,1–2,6-9-12,6-8-13,2009
Arsenal,Burnley,3–1,18-4-6,6-5-16,2009
Wolves,Manchester Utd,0–1,6-6-15,19-3-6,2009
Everton,Hull City,5–1,10-8-9,5-9-13,2009
Wigan Athletic,Liverpool,1–0,6-7-14,14-6-8,2009
Sunderland,Bolton,4–0,6-9-12,7-8-13,2009
Portsmouth,Birmingham City,1–2,5-4-18,11-7-9,2009
Burnley,Stoke City,1–1,6-5-17,8-10-9,2009
Hull City,Arsenal,1–2,5-9-14,19-4-6,2009
Bolton,Wigan Athletic,4–0,7-8-14,7-7-14,2009
Birmingham City,Everton,2–2,12-7-9,11-8-9,2009
Burnley,Wolves,1–2,6-6-17,6-6-16,2009
Stoke City,Aston Villa,0–0,8-11-9,12-9-5,2009
Tottenham,Blackburn,3–1,14-7-7,9-7-12,2009
Chelsea,West Ham,4–1,19-4-5,6-9-13,2009
Manchester Utd,Fulham,3–0,20-3-6,10-8-10,2009
Sunderland,Manchester City,1–1,7-9-12,13-10-4,2009
Liverpool,Portsmouth,4–1,14-6-9,5-4-19,2009
Wigan Athletic,Aston Villa,1–2,7-7-15,12-10-5,2009
Everton,Bolton,2–0,11-9-9,8-8-14,2009
Portsmouth,Hull City,3–2,5-4-20,5-9-15,2009
Wigan Athletic,Burnley,1–0,7-7-16,6-6-18,2009
Arsenal,West Ham,2–0,20-4-6,6-9-14,2009
Stoke City,Tottenham,1–2,8-12-9,15-7-7,2009
Aston Villa,Wolves,2–2,13-10-5,7-6-16,2009
Sunderland,Birmingham City,3–1,7-10-12,12-8-9,2009
Blackburn,Chelsea,1–1,9-7-13,20-4-5,2009
Fulham,Manchester City,1–2,10-8-11,13-11-4,2009
Manchester Utd,Liverpool,2–1,21-3-6,15-6-9,2009
West Ham,Wolves,1–3,6-9-15,7-7-16,2009
Manchester City,Everton,0–2,14-11-4,12-9-9,2009
Aston Villa,Sunderland,1–1,13-11-5,8-10-12,2009
Portsmouth,Chelsea,0–5,6-4-20,20-5-5,2009
Blackburn,Birmingham City,2–1,9-8-13,12-8-10,2009
Wolves,Everton,0–0,8-7-16,13-9-9,2009
Chelsea,Aston Villa,7–1,21-5-5,13-12-5,2009
Hull City,Fulham,2–0,5-9-16,10-8-12,2009
Bolton,Manchester Utd,0–4,8-8-15,22-3-6,2009
Tottenham,Portsmouth,2–0,16-7-7,6-4-21,2009
West Ham,Stoke City,0–1,6-9-16,8-12-10,2009
Birmingham City,Arsenal,1–1,12-8-11,21-4-6,2009
Liverpool,Sunderland,3–0,15-6-10,8-11-12,2009
Burnley,Blackburn,0–1,6-6-19,10-8-13,2009
Manchester City,Wigan Athletic,3–0,14-11-5,8-7-16,2009
Sunderland,Tottenham,3–1,8-11-13,17-7-7,2009
Burnley,Manchester City,1–6,6-6-20,15-11-5,2009
Stoke City,Hull City,2–0,9-12-10,6-9-16,2009
Arsenal,Wolves,1–0,21-5-6,8-8-16,2009
Manchester Utd,Chelsea,1–2,23-3-6,22-5-5,2009
Bolton,Aston Villa,0–1,8-8-16,13-12-6,2009
Portsmouth,Blackburn,0–0,6-4-22,11-8-13,2009
Fulham,Wigan Athletic,2–1,10-8-13,8-7-17,2009
Birmingham City,Liverpool,1–1,12-9-11,16-6-10,2009
Everton,West Ham,2–2,13-10-9,6-9-17,2009
Hull City,Burnley,1–4,6-9-17,6-6-21,2009
West Ham,Sunderland,1–0,6-10-17,9-11-13,2009
Liverpool,Fulham,0–0,16-7-10,11-8-13,2009
Wolves,Stoke City,0–0,8-8-17,10-12-10,2009
Blackburn,Manchester Utd,0–0,11-9-13,23-3-7,2009
Manchester City,Birmingham City,5–1,16-11-5,12-10-11,2009
Chelsea,Bolton,1–0,23-5-5,8-8-17,2009
Wigan Athletic,Portsmouth,0–0,8-7-18,6-5-22,2009
Tottenham,Arsenal,2–1,17-7-8,22-5-6,2009
Aston Villa,Everton,2–2,14-12-6,13-11-9,2009
Fulham,Wolves,0–0,11-9-13,8-9-17,2009
Stoke City,Bolton,1–2,10-13-10,8-8-18,2009
Sunderland,Burnley,2–1,9-11-14,7-6-21,2009
Manchester City,Manchester Utd,0–1,17-11-5,23-4-7,2009
Tottenham,Chelsea,2–1,18-7-8,24-5-5,2009
Birmingham City,Hull City,0–0,12-10-12,6-9-18,2009
Blackburn,Everton,2–3,11-10-13,13-12-9,2009
Portsmouth,Aston Villa,1–2,6-6-22,14-13-6,2009
Wigan Athletic,Arsenal,3–2,8-8-18,22-5-7,2009
Liverpool,West Ham,3–0,16-8-10,7-10-17,2009
Hull City,Aston Villa,0–2,6-10-18,15-13-6,2009
Bolton,Portsmouth,2–2,9-8-18,6-6-23,2009
West Ham,Wigan Athletic,3–2,7-10-18,9-8-18,2009
Wolves,Blackburn,1–1,8-10-17,11-10-14,2009
Hull City,Sunderland,0–1,6-10-19,10-11-14,2009
Manchester Utd,Tottenham,3–1,24-4-7,19-7-8,2009
Arsenal,Manchester City,0–0,22-5-8,17-11-6,2009
Aston Villa,Birmingham City,1–0,16-13-6,12-11-12,2009
Everton,Fulham,2–1,14-12-9,11-10-13,2009
Burnley,Liverpool,0–4,7-6-22,17-8-10,2009
Chelsea,Stoke City,7–0,24-5-6,10-13-11,2009
Birmingham City,Burnley,2–1,12-11-13,7-6-23,2009
Stoke City,Everton,0–0,10-13-12,15-12-9,2009
Manchester City,Aston Villa,3–1,17-12-6,17-13-6,2009
Portsmouth,Wolves,3–1,6-7-23,8-11-17,2009
Tottenham,Bolton,1–0,19-7-9,9-9-18,2009
Liverpool,Chelsea,0–2,18-8-10,25-5-6,2009
Fulham,West Ham,3–2,11-10-14,8-10-18,2009
Sunderland,Manchester Utd,0–1,11-11-14,25-4-7,2009
Blackburn,Arsenal,2–1,11-11-14,22-6-8,2009
Wigan Athletic,Hull City,2–2,9-8-19,6-10-20,2009
Fulham,Stoke City,0–1,12-10-14,10-14-12,2009
Manchester City,Tottenham,0–1,18-12-6,20-7-9,2009
Arsenal,Fulham,4–0,22-6-9,12-10-15,2009
Everton,Portsmouth,1–0,15-13-9,7-7-23,2009
Chelsea,Wigan Athletic,8–0,26-5-6,9-9-19,2009
Wolves,Sunderland,2–1,8-11-18,11-11-15,2009
Manchester Utd,Stoke City,4–0,26-4-7,11-14-12,2009
Hull City,Liverpool,0–0,6-11-20,18-8-11,2009
West Ham,Manchester City,1–1,8-10-19,18-12-7,2009
Aston Villa,Blackburn,0–1,17-13-7,12-11-14,2009
Burnley,Tottenham,4–2,7-6-24,21-7-9,2009
Bolton,Birmingham City,2–1,9-9-19,13-11-13,2009
Arsenal,West Brom,1–0,0-0-0,0-0-0,2008
West Ham,Wigan Athletic,2–1,0-0-0,0-0-0,2008
Hull City,Fulham,2–1,0-0-0,0-0-0,2008
Bolton,Stoke City,3–1,0-0-0,0-0-0,2008
Everton,Blackburn,2–3,0-0-0,0-0-0,2008
Sunderland,Liverpool,0–1,0-0-0,0-0-0,2008
Middlesbrough,Tottenham,2–1,0-0-0,0-0-0,2008
Chelsea,Portsmouth,4–0,0-0-0,0-0-0,2008
Manchester Utd,Newcastle Utd,1–1,0-0-0,0-0-0,2008
Aston Villa,Manchester City,4–2,0-0-0,0-0-0,2008
Fulham,Arsenal,1–0,0-0-1,1-0-0,2008
West Brom,Everton,1–2,0-0-1,0-0-1,2008
Stoke City,Aston Villa,3–2,0-0-1,1-0-0,2008
Tottenham,Sunderland,1–2,0-0-1,0-0-1,2008
Blackburn,Hull City,1–1,1-0-0,1-0-0,2008
Liverpool,Middlesbrough,2–1,1-0-0,1-0-0,2008
Newcastle Utd,Bolton,1–0,0-1-0,1-0-0,2008
Wigan Athletic,Chelsea,0–1,0-0-1,1-0-0,2008
Manchester City,West Ham,3–0,0-0-1,1-0-0,2008
Portsmouth,Manchester Utd,0–1,0-0-1,0-1-0,2008
Bolton,West Brom,0–0,1-0-1,0-0-2,2008
Arsenal,Newcastle Utd,3–0,1-0-1,1-1-0,2008
West Ham,Blackburn,4–1,1-0-1,1-1-0,2008
Hull City,Wigan Athletic,0–5,1-1-0,0-0-2,2008
Middlesbrough,Stoke City,2–1,1-0-1,1-0-1,2008
Everton,Portsmouth,0–3,1-0-1,0-0-2,2008
Aston Villa,Liverpool,0–0,1-0-1,2-0-0,2008
Sunderland,Manchester City,0–3,1-0-1,1-0-1,2008
Chelsea,Tottenham,1–1,2-0-0,0-0-2,2008
West Brom,West Ham,3–2,0-1-2,2-0-1,2008
Manchester City,Chelsea,1–3,2-0-1,2-1-0,2008
Fulham,Bolton,2–1,1-0-1,1-1-1,2008
Portsmouth,Middlesbrough,2–1,1-0-2,2-0-1,2008
Blackburn,Arsenal,0–4,1-1-1,2-0-1,2008
Newcastle Utd,Hull City,1–2,1-1-1,1-1-1,2008
Wigan Athletic,Sunderland,1–1,1-0-2,1-0-2,2008
Liverpool,Manchester Utd,2–1,2-1-0,1-1-0,2008
Stoke City,Everton,2–3,1-0-2,1-0-2,2008
Tottenham,Aston Villa,1–2,0-1-2,1-1-1,2008
Blackburn,Fulham,1–0,1-1-2,2-0-1,2008
Liverpool,Stoke City,0–0,3-1-0,1-0-3,2008
Sunderland,Middlesbrough,2–0,1-1-2,2-0-2,2008
West Ham,Newcastle Utd,3–1,2-0-2,1-1-2,2008
Bolton,Arsenal,1–3,1-1-2,3-0-1,2008
Tottenham,Wigan Athletic,0–0,0-1-3,1-1-2,2008
Hull City,Everton,2–2,2-1-1,2-0-2,2008
Chelsea,Manchester Utd,1–1,3-1-0,1-1-1,2008
West Brom,Aston Villa,1–2,1-1-2,2-1-1,2008
Manchester City,Portsmouth,6–0,2-0-2,2-0-2,2008
Stoke City,Chelsea,0–2,1-1-3,3-2-0,2008
Newcastle Utd,Blackburn,1–2,1-1-3,2-1-2,2008
Middlesbrough,West Brom,0–1,2-0-3,1-1-3,2008
Manchester Utd,Bolton,2–0,1-2-1,1-1-3,2008
Arsenal,Hull City,1–2,4-0-1,2-2-1,2008
Everton,Liverpool,0–2,2-1-2,3-2-0,2008
Fulham,West Ham,1–2,2-0-2,3-0-2,2008
Aston Villa,Sunderland,2–1,3-1-1,2-1-2,2008
Wigan Athletic,Manchester City,2–1,1-2-2,3-0-2,2008
Portsmouth,Tottenham,2–0,2-0-3,0-2-3,2008
Sunderland,Arsenal,1–1,2-1-3,4-0-2,2008
West Brom,Fulham,1–0,2-1-3,2-0-3,2008
Blackburn,Manchester Utd,0–2,3-1-2,2-2-1,2008
Wigan Athletic,Middlesbrough,0–1,2-2-2,2-0-4,2008
Portsmouth,Stoke City,2–1,3-0-3,1-1-4,2008
Manchester City,Liverpool,2–3,3-0-3,4-2-0,2008
Everton,Newcastle Utd,2–2,2-1-3,1-1-4,2008
Tottenham,Hull City,0–1,0-2-4,3-2-1,2008
West Ham,Bolton,1–3,4-0-2,1-1-4,2008
Chelsea,Aston Villa,2–0,4-2-0,4-1-1,2008
Middlesbrough,Chelsea,0–5,3-0-4,5-2-0,2008
Fulham,Sunderland,0–0,2-0-4,2-2-3,2008
Arsenal,Everton,3–1,4-1-2,2-2-3,2008
Bolton,Blackburn,0–0,2-1-4,3-1-3,2008
Liverpool,Wigan Athletic,3–2,5-2-0,2-2-3,2008
Aston Villa,Portsmouth,0–0,4-1-2,4-0-3,2008
Manchester Utd,West Brom,4–0,3-2-1,3-1-3,2008
Hull City,West Ham,1–0,4-2-1,4-0-3,2008
Stoke City,Tottenham,2–1,1-1-5,0-2-5,2008
Newcastle Utd,Manchester City,2–2,1-2-4,3-0-4,2008
West Brom,Hull City,0–3,3-1-4,5-2-1,2008
Sunderland,Newcastle Utd,2–1,2-3-3,1-3-4,2008
Everton,Manchester Utd,1–1,2-2-4,4-2-1,2008
Blackburn,Middlesbrough,1–1,3-2-3,3-0-5,2008
Chelsea,Liverpool,0–1,6-2-0,6-2-0,2008
Tottenham,Bolton,2–0,0-2-6,2-2-4,2008
Wigan Athletic,Aston Villa,0–4,2-2-4,4-2-2,2008
West Ham,Arsenal,0–2,4-0-4,5-1-2,2008
Manchester City,Stoke City,3–0,3-1-4,2-1-5,2008
Portsmouth,Fulham,1–1,4-1-3,2-1-4,2008
Newcastle Utd,West Brom,2–1,1-3-5,3-1-5,2008
Arsenal,Tottenham,4–4,6-1-2,1-2-6,2008
Hull City,Chelsea,0–3,6-2-1,6-2-1,2008
Aston Villa,Blackburn,3–2,5-2-2,3-3-3,2008
Liverpool,Portsmouth,1–0,7-2-0,4-2-3,2008
Manchester Utd,West Ham,2–0,4-3-1,4-0-5,2008
Stoke City,Sunderland,1–0,2-1-6,3-3-3,2008
Bolton,Everton,0–1,2-2-5,2-3-4,2008
Middlesbrough,Manchester City,2–0,3-1-5,4-1-4,2008
Fulham,Wigan Athletic,2–0,2-2-4,2-2-5,2008
Manchester Utd,Hull City,4–3,5-3-1,6-2-2,2008
Stoke City,Arsenal,2–1,3-1-6,6-2-2,2008
West Brom,Blackburn,2–2,3-1-6,3-3-4,2008
Everton,Fulham,1–0,3-3-4,3-2-4,2008
Tottenham,Liverpool,2–1,1-3-6,8-2-0,2008
Middlesbrough,West Ham,1–1,4-1-5,4-0-6,2008
Chelsea,Sunderland,5–0,7-2-1,3-3-4,2008
Portsmouth,Wigan Athletic,1–2,4-2-4,2-2-6,2008
Bolton,Manchester City,2–0,2-2-6,4-1-5,2008
Newcastle Utd,Aston Villa,2–0,2-3-5,6-2-2,2008
Hull City,Bolton,0–1,6-2-3,3-2-6,2008
Wigan Athletic,Stoke City,0–0,3-2-6,4-1-6,2008
Arsenal,Manchester Utd,2–1,6-2-3,6-3-1,2008
Liverpool,West Brom,3–0,8-2-1,3-2-6,2008
Sunderland,Portsmouth,1–2,3-3-5,4-2-5,2008
West Ham,Everton,1–3,4-1-6,4-3-4,2008
Fulham,Newcastle Utd,2–1,3-2-5,3-3-5,2008
Blackburn,Chelsea,0–2,3-4-4,8-2-1,2008
Aston Villa,Middlesbrough,1–2,6-2-3,4-2-5,2008
Manchester City,Tottenham,1–2,4-1-6,2-3-6,2008
Fulham,Tottenham,2–1,4-2-5,3-3-6,2008
Arsenal,Aston Villa,0–2,7-2-3,6-2-4,2008
West Brom,Chelsea,0–3,3-2-7,9-2-1,2008
Newcastle Utd,Wigan Athletic,2–2,3-3-6,3-3-6,2008
Manchester Utd,Stoke City,5–0,6-3-2,4-2-6,2008
Blackburn,Sunderland,1–2,3-4-5,3-3-6,2008
West Ham,Portsmouth,0–0,4-1-7,5-2-5,2008
Bolton,Liverpool,0–2,4-2-6,9-2-1,2008
Everton,Middlesbrough,1–1,5-3-4,5-2-5,2008
Hull City,Manchester City,2–2,6-2-4,4-1-7,2008
Manchester City,Arsenal,3–0,4-2-7,7-2-4,2008
Stoke City,West Brom,1–0,4-2-7,3-2-8,2008
Chelsea,Newcastle Utd,0–0,10-2-1,3-4-6,2008
Aston Villa,Manchester Utd,0–0,7-2-4,7-3-2,2008
Middlesbrough,Bolton,1–3,5-3-5,4-2-7,2008
Portsmouth,Hull City,2–2,5-3-5,6-3-4,2008
Liverpool,Fulham,0–0,10-2-1,5-2-5,2008
Sunderland,West Ham,0–1,4-3-6,4-2-7,2008
Tottenham,Blackburn,1–0,3-3-7,3-4-6,2008
Wigan Athletic,Everton,1–0,3-4-6,5-4-4,2008
Middlesbrough,Newcastle Utd,0–0,5-3-6,3-5-6,2008
Sunderland,Bolton,1–4,4-3-7,5-2-7,2008
Stoke City,Hull City,1–1,5-2-7,6-4-4,2008
Wigan Athletic,West Brom,2–1,4-4-6,3-2-9,2008
Aston Villa,Fulham,0–0,7-3-4,5-3-5,2008
Manchester City,Manchester Utd,0–1,5-2-7,7-4-2,2008
Portsmouth,Blackburn,3–2,5-4-5,3-4-7,2008
Tottenham,Everton,0–1,4-3-7,5-4-5,2008
Chelsea,Arsenal,1–2,10-3-1,7-2-5,2008
Liverpool,West Ham,0–0,10-3-1,5-2-7,2008
Blackburn,Liverpool,1–3,3-4-8,10-4-1,2008
Newcastle Utd,Stoke City,2–2,3-6-6,5-3-7,2008
Hull City,Middlesbrough,2–1,6-5-4,5-4-6,2008
Arsenal,Wigan Athletic,1–0,8-2-5,5-4-6,2008
Manchester Utd,Sunderland,1–0,8-4-2,4-3-8,2008
Bolton,Chelsea,0–2,6-2-7,10-3-2,2008
Fulham,Manchester City,1–1,5-4-5,5-2-8,2008
Everton,Aston Villa,2–3,6-4-5,7-4-4,2008
West Brom,Portsmouth,1–1,3-2-10,6-4-5,2008
West Ham,Tottenham,0–2,5-3-7,4-3-8,2008
Manchester City,Everton,0–1,5-3-8,6-4-6,2008
Wigan Athletic,Blackburn,3–0,5-4-7,3-4-9,2008
Aston Villa,Bolton,4–2,8-4-4,6-2-8,2008
Liverpool,Hull City,2–2,11-4-1,7-5-4,2008
Tottenham,Manchester Utd,0–0,5-3-8,9-4-2,2008
Middlesbrough,Arsenal,1–1,5-4-7,9-2-5,2008
Stoke City,Fulham,0–0,5-4-7,5-5-5,2008
Sunderland,West Brom,4–0,4-3-9,3-3-10,2008
Portsmouth,Newcastle Utd,0–3,6-5-5,3-7-6,2008
Chelsea,West Ham,1–1,11-3-2,5-3-8,2008
West Ham,Aston Villa,0–1,5-4-8,9-4-4,2008
Hull City,Sunderland,1–4,7-6-4,5-3-9,2008
Blackburn,Stoke City,3–0,3-4-10,5-5-7,2008
Bolton,Portsmouth,2–1,6-2-9,6-5-6,2008
Fulham,Middlesbrough,3–0,5-6-5,5-5-7,2008
West Brom,Manchester City,2–1,3-3-11,5-3-9,2008
Newcastle Utd,Tottenham,2–1,4-7-6,5-4-8,2008
Arsenal,Liverpool,1–1,9-3-5,11-5-1,2008
Everton,Chelsea,0–0,7-4-6,11-4-2,2008
Liverpool,Bolton,3–0,11-6-1,7-2-9,2008
Aston Villa,Arsenal,2–2,10-4-4,9-4-5,2008
Sunderland,Blackburn,0–0,6-3-9,4-4-10,2008
Stoke City,Manchester Utd,0–1,5-5-8,9-5-2,2008
Tottenham,Fulham,0–0,5-4-9,6-6-5,2008
Wigan Athletic,Newcastle Utd,2–1,6-4-7,5-7-6,2008
Portsmouth,West Ham,1–4,6-5-7,5-4-9,2008
Chelsea,West Brom,2–0,11-5-2,4-3-11,2008
Middlesbrough,Everton,0–1,5-5-8,7-5-6,2008
Manchester City,Hull City,5–1,5-3-10,7-6-5,2008
Bolton,Wigan Athletic,0–1,7-2-10,7-4-7,2008
Blackburn,Manchester City,2–2,4-5-10,6-3-10,2008
West Brom,Tottenham,2–0,4-3-12,5-5-9,2008
Newcastle Utd,Liverpool,1–5,5-7-7,12-6-1,2008
Fulham,Chelsea,2–2,6-7-5,12-5-2,2008
Everton,Sunderland,3–0,8-5-6,6-4-9,2008
Arsenal,Portsmouth,1–0,9-5-5,6-5-8,2008
West Ham,Stoke City,2–1,6-4-9,5-5-9,2008
Manchester Utd,Middlesbrough,1–0,10-5-2,5-5-9,2008
Hull City,Aston Villa,0–1,7-6-6,10-5-4,2008
Newcastle Utd,West Ham,2–2,5-7-8,7-4-9,2008
Middlesbrough,Sunderland,1–1,5-5-10,6-4-10,2008
Aston Villa,West Brom,2–1,11-5-4,5-3-12,2008
Arsenal,Bolton,1–0,10-5-5,7-2-11,2008
Everton,Hull City,2–0,9-5-6,7-6-7,2008
Stoke City,Liverpool,0–0,5-5-10,13-6-1,2008
Manchester Utd,Chelsea,3–0,11-5-2,12-6-2,2008
Wigan Athletic,Tottenham,1–0,8-4-7,5-5-10,2008
Manchester Utd,Wigan Athletic,1–0,12-5-2,9-4-7,2008
West Brom,Middlesbrough,3–0,5-3-13,5-6-10,2008
Manchester City,Wigan Athletic,1–0,6-4-10,9-4-8,2008
Bolton,Manchester Utd,0–1,7-2-12,13-5-2,2008
Blackburn,Newcastle Utd,3–0,4-6-10,5-8-8,2008
Sunderland,Aston Villa,1–2,6-5-10,12-5-4,2008
Hull City,Arsenal,1–3,7-6-8,11-5-5,2008
Chelsea,Stoke City,2–1,12-6-3,5-6-10,2008
West Ham,Fulham,3–1,7-5-9,6-8-5,2008
Tottenham,Portsmouth,1–1,5-5-11,6-5-9,2008
Liverpool,Everton,1–1,13-7-1,10-5-6,2008
Sunderland,Fulham,1–0,6-5-11,6-8-6,2008
Tottenham,Stoke City,3–1,5-6-11,5-6-11,2008
West Brom,Manchester Utd,0–5,6-3-13,14-5-2,2008
Portsmouth,Aston Villa,0–1,6-6-9,13-5-4,2008
Wigan Athletic,Liverpool,1–1,9-4-9,13-8-1,2008
Blackburn,Bolton,2–2,5-6-10,7-2-13,2008
Chelsea,Middlesbrough,2–0,13-6-3,5-6-11,2008
West Ham,Hull City,2–0,8-5-9,7-6-9,2008
Manchester City,Newcastle Utd,2–1,7-4-10,5-8-9,2008
Everton,Arsenal,1–1,10-6-6,12-5-5,2008
Middlesbrough,Blackburn,0–0,5-6-12,5-7-10,2008
Bolton,Tottenham,3–2,7-3-13,6-6-11,2008
Aston Villa,Wigan Athletic,0–0,14-5-4,9-5-9,2008
Hull City,West Brom,2–2,7-6-10,6-3-14,2008
Manchester Utd,Everton,1–0,15-5-2,10-7-6,2008
Stoke City,Manchester City,1–0,5-6-12,8-4-10,2008
Fulham,Portsmouth,3–1,6-8-7,6-6-10,2008
Arsenal,West Ham,0–0,12-6-5,9-5-9,2008
Newcastle Utd,Sunderland,1–1,5-8-10,7-5-11,2008
Liverpool,Chelsea,2–0,13-9-1,14-6-3,2008
Chelsea,Hull City,0–0,14-6-4,7-7-10,2008
Portsmouth,Liverpool,2–3,6-6-11,14-9-1,2008
Everton,Bolton,3–0,10-7-7,8-3-13,2008
Sunderland,Stoke City,2–0,7-6-11,6-6-12,2008
Blackburn,Aston Villa,0–2,5-8-10,14-6-4,2008
Manchester City,Middlesbrough,1–0,8-4-11,5-7-12,2008
Wigan Athletic,Fulham,0–0,9-6-9,7-8-7,2008
West Brom,Newcastle Utd,2–3,6-4-14,5-9-10,2008
West Ham,Manchester Utd,0–1,9-6-9,16-5-2,2008
Tottenham,Arsenal,0–0,6-6-12,12-7-5,2008
Portsmouth,Manchester City,2–0,6-6-12,9-4-11,2008
Manchester Utd,Fulham,3–0,17-5-2,7-9-7,2008
Manchester Utd,Blackburn,2–1,18-5-2,5-8-11,2008
Middlesbrough,Wigan Athletic,0–0,5-7-13,9-7-9,2008
Bolton,West Ham,2–1,8-3-14,9-6-10,2008
Stoke City,Portsmouth,2–2,6-6-13,7-6-12,2008
Arsenal,Sunderland,0–0,12-8-5,8-6-11,2008
Aston Villa,Chelsea,0–1,15-6-4,14-7-4,2008
Newcastle Utd,Everton,0–0,6-9-10,11-7-7,2008
Liverpool,Manchester City,1–1,15-9-1,9-4-12,2008
Fulham,West Brom,2–0,7-9-8,6-4-15,2008
Hull City,Tottenham,1–2,7-8-10,6-7-12,2008
Chelsea,Wigan Athletic,2–1,15-7-4,9-8-9,2008
Everton,West Brom,2–0,11-8-7,6-4-16,2008
Arsenal,Fulham,0–0,12-9-5,8-9-8,2008
Middlesbrough,Liverpool,2–0,5-8-13,15-10-1,2008
Hull City,Blackburn,1–2,7-8-11,5-8-12,2008
West Ham,Manchester City,1–0,9-6-11,9-5-12,2008
Bolton,Newcastle Utd,1–0,9-3-14,6-10-10,2008
Aston Villa,Stoke City,2–2,15-6-5,6-7-13,2008
Portsmouth,Chelsea,0–1,7-7-12,16-7-4,2008
West Brom,Arsenal,1–3,6-4-17,12-10-5,2008
Liverpool,Sunderland,2–0,15-10-2,8-7-11,2008
Blackburn,Everton,0–0,6-8-12,12-8-7,2008
Manchester City,Aston Villa,2–0,9-5-13,15-7-5,2008
Newcastle Utd,Manchester Utd,1–2,6-10-11,19-5-2,2008
Fulham,Hull City,0–1,8-10-8,7-8-12,2008
Wigan Athletic,West Ham,0–1,9-8-10,10-6-11,2008
Tottenham,Middlesbrough,4–0,7-7-12,6-8-13,2008
Stoke City,Bolton,2–0,6-8-13,10-3-14,2008
Sunderland,Tottenham,1–1,8-7-12,8-7-12,2008
Fulham,Blackburn,1–2,8-10-9,6-9-12,2008
Arsenal,Blackburn,4–0,13-10-5,7-9-12,2008
Hull City,Newcastle Utd,1–1,8-8-12,6-10-12,2008
Bolton,Fulham,1–3,10-3-15,8-10-10,2008
Middlesbrough,Portsmouth,1–1,6-8-14,7-7-13,2008
Sunderland,Wigan Athletic,1–2,8-8-12,9-8-11,2008
Everton,Stoke City,3–1,12-9-7,7-8-13,2008
Manchester Utd,Liverpool,1–4,20-5-2,16-10-2,2008
Aston Villa,Tottenham,1–2,15-7-6,8-8-12,2008
Chelsea,Manchester City,1–0,17-7-4,10-5-13,2008
West Ham,West Brom,0–0,11-6-11,6-4-18,2008
Fulham,Manchester Utd,2–0,9-10-10,20-5-3,2008
Portsmouth,Everton,2–1,7-8-13,13-9-7,2008
Tottenham,Chelsea,1–0,9-8-12,18-7-4,2008
Stoke City,Middlesbrough,1–0,7-8-14,6-9-14,2008
Newcastle Utd,Arsenal,1–3,6-11-12,14-10-5,2008
Blackburn,West Ham,1–1,7-9-13,11-7-11,2008
West Brom,Bolton,1–1,6-5-18,10-3-16,2008
Liverpool,Aston Villa,5–0,17-10-2,15-7-7,2008
Wigan Athletic,Hull City,1–0,10-8-11,8-9-12,2008
Manchester City,Sunderland,1–0,10-5-14,8-8-13,2008
Fulham,Liverpool,0–1,10-10-10,18-10-2,2008
Blackburn,Tottenham,2–1,7-10-13,10-8-12,2008
Newcastle Utd,Chelsea,0–2,6-11-13,18-7-5,2008
Hull City,Portsmouth,0–0,8-9-13,8-8-13,2008
Bolton,Middlesbrough,4–1,10-4-16,6-9-15,2008
West Ham,Sunderland,2–0,11-8-11,8-8-14,2008
Arsenal,Manchester City,2–0,15-10-5,11-5-14,2008
West Brom,Stoke City,0–2,6-6-18,8-8-14,2008
Manchester Utd,Aston Villa,3–2,20-5-4,15-7-8,2008
Everton,Wigan Athletic,4–0,13-9-8,11-8-11,2008
Stoke City,Newcastle Utd,1–1,9-8-14,6-11-14,2008
Tottenham,West Ham,1–0,10-8-13,12-8-11,2008
Liverpool,Blackburn,4–0,19-10-2,8-10-13,2008
Sunderland,Manchester Utd,1–2,8-8-15,21-5-4,2008
Middlesbrough,Hull City,3–1,6-9-16,8-10-13,2008
Portsmouth,West Brom,2–2,8-9-13,6-6-19,2008
Chelsea,Bolton,4–3,19-7-5,11-4-16,2008
Wigan Athletic,Arsenal,1–4,11-8-12,16-10-5,2008
Aston Villa,Everton,3–3,15-7-9,14-9-8,2008
Manchester City,Fulham,1–3,11-5-15,10-10-11,2008
Stoke City,Blackburn,1–0,9-9-14,8-10-14,2008
Portsmouth,Bolton,1–0,8-10-13,11-4-17,2008
Sunderland,Hull City,1–0,8-8-16,8-10-14,2008
Middlesbrough,Fulham,0–0,7-9-16,11-10-11,2008
Aston Villa,West Ham,1–1,15-8-9,12-8-12,2008
Tottenham,Newcastle Utd,1–0,11-8-13,6-12-14,2008
Manchester City,West Brom,4–2,11-5-16,6-7-19,2008
Liverpool,Arsenal,4–4,20-10-2,17-10-5,2008
Manchester Utd,Portsmouth,2–0,22-5-4,9-10-13,2008
Chelsea,Everton,0–0,20-7-5,14-10-8,2008
Hull City,Liverpool,1–3,8-10-15,20-11-2,2008
Fulham,Stoke City,1–0,11-11-11,10-9-14,2008
Manchester Utd,Tottenham,5–2,23-5-4,12-8-13,2008
West Ham,Chelsea,0–1,12-9-12,20-8-5,2008
Everton,Manchester City,1–2,14-11-8,12-5-16,2008
Bolton,Aston Villa,1–1,11-4-18,15-9-9,2008
West Brom,Sunderland,3–0,6-7-20,9-8-16,2008
Blackburn,Wigan Athletic,2–0,8-10-15,11-8-13,2008
Arsenal,Middlesbrough,2–0,17-11-5,7-10-16,2008
Newcastle Utd,Portsmouth,0–0,6-12-15,9-10-14,2008
Tottenham,West Brom,1–0,12-8-14,7-7-20,2008
Middlesbrough,Manchester Utd,0–2,7-10-17,24-5-4,2008
Wigan Athletic,Bolton,0–0,11-8-14,11-5-18,2008
Chelsea,Fulham,3–1,21-8-5,12-11-11,2008
Portsmouth,Arsenal,0–3,9-11-14,18-11-5,2008
Manchester City,Blackburn,3–1,13-5-16,9-10-15,2008
Stoke City,West Ham,0–1,10-9-15,12-9-13,2008
Liverpool,Newcastle Utd,3–0,21-11-2,6-13-15,2008
Sunderland,Everton,0–2,9-8-17,14-11-9,2008
Aston Villa,Hull City,1–0,15-10-9,8-10-16,2008
Fulham,Aston Villa,3–1,12-11-12,16-10-9,2008
West Brom,Wigan Athletic,3–1,7-7-21,11-9-14,2008
West Ham,Liverpool,0–3,13-9-13,22-11-2,2008
Blackburn,Portsmouth,2–0,9-10-16,9-11-15,2008
Everton,Tottenham,0–0,15-11-9,13-8-14,2008
Bolton,Sunderland,0–0,11-6-18,9-8-18,2008
Hull City,Stoke City,1–2,8-10-17,10-9-16,2008
Manchester Utd,Manchester City,2–0,25-5-4,14-5-16,2008
Arsenal,Chelsea,1–4,19-11-5,22-8-5,2008
Newcastle Utd,Middlesbrough,3–1,6-13-16,7-10-18,2008
Wigan Athletic,Manchester Utd,1–2,11-9-15,26-5-4,2008
Bolton,Hull City,1–1,11-7-18,8-10-18,2008
Everton,West Ham,3–1,15-12-9,13-9-14,2008
Tottenham,Manchester City,2–1,13-9-14,14-5-17,2008
Middlesbrough,Aston Villa,1–1,7-10-19,16-10-10,2008
Newcastle Utd,Fulham,0–1,7-13-16,13-11-12,2008
Stoke City,Wigan Athletic,2–0,11-9-16,11-9-16,2008
Manchester Utd,Arsenal,0–0,27-5-4,19-11-6,2008
West Brom,Liverpool,0–2,8-7-21,23-11-2,2008
Chelsea,Blackburn,2–0,23-8-5,10-10-16,2008
Portsmouth,Sunderland,3–1,9-11-16,9-9-18,2008
Wigan Athletic,Portsmouth,1–0,11-9-17,10-11-16,2008
West Ham,Middlesbrough,2–1,13-9-15,7-11-19,2008
Aston Villa,Newcastle Utd,1–0,16-11-10,7-13-17,2008
Manchester City,Bolton,1–0,14-5-18,11-8-18,2008
Hull City,Manchester Utd,0–1,8-11-18,27-6-4,2008
Fulham,Everton,0–2,14-11-12,16-12-9,2008
Blackburn,West Brom,0–0,10-10-17,8-7-22,2008
Arsenal,Stoke City,4–1,19-12-6,12-9-16,2008
Sunderland,Chelsea,2–3,9-9-19,24-8-5,2008
Liverpool,Tottenham,3–1,24-11-2,14-9-14,2008
